wavelength_nm,cross_section_cm2,source
50.006314,2.464e-17,O2_Holland(1993)_298K_49-103nm.txt
50.016242,2.449e-17,O2_Holland(1993)_298K_49-103nm.txt
50.026169,2.453e-17,O2_Holland(1993)_298K_49-103nm.txt
50.036093,2.457e-17,O2_Holland(1993)_298K_49-103nm.txt
50.04602,2.474e-17,O2_Holland(1993)_298K_49-103nm.txt
50.055942,2.468e-17,O2_Holland(1993)_298K_49-103nm.txt
50.065869,2.47e-17,O2_Holland(1993)_298K_49-103nm.txt
50.075793,2.457e-17,O2_Holland(1993)_298K_49-103nm.txt
50.085721,2.455e-17,O2_Holland(1993)_298K_49-103nm.txt
50.095648,2.457e-17,O2_Holland(1993)_298K_49-103nm.txt
50.10557,2.463e-17,O2_Holland(1993)_298K_49-103nm.txt
50.115497,2.454e-17,O2_Holland(1993)_298K_49-103nm.txt
50.125421,2.467e-17,O2_Holland(1993)_298K_49-103nm.txt
50.135348,2.478e-17,O2_Holland(1993)_298K_49-103nm.txt
50.145276,2.473e-17,O2_Holland(1993)_298K_49-103nm.txt
50.155197,2.465e-17,O2_Holland(1993)_298K_49-103nm.txt
50.165125,2.467e-17,O2_Holland(1993)_298K_49-103nm.txt
50.175049,2.478e-17,O2_Holland(1993)_298K_49-103nm.txt
50.184976,2.481e-17,O2_Holland(1993)_298K_49-103nm.txt
50.194901,2.466e-17,O2_Holland(1993)_298K_49-103nm.txt
50.204825,2.473e-17,O2_Holland(1993)_298K_49-103nm.txt
50.214752,2.47e-17,O2_Holland(1993)_298K_49-103nm.txt
50.224676,2.463e-17,O2_Holland(1993)_298K_49-103nm.txt
50.234604,2.472e-17,O2_Holland(1993)_298K_49-103nm.txt
50.244528,2.479e-17,O2_Holland(1993)_298K_49-103nm.txt
50.254453,2.472e-17,O2_Holland(1993)_298K_49-103nm.txt
50.264377,2.471e-17,O2_Holland(1993)_298K_49-103nm.txt
50.274304,2.471e-17,O2_Holland(1993)_298K_49-103nm.txt
50.284232,2.485e-17,O2_Holland(1993)_298K_49-103nm.txt
50.294156,2.482e-17,O2_Holland(1993)_298K_49-103nm.txt
50.30408,2.486e-17,O2_Holland(1993)_298K_49-103nm.txt
50.314004,2.478e-17,O2_Holland(1993)_298K_49-103nm.txt
50.323932,2.493e-17,O2_Holland(1993)_298K_49-103nm.txt
50.333856,2.482e-17,O2_Holland(1993)_298K_49-103nm.txt
50.343784,2.489e-17,O2_Holland(1993)_298K_49-103nm.txt
50.353708,2.467e-17,O2_Holland(1993)_298K_49-103nm.txt
50.363632,2.476e-17,O2_Holland(1993)_298K_49-103nm.txt
50.37356,2.474e-17,O2_Holland(1993)_298K_49-103nm.txt
50.383484,2.478e-17,O2_Holland(1993)_298K_49-103nm.txt
50.393411,2.479e-17,O2_Holland(1993)_298K_49-103nm.txt
50.403332,2.482e-17,O2_Holland(1993)_298K_49-103nm.txt
50.41326,2.475e-17,O2_Holland(1993)_298K_49-103nm.txt
50.423187,2.473e-17,O2_Holland(1993)_298K_49-103nm.txt
50.433112,2.482e-17,O2_Holland(1993)_298K_49-103nm.txt
50.443039,2.489e-17,O2_Holland(1993)_298K_49-103nm.txt
50.45296,2.497e-17,O2_Holland(1993)_298K_49-103nm.txt
50.462888,2.49e-17,O2_Holland(1993)_298K_49-103nm.txt
50.472812,2.487e-17,O2_Holland(1993)_298K_49-103nm.txt
50.482739,2.479e-17,O2_Holland(1993)_298K_49-103nm.txt
50.492667,2.487e-17,O2_Holland(1993)_298K_49-103nm.txt
50.502588,2.478e-17,O2_Holland(1993)_298K_49-103nm.txt
50.512515,2.477e-17,O2_Holland(1993)_298K_49-103nm.txt
50.52244,2.478e-17,O2_Holland(1993)_298K_49-103nm.txt
50.532367,2.49e-17,O2_Holland(1993)_298K_49-103nm.txt
50.542294,2.5e-17,O2_Holland(1993)_298K_49-103nm.txt
50.552216,2.508e-17,O2_Holland(1993)_298K_49-103nm.txt
50.562143,2.502e-17,O2_Holland(1993)_298K_49-103nm.txt
50.572067,2.502e-17,O2_Holland(1993)_298K_49-103nm.txt
50.581995,2.497e-17,O2_Holland(1993)_298K_49-103nm.txt
50.591919,2.495e-17,O2_Holland(1993)_298K_49-103nm.txt
50.601843,2.491e-17,O2_Holland(1993)_298K_49-103nm.txt
50.611771,2.488e-17,O2_Holland(1993)_298K_49-103nm.txt
50.621695,2.486e-17,O2_Holland(1993)_298K_49-103nm.txt
50.631622,2.488e-17,O2_Holland(1993)_298K_49-103nm.txt
50.641547,2.485e-17,O2_Holland(1993)_298K_49-103nm.txt
50.651471,2.494e-17,O2_Holland(1993)_298K_49-103nm.txt
50.661395,2.497e-17,O2_Holland(1993)_298K_49-103nm.txt
50.671323,2.498e-17,O2_Holland(1993)_298K_49-103nm.txt
50.68125,2.526e-17,O2_Holland(1993)_298K_49-103nm.txt
50.691174,2.529e-17,O2_Holland(1993)_298K_49-103nm.txt
50.701099,2.541e-17,O2_Holland(1993)_298K_49-103nm.txt
50.711023,2.531e-17,O2_Holland(1993)_298K_49-103nm.txt
50.72095,2.508e-17,O2_Holland(1993)_298K_49-103nm.txt
50.730875,2.51e-17,O2_Holland(1993)_298K_49-103nm.txt
50.740802,2.507e-17,O2_Holland(1993)_298K_49-103nm.txt
50.750726,2.502e-17,O2_Holland(1993)_298K_49-103nm.txt
50.760651,2.498e-17,O2_Holland(1993)_298K_49-103nm.txt
50.770578,2.502e-17,O2_Holland(1993)_298K_49-103nm.txt
50.780502,2.51e-17,O2_Holland(1993)_298K_49-103nm.txt
50.79043,2.504e-17,O2_Holland(1993)_298K_49-103nm.txt
50.800351,2.509e-17,O2_Holland(1993)_298K_49-103nm.txt
50.810278,2.498e-17,O2_Holland(1993)_298K_49-103nm.txt
50.820206,2.491e-17,O2_Holland(1993)_298K_49-103nm.txt
50.83013,2.483e-17,O2_Holland(1993)_298K_49-103nm.txt
50.840057,2.489e-17,O2_Holland(1993)_298K_49-103nm.txt
50.849979,2.499e-17,O2_Holland(1993)_298K_49-103nm.txt
50.859906,2.513e-17,O2_Holland(1993)_298K_49-103nm.txt
50.869833,2.513e-17,O2_Holland(1993)_298K_49-103nm.txt
50.879758,2.52e-17,O2_Holland(1993)_298K_49-103nm.txt
50.889685,2.529e-17,O2_Holland(1993)_298K_49-103nm.txt
50.899606,2.54e-17,O2_Holland(1993)_298K_49-103nm.txt
50.909534,2.547e-17,O2_Holland(1993)_298K_49-103nm.txt
50.919458,2.547e-17,O2_Holland(1993)_298K_49-103nm.txt
50.929385,2.557e-17,O2_Holland(1993)_298K_49-103nm.txt
50.939313,2.562e-17,O2_Holland(1993)_298K_49-103nm.txt
50.949234,2.565e-17,O2_Holland(1993)_298K_49-103nm.txt
50.959161,2.543e-17,O2_Holland(1993)_298K_49-103nm.txt
50.969086,2.516e-17,O2_Holland(1993)_298K_49-103nm.txt
50.979013,2.491e-17,O2_Holland(1993)_298K_49-103nm.txt
50.988937,2.482e-17,O2_Holland(1993)_298K_49-103nm.txt
50.998862,2.476e-17,O2_Holland(1993)_298K_49-103nm.txt
51.008789,2.489e-17,O2_Holland(1993)_298K_49-103nm.txt
51.018713,2.489e-17,O2_Holland(1993)_298K_49-103nm.txt
51.028641,2.483e-17,O2_Holland(1993)_298K_49-103nm.txt
51.038565,2.477e-17,O2_Holland(1993)_298K_49-103nm.txt
51.048489,2.473e-17,O2_Holland(1993)_298K_49-103nm.txt
51.058414,2.505e-17,O2_Holland(1993)_298K_49-103nm.txt
51.068341,2.531e-17,O2_Holland(1993)_298K_49-103nm.txt
51.078268,2.577e-17,O2_Holland(1993)_298K_49-103nm.txt
51.088193,2.611e-17,O2_Holland(1993)_298K_49-103nm.txt
51.098117,2.599e-17,O2_Holland(1993)_298K_49-103nm.txt
51.108041,2.572e-17,O2_Holland(1993)_298K_49-103nm.txt
51.117969,2.541e-17,O2_Holland(1993)_298K_49-103nm.txt
51.127893,2.517e-17,O2_Holland(1993)_298K_49-103nm.txt
51.13782,2.496e-17,O2_Holland(1993)_298K_49-103nm.txt
51.147745,2.49e-17,O2_Holland(1993)_298K_49-103nm.txt
51.157669,2.491e-17,O2_Holland(1993)_298K_49-103nm.txt
51.167596,2.497e-17,O2_Holland(1993)_298K_49-103nm.txt
51.177521,2.483e-17,O2_Holland(1993)_298K_49-103nm.txt
51.187448,2.47e-17,O2_Holland(1993)_298K_49-103nm.txt
51.197372,2.455e-17,O2_Holland(1993)_298K_49-103nm.txt
51.2073,2.467e-17,O2_Holland(1993)_298K_49-103nm.txt
51.217224,2.479e-17,O2_Holland(1993)_298K_49-103nm.txt
51.227148,2.493e-17,O2_Holland(1993)_298K_49-103nm.txt
51.237079,2.503e-17,O2_Holland(1993)_298K_49-103nm.txt
51.246997,2.501e-17,O2_Holland(1993)_298K_49-103nm.txt
51.256927,2.52e-17,O2_Holland(1993)_298K_49-103nm.txt
51.266852,2.571e-17,O2_Holland(1993)_298K_49-103nm.txt
51.276776,2.628e-17,O2_Holland(1993)_298K_49-103nm.txt
51.286707,2.704e-17,O2_Holland(1993)_298K_49-103nm.txt
51.296625,2.743e-17,O2_Holland(1993)_298K_49-103nm.txt
51.306555,2.764e-17,O2_Holland(1993)_298K_49-103nm.txt
51.31648,2.743e-17,O2_Holland(1993)_298K_49-103nm.txt
51.326404,2.694e-17,O2_Holland(1993)_298K_49-103nm.txt
51.336334,2.613e-17,O2_Holland(1993)_298K_49-103nm.txt
51.346252,2.547e-17,O2_Holland(1993)_298K_49-103nm.txt
51.356183,2.488e-17,O2_Holland(1993)_298K_49-103nm.txt
51.366107,2.455e-17,O2_Holland(1993)_298K_49-103nm.txt
51.376031,2.46e-17,O2_Holland(1993)_298K_49-103nm.txt
51.385956,2.467e-17,O2_Holland(1993)_298K_49-103nm.txt
51.39588,2.488e-17,O2_Holland(1993)_298K_49-103nm.txt
51.40581,2.494e-17,O2_Holland(1993)_298K_49-103nm.txt
51.415735,2.506e-17,O2_Holland(1993)_298K_49-103nm.txt
51.425659,2.509e-17,O2_Holland(1993)_298K_49-103nm.txt
51.435583,2.505e-17,O2_Holland(1993)_298K_49-103nm.txt
51.445508,2.508e-17,O2_Holland(1993)_298K_49-103nm.txt
51.455432,2.523e-17,O2_Holland(1993)_298K_49-103nm.txt
51.465363,2.517e-17,O2_Holland(1993)_298K_49-103nm.txt
51.475287,2.513e-17,O2_Holland(1993)_298K_49-103nm.txt
51.485211,2.514e-17,O2_Holland(1993)_298K_49-103nm.txt
51.495136,2.51e-17,O2_Holland(1993)_298K_49-103nm.txt
51.50506,2.508e-17,O2_Holland(1993)_298K_49-103nm.txt
51.51499,2.499e-17,O2_Holland(1993)_298K_49-103nm.txt
51.524915,2.489e-17,O2_Holland(1993)_298K_49-103nm.txt
51.534839,2.481e-17,O2_Holland(1993)_298K_49-103nm.txt
51.544763,2.48e-17,O2_Holland(1993)_298K_49-103nm.txt
51.554688,2.471e-17,O2_Holland(1993)_298K_49-103nm.txt
51.564618,2.459e-17,O2_Holland(1993)_298K_49-103nm.txt
51.574542,2.443e-17,O2_Holland(1993)_298K_49-103nm.txt
51.584467,2.421e-17,O2_Holland(1993)_298K_49-103nm.txt
51.594391,2.398e-17,O2_Holland(1993)_298K_49-103nm.txt
51.604315,2.407e-17,O2_Holland(1993)_298K_49-103nm.txt
51.614246,2.455e-17,O2_Holland(1993)_298K_49-103nm.txt
51.62417,2.535e-17,O2_Holland(1993)_298K_49-103nm.txt
51.634094,2.631e-17,O2_Holland(1993)_298K_49-103nm.txt
51.644019,2.695e-17,O2_Holland(1993)_298K_49-103nm.txt
51.653943,2.723e-17,O2_Holland(1993)_298K_49-103nm.txt
51.663873,2.727e-17,O2_Holland(1993)_298K_49-103nm.txt
51.673798,2.72e-17,O2_Holland(1993)_298K_49-103nm.txt
51.683722,2.711e-17,O2_Holland(1993)_298K_49-103nm.txt
51.693646,2.707e-17,O2_Holland(1993)_298K_49-103nm.txt
51.703571,2.699e-17,O2_Holland(1993)_298K_49-103nm.txt
51.713495,2.677e-17,O2_Holland(1993)_298K_49-103nm.txt
51.723425,2.641e-17,O2_Holland(1993)_298K_49-103nm.txt
51.73335,2.577e-17,O2_Holland(1993)_298K_49-103nm.txt
51.743274,2.526e-17,O2_Holland(1993)_298K_49-103nm.txt
51.753198,2.48e-17,O2_Holland(1993)_298K_49-103nm.txt
51.763123,2.455e-17,O2_Holland(1993)_298K_49-103nm.txt
51.773053,2.455e-17,O2_Holland(1993)_298K_49-103nm.txt
51.782977,2.475e-17,O2_Holland(1993)_298K_49-103nm.txt
51.792902,2.475e-17,O2_Holland(1993)_298K_49-103nm.txt
51.802826,2.481e-17,O2_Holland(1993)_298K_49-103nm.txt
51.81275,2.468e-17,O2_Holland(1993)_298K_49-103nm.txt
51.822681,2.452e-17,O2_Holland(1993)_298K_49-103nm.txt
51.832605,2.444e-17,O2_Holland(1993)_298K_49-103nm.txt
51.842529,2.458e-17,O2_Holland(1993)_298K_49-103nm.txt
51.852454,2.482e-17,O2_Holland(1993)_298K_49-103nm.txt
51.862378,2.511e-17,O2_Holland(1993)_298K_49-103nm.txt
51.872308,2.537e-17,O2_Holland(1993)_298K_49-103nm.txt
51.882233,2.572e-17,O2_Holland(1993)_298K_49-103nm.txt
51.892157,2.591e-17,O2_Holland(1993)_298K_49-103nm.txt
51.902081,2.594e-17,O2_Holland(1993)_298K_49-103nm.txt
51.912006,2.602e-17,O2_Holland(1993)_298K_49-103nm.txt
51.921936,2.605e-17,O2_Holland(1993)_298K_49-103nm.txt
51.93186,2.613e-17,O2_Holland(1993)_298K_49-103nm.txt
51.941785,2.612e-17,O2_Holland(1993)_298K_49-103nm.txt
51.951709,2.609e-17,O2_Holland(1993)_298K_49-103nm.txt
51.961633,2.605e-17,O2_Holland(1993)_298K_49-103nm.txt
51.971558,2.611e-17,O2_Holland(1993)_298K_49-103nm.txt
51.981488,2.612e-17,O2_Holland(1993)_298K_49-103nm.txt
51.991412,2.619e-17,O2_Holland(1993)_298K_49-103nm.txt
52.001337,2.626e-17,O2_Holland(1993)_298K_49-103nm.txt
52.011261,2.628e-17,O2_Holland(1993)_298K_49-103nm.txt
52.021185,2.639e-17,O2_Holland(1993)_298K_49-103nm.txt
52.031116,2.651e-17,O2_Holland(1993)_298K_49-103nm.txt
52.041034,2.651e-17,O2_Holland(1993)_298K_49-103nm.txt
52.050964,2.648e-17,O2_Holland(1993)_298K_49-103nm.txt
52.060889,2.617e-17,O2_Holland(1993)_298K_49-103nm.txt
52.070813,2.577e-17,O2_Holland(1993)_298K_49-103nm.txt
52.080743,2.521e-17,O2_Holland(1993)_298K_49-103nm.txt
52.09057,2.467e-17,O2_Holland(1993)_298K_49-103nm.txt
52.100592,2.437e-17,O2_Holland(1993)_298K_49-103nm.txt
52.110419,2.423e-17,O2_Holland(1993)_298K_49-103nm.txt
52.120343,2.427e-17,O2_Holland(1993)_298K_49-103nm.txt
52.130267,2.429e-17,O2_Holland(1993)_298K_49-103nm.txt
52.140192,2.441e-17,O2_Holland(1993)_298K_49-103nm.txt
52.150116,2.441e-17,O2_Holland(1993)_298K_49-103nm.txt
52.160046,2.441e-17,O2_Holland(1993)_298K_49-103nm.txt
52.169971,2.433e-17,O2_Holland(1993)_298K_49-103nm.txt
52.179895,2.439e-17,O2_Holland(1993)_298K_49-103nm.txt
52.189819,2.418e-17,O2_Holland(1993)_298K_49-103nm.txt
52.199744,2.414e-17,O2_Holland(1993)_298K_49-103nm.txt
52.209668,2.398e-17,O2_Holland(1993)_298K_49-103nm.txt
52.219598,2.377e-17,O2_Holland(1993)_298K_49-103nm.txt
52.229523,2.337e-17,O2_Holland(1993)_298K_49-103nm.txt
52.239447,2.312e-17,O2_Holland(1993)_298K_49-103nm.txt
52.249371,2.293e-17,O2_Holland(1993)_298K_49-103nm.txt
52.259296,2.334e-17,O2_Holland(1993)_298K_49-103nm.txt
52.269226,2.435e-17,O2_Holland(1993)_298K_49-103nm.txt
52.27915,2.566e-17,O2_Holland(1993)_298K_49-103nm.txt
52.289075,2.697e-17,O2_Holland(1993)_298K_49-103nm.txt
52.298999,2.769e-17,O2_Holland(1993)_298K_49-103nm.txt
52.308923,2.816e-17,O2_Holland(1993)_298K_49-103nm.txt
52.318854,2.817e-17,O2_Holland(1993)_298K_49-103nm.txt
52.328778,2.803e-17,O2_Holland(1993)_298K_49-103nm.txt
52.338702,2.797e-17,O2_Holland(1993)_298K_49-103nm.txt
52.348627,2.776e-17,O2_Holland(1993)_298K_49-103nm.txt
52.358551,2.751e-17,O2_Holland(1993)_298K_49-103nm.txt
52.368481,2.724e-17,O2_Holland(1993)_298K_49-103nm.txt
52.378406,2.727e-17,O2_Holland(1993)_298K_49-103nm.txt
52.38833,2.72e-17,O2_Holland(1993)_298K_49-103nm.txt
52.398254,2.713e-17,O2_Holland(1993)_298K_49-103nm.txt
52.408179,2.707e-17,O2_Holland(1993)_298K_49-103nm.txt
52.418109,2.711e-17,O2_Holland(1993)_298K_49-103nm.txt
52.428033,2.705e-17,O2_Holland(1993)_298K_49-103nm.txt
52.437958,2.719e-17,O2_Holland(1993)_298K_49-103nm.txt
52.447882,2.732e-17,O2_Holland(1993)_298K_49-103nm.txt
52.457806,2.738e-17,O2_Holland(1993)_298K_49-103nm.txt
52.467731,2.735e-17,O2_Holland(1993)_298K_49-103nm.txt
52.477661,2.713e-17,O2_Holland(1993)_298K_49-103nm.txt
52.487585,2.665e-17,O2_Holland(1993)_298K_49-103nm.txt
52.49751,2.586e-17,O2_Holland(1993)_298K_49-103nm.txt
52.507434,2.508e-17,O2_Holland(1993)_298K_49-103nm.txt
52.517358,2.447e-17,O2_Holland(1993)_298K_49-103nm.txt
52.527289,2.428e-17,O2_Holland(1993)_298K_49-103nm.txt
52.537213,2.438e-17,O2_Holland(1993)_298K_49-103nm.txt
52.547137,2.455e-17,O2_Holland(1993)_298K_49-103nm.txt
52.557062,2.474e-17,O2_Holland(1993)_298K_49-103nm.txt
52.566986,2.494e-17,O2_Holland(1993)_298K_49-103nm.txt
52.576917,2.515e-17,O2_Holland(1993)_298K_49-103nm.txt
52.586841,2.515e-17,O2_Holland(1993)_298K_49-103nm.txt
52.596765,2.526e-17,O2_Holland(1993)_298K_49-103nm.txt
52.60669,2.536e-17,O2_Holland(1993)_298K_49-103nm.txt
52.61662,2.531e-17,O2_Holland(1993)_298K_49-103nm.txt
52.626544,2.538e-17,O2_Holland(1993)_298K_49-103nm.txt
52.636462,2.547e-17,O2_Holland(1993)_298K_49-103nm.txt
52.646393,2.54e-17,O2_Holland(1993)_298K_49-103nm.txt
52.656317,2.544e-17,O2_Holland(1993)_298K_49-103nm.txt
52.666248,2.558e-17,O2_Holland(1993)_298K_49-103nm.txt
52.676166,2.556e-17,O2_Holland(1993)_298K_49-103nm.txt
52.68609,2.554e-17,O2_Holland(1993)_298K_49-103nm.txt
52.69602,2.552e-17,O2_Holland(1993)_298K_49-103nm.txt
52.705945,2.563e-17,O2_Holland(1993)_298K_49-103nm.txt
52.715875,2.552e-17,O2_Holland(1993)_298K_49-103nm.txt
52.725793,2.554e-17,O2_Holland(1993)_298K_49-103nm.txt
52.735718,2.549e-17,O2_Holland(1993)_298K_49-103nm.txt
52.745648,2.548e-17,O2_Holland(1993)_298K_49-103nm.txt
52.755573,2.548e-17,O2_Holland(1993)_298K_49-103nm.txt
52.765503,2.553e-17,O2_Holland(1993)_298K_49-103nm.txt
52.775421,2.549e-17,O2_Holland(1993)_298K_49-103nm.txt
52.785346,2.552e-17,O2_Holland(1993)_298K_49-103nm.txt
52.795276,2.553e-17,O2_Holland(1993)_298K_49-103nm.txt
52.8052,2.56e-17,O2_Holland(1993)_298K_49-103nm.txt
52.815131,2.561e-17,O2_Holland(1993)_298K_49-103nm.txt
52.825049,2.559e-17,O2_Holland(1993)_298K_49-103nm.txt
52.834973,2.548e-17,O2_Holland(1993)_298K_49-103nm.txt
52.844904,2.548e-17,O2_Holland(1993)_298K_49-103nm.txt
52.854828,2.551e-17,O2_Holland(1993)_298K_49-103nm.txt
52.864752,2.55e-17,O2_Holland(1993)_298K_49-103nm.txt
52.874676,2.551e-17,O2_Holland(1993)_298K_49-103nm.txt
52.884601,2.557e-17,O2_Holland(1993)_298K_49-103nm.txt
52.894531,2.555e-17,O2_Holland(1993)_298K_49-103nm.txt
52.904456,2.556e-17,O2_Holland(1993)_298K_49-103nm.txt
52.91438,2.554e-17,O2_Holland(1993)_298K_49-103nm.txt
52.924304,2.551e-17,O2_Holland(1993)_298K_49-103nm.txt
52.934228,2.554e-17,O2_Holland(1993)_298K_49-103nm.txt
52.944159,2.551e-17,O2_Holland(1993)_298K_49-103nm.txt
52.954083,2.556e-17,O2_Holland(1993)_298K_49-103nm.txt
52.964008,2.557e-17,O2_Holland(1993)_298K_49-103nm.txt
52.973932,2.554e-17,O2_Holland(1993)_298K_49-103nm.txt
52.983856,2.549e-17,O2_Holland(1993)_298K_49-103nm.txt
52.993787,2.555e-17,O2_Holland(1993)_298K_49-103nm.txt
53.003705,2.548e-17,O2_Holland(1993)_298K_49-103nm.txt
53.013635,2.549e-17,O2_Holland(1993)_298K_49-103nm.txt
53.02356,2.546e-17,O2_Holland(1993)_298K_49-103nm.txt
53.033484,2.543e-17,O2_Holland(1993)_298K_49-103nm.txt
53.043408,2.54e-17,O2_Holland(1993)_298K_49-103nm.txt
53.053332,2.547e-17,O2_Holland(1993)_298K_49-103nm.txt
53.063263,2.538e-17,O2_Holland(1993)_298K_49-103nm.txt
53.073187,2.533e-17,O2_Holland(1993)_298K_49-103nm.txt
53.083112,2.534e-17,O2_Holland(1993)_298K_49-103nm.txt
53.093036,2.534e-17,O2_Holland(1993)_298K_49-103nm.txt
53.10296,2.53e-17,O2_Holland(1993)_298K_49-103nm.txt
53.112891,2.539e-17,O2_Holland(1993)_298K_49-103nm.txt
53.122815,2.536e-17,O2_Holland(1993)_298K_49-103nm.txt
53.132733,2.536e-17,O2_Holland(1993)_298K_49-103nm.txt
53.142664,2.519e-17,O2_Holland(1993)_298K_49-103nm.txt
53.152588,2.519e-17,O2_Holland(1993)_298K_49-103nm.txt
53.162518,2.511e-17,O2_Holland(1993)_298K_49-103nm.txt
53.172443,2.512e-17,O2_Holland(1993)_298K_49-103nm.txt
53.182361,2.501e-17,O2_Holland(1993)_298K_49-103nm.txt
53.192291,2.502e-17,O2_Holland(1993)_298K_49-103nm.txt
53.202216,2.491e-17,O2_Holland(1993)_298K_49-103nm.txt
53.212146,2.488e-17,O2_Holland(1993)_298K_49-103nm.txt
53.22207,2.48e-17,O2_Holland(1993)_298K_49-103nm.txt
53.231989,2.476e-17,O2_Holland(1993)_298K_49-103nm.txt
53.241919,2.452e-17,O2_Holland(1993)_298K_49-103nm.txt
53.251843,2.448e-17,O2_Holland(1993)_298K_49-103nm.txt
53.261774,2.438e-17,O2_Holland(1993)_298K_49-103nm.txt
53.271692,2.415e-17,O2_Holland(1993)_298K_49-103nm.txt
53.281616,2.406e-17,O2_Holland(1993)_298K_49-103nm.txt
53.291547,2.405e-17,O2_Holland(1993)_298K_49-103nm.txt
53.301471,2.403e-17,O2_Holland(1993)_298K_49-103nm.txt
53.311401,2.406e-17,O2_Holland(1993)_298K_49-103nm.txt
53.32132,2.442e-17,O2_Holland(1993)_298K_49-103nm.txt
53.331244,2.482e-17,O2_Holland(1993)_298K_49-103nm.txt
53.341174,2.513e-17,O2_Holland(1993)_298K_49-103nm.txt
53.351099,2.546e-17,O2_Holland(1993)_298K_49-103nm.txt
53.361029,2.566e-17,O2_Holland(1993)_298K_49-103nm.txt
53.370947,2.588e-17,O2_Holland(1993)_298K_49-103nm.txt
53.380872,2.606e-17,O2_Holland(1993)_298K_49-103nm.txt
53.390802,2.617e-17,O2_Holland(1993)_298K_49-103nm.txt
53.400726,2.621e-17,O2_Holland(1993)_298K_49-103nm.txt
53.410657,2.63e-17,O2_Holland(1993)_298K_49-103nm.txt
53.420575,2.63e-17,O2_Holland(1993)_298K_49-103nm.txt
53.430499,2.622e-17,O2_Holland(1993)_298K_49-103nm.txt
53.44043,2.62e-17,O2_Holland(1993)_298K_49-103nm.txt
53.450354,2.614e-17,O2_Holland(1993)_298K_49-103nm.txt
53.460278,2.612e-17,O2_Holland(1993)_298K_49-103nm.txt
53.470203,2.615e-17,O2_Holland(1993)_298K_49-103nm.txt
53.480127,2.607e-17,O2_Holland(1993)_298K_49-103nm.txt
53.490057,2.599e-17,O2_Holland(1993)_298K_49-103nm.txt
53.499982,2.593e-17,O2_Holland(1993)_298K_49-103nm.txt
53.509906,2.593e-17,O2_Holland(1993)_298K_49-103nm.txt
53.51983,2.591e-17,O2_Holland(1993)_298K_49-103nm.txt
53.529755,2.584e-17,O2_Holland(1993)_298K_49-103nm.txt
53.539685,2.582e-17,O2_Holland(1993)_298K_49-103nm.txt
53.549609,2.57e-17,O2_Holland(1993)_298K_49-103nm.txt
53.559534,2.564e-17,O2_Holland(1993)_298K_49-103nm.txt
53.569458,2.562e-17,O2_Holland(1993)_298K_49-103nm.txt
53.579382,2.556e-17,O2_Holland(1993)_298K_49-103nm.txt
53.589313,2.546e-17,O2_Holland(1993)_298K_49-103nm.txt
53.599231,2.538e-17,O2_Holland(1993)_298K_49-103nm.txt
53.609161,2.53e-17,O2_Holland(1993)_298K_49-103nm.txt
53.619086,2.519e-17,O2_Holland(1993)_298K_49-103nm.txt
53.62901,2.515e-17,O2_Holland(1993)_298K_49-103nm.txt
53.63894,2.507e-17,O2_Holland(1993)_298K_49-103nm.txt
53.648859,2.496e-17,O2_Holland(1993)_298K_49-103nm.txt
53.658789,2.478e-17,O2_Holland(1993)_298K_49-103nm.txt
53.668713,2.465e-17,O2_Holland(1993)_298K_49-103nm.txt
53.678638,2.436e-17,O2_Holland(1993)_298K_49-103nm.txt
53.688568,2.413e-17,O2_Holland(1993)_298K_49-103nm.txt
53.698486,2.372e-17,O2_Holland(1993)_298K_49-103nm.txt
53.708417,2.352e-17,O2_Holland(1993)_298K_49-103nm.txt
53.718341,2.302e-17,O2_Holland(1993)_298K_49-103nm.txt
53.728265,2.287e-17,O2_Holland(1993)_298K_49-103nm.txt
53.738196,2.346e-17,O2_Holland(1993)_298K_49-103nm.txt
53.748114,2.458e-17,O2_Holland(1993)_298K_49-103nm.txt
53.758044,2.611e-17,O2_Holland(1993)_298K_49-103nm.txt
53.767969,2.748e-17,O2_Holland(1993)_298K_49-103nm.txt
53.777893,2.867e-17,O2_Holland(1993)_298K_49-103nm.txt
53.787817,2.947e-17,O2_Holland(1993)_298K_49-103nm.txt
53.797742,3.009e-17,O2_Holland(1993)_298K_49-103nm.txt
53.807672,3.026e-17,O2_Holland(1993)_298K_49-103nm.txt
53.817596,3.015e-17,O2_Holland(1993)_298K_49-103nm.txt
53.827521,2.989e-17,O2_Holland(1993)_298K_49-103nm.txt
53.837445,2.93e-17,O2_Holland(1993)_298K_49-103nm.txt
53.847369,2.882e-17,O2_Holland(1993)_298K_49-103nm.txt
53.8573,2.83e-17,O2_Holland(1993)_298K_49-103nm.txt
53.867224,2.815e-17,O2_Holland(1993)_298K_49-103nm.txt
53.877148,2.778e-17,O2_Holland(1993)_298K_49-103nm.txt
53.887073,2.762e-17,O2_Holland(1993)_298K_49-103nm.txt
53.896997,2.744e-17,O2_Holland(1993)_298K_49-103nm.txt
53.906927,2.745e-17,O2_Holland(1993)_298K_49-103nm.txt
53.916852,2.732e-17,O2_Holland(1993)_298K_49-103nm.txt
53.92677,2.73e-17,O2_Holland(1993)_298K_49-103nm.txt
53.9367,2.725e-17,O2_Holland(1993)_298K_49-103nm.txt
53.946625,2.733e-17,O2_Holland(1993)_298K_49-103nm.txt
53.956555,2.736e-17,O2_Holland(1993)_298K_49-103nm.txt
53.96648,2.741e-17,O2_Holland(1993)_298K_49-103nm.txt
53.976398,2.745e-17,O2_Holland(1993)_298K_49-103nm.txt
53.986328,2.741e-17,O2_Holland(1993)_298K_49-103nm.txt
53.996252,2.741e-17,O2_Holland(1993)_298K_49-103nm.txt
54.006183,2.743e-17,O2_Holland(1993)_298K_49-103nm.txt
54.016107,2.743e-17,O2_Holland(1993)_298K_49-103nm.txt
54.026025,2.741e-17,O2_Holland(1993)_298K_49-103nm.txt
54.035956,2.742e-17,O2_Holland(1993)_298K_49-103nm.txt
54.04588,2.743e-17,O2_Holland(1993)_298K_49-103nm.txt
54.05581,2.744e-17,O2_Holland(1993)_298K_49-103nm.txt
54.065735,2.744e-17,O2_Holland(1993)_298K_49-103nm.txt
54.075653,2.754e-17,O2_Holland(1993)_298K_49-103nm.txt
54.085583,2.745e-17,O2_Holland(1993)_298K_49-103nm.txt
54.095508,2.751e-17,O2_Holland(1993)_298K_49-103nm.txt
54.105438,2.755e-17,O2_Holland(1993)_298K_49-103nm.txt
54.115356,2.765e-17,O2_Holland(1993)_298K_49-103nm.txt
54.125281,2.771e-17,O2_Holland(1993)_298K_49-103nm.txt
54.135211,2.777e-17,O2_Holland(1993)_298K_49-103nm.txt
54.145136,2.789e-17,O2_Holland(1993)_298K_49-103nm.txt
54.155066,2.791e-17,O2_Holland(1993)_298K_49-103nm.txt
54.164984,2.786e-17,O2_Holland(1993)_298K_49-103nm.txt
54.174908,2.782e-17,O2_Holland(1993)_298K_49-103nm.txt
54.184839,2.787e-17,O2_Holland(1993)_298K_49-103nm.txt
54.194763,2.792e-17,O2_Holland(1993)_298K_49-103nm.txt
54.204694,2.794e-17,O2_Holland(1993)_298K_49-103nm.txt
54.214612,2.788e-17,O2_Holland(1993)_298K_49-103nm.txt
54.224438,2.761e-17,O2_Holland(1993)_298K_49-103nm.txt
54.234467,2.715e-17,O2_Holland(1993)_298K_49-103nm.txt
54.244391,2.654e-17,O2_Holland(1993)_298K_49-103nm.txt
54.254218,2.574e-17,O2_Holland(1993)_298K_49-103nm.txt
54.264239,2.498e-17,O2_Holland(1993)_298K_49-103nm.txt
54.274066,2.431e-17,O2_Holland(1993)_298K_49-103nm.txt
54.283991,2.394e-17,O2_Holland(1993)_298K_49-103nm.txt
54.294019,2.383e-17,O2_Holland(1993)_298K_49-103nm.txt
54.303845,2.395e-17,O2_Holland(1993)_298K_49-103nm.txt
54.31377,2.422e-17,O2_Holland(1993)_298K_49-103nm.txt
54.323694,2.452e-17,O2_Holland(1993)_298K_49-103nm.txt
54.333618,2.476e-17,O2_Holland(1993)_298K_49-103nm.txt
54.343549,2.503e-17,O2_Holland(1993)_298K_49-103nm.txt
54.353467,2.525e-17,O2_Holland(1993)_298K_49-103nm.txt
54.363397,2.547e-17,O2_Holland(1993)_298K_49-103nm.txt
54.373321,2.559e-17,O2_Holland(1993)_298K_49-103nm.txt
54.383246,2.559e-17,O2_Holland(1993)_298K_49-103nm.txt
54.393176,2.577e-17,O2_Holland(1993)_298K_49-103nm.txt
54.403094,2.587e-17,O2_Holland(1993)_298K_49-103nm.txt
54.413025,2.594e-17,O2_Holland(1993)_298K_49-103nm.txt
54.422949,2.593e-17,O2_Holland(1993)_298K_49-103nm.txt
54.432874,2.603e-17,O2_Holland(1993)_298K_49-103nm.txt
54.442804,2.608e-17,O2_Holland(1993)_298K_49-103nm.txt
54.452722,2.616e-17,O2_Holland(1993)_298K_49-103nm.txt
54.462653,2.622e-17,O2_Holland(1993)_298K_49-103nm.txt
54.472577,2.622e-17,O2_Holland(1993)_298K_49-103nm.txt
54.482501,2.628e-17,O2_Holland(1993)_298K_49-103nm.txt
54.492432,2.638e-17,O2_Holland(1993)_298K_49-103nm.txt
54.50235,2.64e-17,O2_Holland(1993)_298K_49-103nm.txt
54.51228,2.644e-17,O2_Holland(1993)_298K_49-103nm.txt
54.522205,2.654e-17,O2_Holland(1993)_298K_49-103nm.txt
54.532129,2.651e-17,O2_Holland(1993)_298K_49-103nm.txt
54.542053,2.648e-17,O2_Holland(1993)_298K_49-103nm.txt
54.551977,2.648e-17,O2_Holland(1993)_298K_49-103nm.txt
54.561908,2.652e-17,O2_Holland(1993)_298K_49-103nm.txt
54.571832,2.652e-17,O2_Holland(1993)_298K_49-103nm.txt
54.581757,2.657e-17,O2_Holland(1993)_298K_49-103nm.txt
54.591681,2.66e-17,O2_Holland(1993)_298K_49-103nm.txt
54.601605,2.658e-17,O2_Holland(1993)_298K_49-103nm.txt
54.611536,2.655e-17,O2_Holland(1993)_298K_49-103nm.txt
54.62146,2.654e-17,O2_Holland(1993)_298K_49-103nm.txt
54.631384,2.648e-17,O2_Holland(1993)_298K_49-103nm.txt
54.641309,2.643e-17,O2_Holland(1993)_298K_49-103nm.txt
54.651233,2.65e-17,O2_Holland(1993)_298K_49-103nm.txt
54.661163,2.651e-17,O2_Holland(1993)_298K_49-103nm.txt
54.671088,2.652e-17,O2_Holland(1993)_298K_49-103nm.txt
54.681006,2.661e-17,O2_Holland(1993)_298K_49-103nm.txt
54.690936,2.659e-17,O2_Holland(1993)_298K_49-103nm.txt
54.700861,2.659e-17,O2_Holland(1993)_298K_49-103nm.txt
54.710791,2.663e-17,O2_Holland(1993)_298K_49-103nm.txt
54.720715,2.66e-17,O2_Holland(1993)_298K_49-103nm.txt
54.730633,2.668e-17,O2_Holland(1993)_298K_49-103nm.txt
54.740564,2.669e-17,O2_Holland(1993)_298K_49-103nm.txt
54.750488,2.669e-17,O2_Holland(1993)_298K_49-103nm.txt
54.760419,2.67e-17,O2_Holland(1993)_298K_49-103nm.txt
54.770343,2.665e-17,O2_Holland(1993)_298K_49-103nm.txt
54.780261,2.67e-17,O2_Holland(1993)_298K_49-103nm.txt
54.790192,2.671e-17,O2_Holland(1993)_298K_49-103nm.txt
54.800116,2.672e-17,O2_Holland(1993)_298K_49-103nm.txt
54.810046,2.671e-17,O2_Holland(1993)_298K_49-103nm.txt
54.819971,2.668e-17,O2_Holland(1993)_298K_49-103nm.txt
54.829889,2.67e-17,O2_Holland(1993)_298K_49-103nm.txt
54.839819,2.676e-17,O2_Holland(1993)_298K_49-103nm.txt
54.849744,2.677e-17,O2_Holland(1993)_298K_49-103nm.txt
54.859674,2.68e-17,O2_Holland(1993)_298K_49-103nm.txt
54.869592,2.685e-17,O2_Holland(1993)_298K_49-103nm.txt
54.879517,2.688e-17,O2_Holland(1993)_298K_49-103nm.txt
54.889447,2.685e-17,O2_Holland(1993)_298K_49-103nm.txt
54.899371,2.682e-17,O2_Holland(1993)_298K_49-103nm.txt
54.909302,2.677e-17,O2_Holland(1993)_298K_49-103nm.txt
54.91922,2.677e-17,O2_Holland(1993)_298K_49-103nm.txt
54.929144,2.675e-17,O2_Holland(1993)_298K_49-103nm.txt
54.939075,2.668e-17,O2_Holland(1993)_298K_49-103nm.txt
54.948999,2.673e-17,O2_Holland(1993)_298K_49-103nm.txt
54.958929,2.68e-17,O2_Holland(1993)_298K_49-103nm.txt
54.968848,2.683e-17,O2_Holland(1993)_298K_49-103nm.txt
54.978772,2.689e-17,O2_Holland(1993)_298K_49-103nm.txt
54.988702,2.691e-17,O2_Holland(1993)_298K_49-103nm.txt
54.998627,2.692e-17,O2_Holland(1993)_298K_49-103nm.txt
55.008551,2.681e-17,O2_Holland(1993)_298K_49-103nm.txt
55.018475,2.679e-17,O2_Holland(1993)_298K_49-103nm.txt
55.0284,2.675e-17,O2_Holland(1993)_298K_49-103nm.txt
55.03833,2.68e-17,O2_Holland(1993)_298K_49-103nm.txt
55.048254,2.678e-17,O2_Holland(1993)_298K_49-103nm.txt
55.058179,2.68e-17,O2_Holland(1993)_298K_49-103nm.txt
55.068103,2.686e-17,O2_Holland(1993)_298K_49-103nm.txt
55.078027,2.691e-17,O2_Holland(1993)_298K_49-103nm.txt
55.087958,2.69e-17,O2_Holland(1993)_298K_49-103nm.txt
55.097882,2.692e-17,O2_Holland(1993)_298K_49-103nm.txt
55.107806,2.701e-17,O2_Holland(1993)_298K_49-103nm.txt
55.117731,2.695e-17,O2_Holland(1993)_298K_49-103nm.txt
55.127655,2.686e-17,O2_Holland(1993)_298K_49-103nm.txt
55.137585,2.685e-17,O2_Holland(1993)_298K_49-103nm.txt
55.147504,2.687e-17,O2_Holland(1993)_298K_49-103nm.txt
55.157434,2.691e-17,O2_Holland(1993)_298K_49-103nm.txt
55.167358,2.689e-17,O2_Holland(1993)_298K_49-103nm.txt
55.177283,2.69e-17,O2_Holland(1993)_298K_49-103nm.txt
55.187213,2.696e-17,O2_Holland(1993)_298K_49-103nm.txt
55.197131,2.7e-17,O2_Holland(1993)_298K_49-103nm.txt
55.207062,2.702e-17,O2_Holland(1993)_298K_49-103nm.txt
55.216986,2.701e-17,O2_Holland(1993)_298K_49-103nm.txt
55.22691,2.697e-17,O2_Holland(1993)_298K_49-103nm.txt
55.236841,2.698e-17,O2_Holland(1993)_298K_49-103nm.txt
55.246759,2.69e-17,O2_Holland(1993)_298K_49-103nm.txt
55.25669,2.691e-17,O2_Holland(1993)_298K_49-103nm.txt
55.266614,2.692e-17,O2_Holland(1993)_298K_49-103nm.txt
55.276538,2.696e-17,O2_Holland(1993)_298K_49-103nm.txt
55.286469,2.701e-17,O2_Holland(1993)_298K_49-103nm.txt
55.296387,2.688e-17,O2_Holland(1993)_298K_49-103nm.txt
55.306317,2.694e-17,O2_Holland(1993)_298K_49-103nm.txt
55.316242,2.695e-17,O2_Holland(1993)_298K_49-103nm.txt
55.326166,2.705e-17,O2_Holland(1993)_298K_49-103nm.txt
55.33609,2.702e-17,O2_Holland(1993)_298K_49-103nm.txt
55.346014,2.703e-17,O2_Holland(1993)_298K_49-103nm.txt
55.355945,2.699e-17,O2_Holland(1993)_298K_49-103nm.txt
55.365869,2.698e-17,O2_Holland(1993)_298K_49-103nm.txt
55.375793,2.706e-17,O2_Holland(1993)_298K_49-103nm.txt
55.385718,2.694e-17,O2_Holland(1993)_298K_49-103nm.txt
55.395642,2.696e-17,O2_Holland(1993)_298K_49-103nm.txt
55.405573,2.698e-17,O2_Holland(1993)_298K_49-103nm.txt
55.415497,2.694e-17,O2_Holland(1993)_298K_49-103nm.txt
55.425421,2.697e-17,O2_Holland(1993)_298K_49-103nm.txt
55.435346,2.704e-17,O2_Holland(1993)_298K_49-103nm.txt
55.44527,2.711e-17,O2_Holland(1993)_298K_49-103nm.txt
55.4552,2.711e-17,O2_Holland(1993)_298K_49-103nm.txt
55.465125,2.714e-17,O2_Holland(1993)_298K_49-103nm.txt
55.475043,2.714e-17,O2_Holland(1993)_298K_49-103nm.txt
55.484973,2.713e-17,O2_Holland(1993)_298K_49-103nm.txt
55.494898,2.705e-17,O2_Holland(1993)_298K_49-103nm.txt
55.504828,2.708e-17,O2_Holland(1993)_298K_49-103nm.txt
55.514752,2.712e-17,O2_Holland(1993)_298K_49-103nm.txt
55.52467,2.703e-17,O2_Holland(1993)_298K_49-103nm.txt
55.534601,2.7e-17,O2_Holland(1993)_298K_49-103nm.txt
55.544525,2.702e-17,O2_Holland(1993)_298K_49-103nm.txt
55.554456,2.703e-17,O2_Holland(1993)_298K_49-103nm.txt
55.56438,2.71e-17,O2_Holland(1993)_298K_49-103nm.txt
55.574298,2.711e-17,O2_Holland(1993)_298K_49-103nm.txt
55.584228,2.71e-17,O2_Holland(1993)_298K_49-103nm.txt
55.594153,2.722e-17,O2_Holland(1993)_298K_49-103nm.txt
55.604083,2.724e-17,O2_Holland(1993)_298K_49-103nm.txt
55.614008,2.724e-17,O2_Holland(1993)_298K_49-103nm.txt
55.623926,2.721e-17,O2_Holland(1993)_298K_49-103nm.txt
55.633856,2.728e-17,O2_Holland(1993)_298K_49-103nm.txt
55.643781,2.723e-17,O2_Holland(1993)_298K_49-103nm.txt
55.653711,2.725e-17,O2_Holland(1993)_298K_49-103nm.txt
55.663629,2.716e-17,O2_Holland(1993)_298K_49-103nm.txt
55.673554,2.717e-17,O2_Holland(1993)_298K_49-103nm.txt
55.683484,2.721e-17,O2_Holland(1993)_298K_49-103nm.txt
55.693408,2.722e-17,O2_Holland(1993)_298K_49-103nm.txt
55.703339,2.724e-17,O2_Holland(1993)_298K_49-103nm.txt
55.713257,2.731e-17,O2_Holland(1993)_298K_49-103nm.txt
55.723181,2.728e-17,O2_Holland(1993)_298K_49-103nm.txt
55.733112,2.736e-17,O2_Holland(1993)_298K_49-103nm.txt
55.743036,2.735e-17,O2_Holland(1993)_298K_49-103nm.txt
55.752966,2.735e-17,O2_Holland(1993)_298K_49-103nm.txt
55.762884,2.732e-17,O2_Holland(1993)_298K_49-103nm.txt
55.772809,2.727e-17,O2_Holland(1993)_298K_49-103nm.txt
55.782739,2.722e-17,O2_Holland(1993)_298K_49-103nm.txt
55.792664,2.717e-17,O2_Holland(1993)_298K_49-103nm.txt
55.802588,2.71e-17,O2_Holland(1993)_298K_49-103nm.txt
55.812512,2.709e-17,O2_Holland(1993)_298K_49-103nm.txt
55.822437,2.705e-17,O2_Holland(1993)_298K_49-103nm.txt
55.832367,2.706e-17,O2_Holland(1993)_298K_49-103nm.txt
55.842291,2.703e-17,O2_Holland(1993)_298K_49-103nm.txt
55.852216,2.698e-17,O2_Holland(1993)_298K_49-103nm.txt
55.86214,2.688e-17,O2_Holland(1993)_298K_49-103nm.txt
55.872064,2.694e-17,O2_Holland(1993)_298K_49-103nm.txt
55.881995,2.7e-17,O2_Holland(1993)_298K_49-103nm.txt
55.891919,2.707e-17,O2_Holland(1993)_298K_49-103nm.txt
55.901843,2.703e-17,O2_Holland(1993)_298K_49-103nm.txt
55.911768,2.701e-17,O2_Holland(1993)_298K_49-103nm.txt
55.921692,2.704e-17,O2_Holland(1993)_298K_49-103nm.txt
55.931622,2.705e-17,O2_Holland(1993)_298K_49-103nm.txt
55.941547,2.707e-17,O2_Holland(1993)_298K_49-103nm.txt
55.951471,2.707e-17,O2_Holland(1993)_298K_49-103nm.txt
55.961395,2.696e-17,O2_Holland(1993)_298K_49-103nm.txt
55.97132,2.699e-17,O2_Holland(1993)_298K_49-103nm.txt
55.98125,2.697e-17,O2_Holland(1993)_298K_49-103nm.txt
55.991168,2.698e-17,O2_Holland(1993)_298K_49-103nm.txt
56.001099,2.691e-17,O2_Holland(1993)_298K_49-103nm.txt
56.011023,2.692e-17,O2_Holland(1993)_298K_49-103nm.txt
56.020947,2.695e-17,O2_Holland(1993)_298K_49-103nm.txt
56.030878,2.694e-17,O2_Holland(1993)_298K_49-103nm.txt
56.040796,2.695e-17,O2_Holland(1993)_298K_49-103nm.txt
56.050726,2.696e-17,O2_Holland(1993)_298K_49-103nm.txt
56.060651,2.7e-17,O2_Holland(1993)_298K_49-103nm.txt
56.070575,2.704e-17,O2_Holland(1993)_298K_49-103nm.txt
56.080505,2.704e-17,O2_Holland(1993)_298K_49-103nm.txt
56.090424,2.705e-17,O2_Holland(1993)_298K_49-103nm.txt
56.100354,2.706e-17,O2_Holland(1993)_298K_49-103nm.txt
56.110278,2.702e-17,O2_Holland(1993)_298K_49-103nm.txt
56.120203,2.701e-17,O2_Holland(1993)_298K_49-103nm.txt
56.130127,2.702e-17,O2_Holland(1993)_298K_49-103nm.txt
56.140051,2.688e-17,O2_Holland(1993)_298K_49-103nm.txt
56.149982,2.689e-17,O2_Holland(1993)_298K_49-103nm.txt
56.159906,2.69e-17,O2_Holland(1993)_298K_49-103nm.txt
56.16983,2.688e-17,O2_Holland(1993)_298K_49-103nm.txt
56.179755,2.693e-17,O2_Holland(1993)_298K_49-103nm.txt
56.189679,2.691e-17,O2_Holland(1993)_298K_49-103nm.txt
56.199609,2.686e-17,O2_Holland(1993)_298K_49-103nm.txt
56.209534,2.691e-17,O2_Holland(1993)_298K_49-103nm.txt
56.219458,2.693e-17,O2_Holland(1993)_298K_49-103nm.txt
56.229382,2.694e-17,O2_Holland(1993)_298K_49-103nm.txt
56.239307,2.698e-17,O2_Holland(1993)_298K_49-103nm.txt
56.249237,2.7e-17,O2_Holland(1993)_298K_49-103nm.txt
56.259161,2.7e-17,O2_Holland(1993)_298K_49-103nm.txt
56.269086,2.704e-17,O2_Holland(1993)_298K_49-103nm.txt
56.27901,2.698e-17,O2_Holland(1993)_298K_49-103nm.txt
56.288934,2.699e-17,O2_Holland(1993)_298K_49-103nm.txt
56.298865,2.692e-17,O2_Holland(1993)_298K_49-103nm.txt
56.308789,2.684e-17,O2_Holland(1993)_298K_49-103nm.txt
56.318707,2.683e-17,O2_Holland(1993)_298K_49-103nm.txt
56.328638,2.68e-17,O2_Holland(1993)_298K_49-103nm.txt
56.338562,2.677e-17,O2_Holland(1993)_298K_49-103nm.txt
56.348492,2.682e-17,O2_Holland(1993)_298K_49-103nm.txt
56.358417,2.677e-17,O2_Holland(1993)_298K_49-103nm.txt
56.368243,2.686e-17,O2_Holland(1993)_298K_49-103nm.txt
56.378265,2.695e-17,O2_Holland(1993)_298K_49-103nm.txt
56.38819,2.692e-17,O2_Holland(1993)_298K_49-103nm.txt
56.398016,2.7e-17,O2_Holland(1993)_298K_49-103nm.txt
56.408044,2.694e-17,O2_Holland(1993)_298K_49-103nm.txt
56.417865,2.685e-17,O2_Holland(1993)_298K_49-103nm.txt
56.427789,2.688e-17,O2_Holland(1993)_298K_49-103nm.txt
56.437817,2.683e-17,O2_Holland(1993)_298K_49-103nm.txt
56.447644,2.685e-17,O2_Holland(1993)_298K_49-103nm.txt
56.457574,2.684e-17,O2_Holland(1993)_298K_49-103nm.txt
56.467493,2.681e-17,O2_Holland(1993)_298K_49-103nm.txt
56.477417,2.682e-17,O2_Holland(1993)_298K_49-103nm.txt
56.487347,2.687e-17,O2_Holland(1993)_298K_49-103nm.txt
56.497272,2.684e-17,O2_Holland(1993)_298K_49-103nm.txt
56.507202,2.684e-17,O2_Holland(1993)_298K_49-103nm.txt
56.51712,2.679e-17,O2_Holland(1993)_298K_49-103nm.txt
56.527045,2.674e-17,O2_Holland(1993)_298K_49-103nm.txt
56.536975,2.672e-17,O2_Holland(1993)_298K_49-103nm.txt
56.546899,2.671e-17,O2_Holland(1993)_298K_49-103nm.txt
56.556824,2.678e-17,O2_Holland(1993)_298K_49-103nm.txt
56.566748,2.68e-17,O2_Holland(1993)_298K_49-103nm.txt
56.576672,2.679e-17,O2_Holland(1993)_298K_49-103nm.txt
56.586603,2.688e-17,O2_Holland(1993)_298K_49-103nm.txt
56.596527,2.692e-17,O2_Holland(1993)_298K_49-103nm.txt
56.606451,2.691e-17,O2_Holland(1993)_298K_49-103nm.txt
56.616376,2.69e-17,O2_Holland(1993)_298K_49-103nm.txt
56.6263,2.682e-17,O2_Holland(1993)_298K_49-103nm.txt
56.63623,2.675e-17,O2_Holland(1993)_298K_49-103nm.txt
56.646155,2.672e-17,O2_Holland(1993)_298K_49-103nm.txt
56.656079,2.668e-17,O2_Holland(1993)_298K_49-103nm.txt
56.666003,2.665e-17,O2_Holland(1993)_298K_49-103nm.txt
56.675928,2.66e-17,O2_Holland(1993)_298K_49-103nm.txt
56.685858,2.669e-17,O2_Holland(1993)_298K_49-103nm.txt
56.695776,2.667e-17,O2_Holland(1993)_298K_49-103nm.txt
56.705707,2.672e-17,O2_Holland(1993)_298K_49-103nm.txt
56.715631,2.67e-17,O2_Holland(1993)_298K_49-103nm.txt
56.725555,2.676e-17,O2_Holland(1993)_298K_49-103nm.txt
56.735486,2.676e-17,O2_Holland(1993)_298K_49-103nm.txt
56.745404,2.674e-17,O2_Holland(1993)_298K_49-103nm.txt
56.755335,2.672e-17,O2_Holland(1993)_298K_49-103nm.txt
56.765259,2.669e-17,O2_Holland(1993)_298K_49-103nm.txt
56.775183,2.674e-17,O2_Holland(1993)_298K_49-103nm.txt
56.785114,2.67e-17,O2_Holland(1993)_298K_49-103nm.txt
56.795032,2.668e-17,O2_Holland(1993)_298K_49-103nm.txt
56.804962,2.666e-17,O2_Holland(1993)_298K_49-103nm.txt
56.814887,2.67e-17,O2_Holland(1993)_298K_49-103nm.txt
56.824811,2.67e-17,O2_Holland(1993)_298K_49-103nm.txt
56.834741,2.669e-17,O2_Holland(1993)_298K_49-103nm.txt
56.844659,2.677e-17,O2_Holland(1993)_298K_49-103nm.txt
56.85459,2.672e-17,O2_Holland(1993)_298K_49-103nm.txt
56.864514,2.665e-17,O2_Holland(1993)_298K_49-103nm.txt
56.874438,2.664e-17,O2_Holland(1993)_298K_49-103nm.txt
56.884363,2.663e-17,O2_Holland(1993)_298K_49-103nm.txt
56.894287,2.658e-17,O2_Holland(1993)_298K_49-103nm.txt
56.904218,2.658e-17,O2_Holland(1993)_298K_49-103nm.txt
56.914142,2.648e-17,O2_Holland(1993)_298K_49-103nm.txt
56.924066,2.646e-17,O2_Holland(1993)_298K_49-103nm.txt
56.933991,2.642e-17,O2_Holland(1993)_298K_49-103nm.txt
56.943915,2.644e-17,O2_Holland(1993)_298K_49-103nm.txt
56.953845,2.65e-17,O2_Holland(1993)_298K_49-103nm.txt
56.96377,2.654e-17,O2_Holland(1993)_298K_49-103nm.txt
56.973694,2.665e-17,O2_Holland(1993)_298K_49-103nm.txt
56.983618,2.667e-17,O2_Holland(1993)_298K_49-103nm.txt
56.993543,2.669e-17,O2_Holland(1993)_298K_49-103nm.txt
57.003473,2.665e-17,O2_Holland(1993)_298K_49-103nm.txt
57.013397,2.659e-17,O2_Holland(1993)_298K_49-103nm.txt
57.023315,2.649e-17,O2_Holland(1993)_298K_49-103nm.txt
57.033246,2.642e-17,O2_Holland(1993)_298K_49-103nm.txt
57.04317,2.636e-17,O2_Holland(1993)_298K_49-103nm.txt
57.053101,2.634e-17,O2_Holland(1993)_298K_49-103nm.txt
57.063025,2.633e-17,O2_Holland(1993)_298K_49-103nm.txt
57.072943,2.634e-17,O2_Holland(1993)_298K_49-103nm.txt
57.082874,2.634e-17,O2_Holland(1993)_298K_49-103nm.txt
57.092798,2.636e-17,O2_Holland(1993)_298K_49-103nm.txt
57.102728,2.642e-17,O2_Holland(1993)_298K_49-103nm.txt
57.112653,2.647e-17,O2_Holland(1993)_298K_49-103nm.txt
57.122571,2.651e-17,O2_Holland(1993)_298K_49-103nm.txt
57.132501,2.65e-17,O2_Holland(1993)_298K_49-103nm.txt
57.142426,2.645e-17,O2_Holland(1993)_298K_49-103nm.txt
57.152356,2.645e-17,O2_Holland(1993)_298K_49-103nm.txt
57.16228,2.645e-17,O2_Holland(1993)_298K_49-103nm.txt
57.172199,2.645e-17,O2_Holland(1993)_298K_49-103nm.txt
57.182129,2.639e-17,O2_Holland(1993)_298K_49-103nm.txt
57.192053,2.636e-17,O2_Holland(1993)_298K_49-103nm.txt
57.201984,2.63e-17,O2_Holland(1993)_298K_49-103nm.txt
57.211902,2.627e-17,O2_Holland(1993)_298K_49-103nm.txt
57.221826,2.625e-17,O2_Holland(1993)_298K_49-103nm.txt
57.231757,2.625e-17,O2_Holland(1993)_298K_49-103nm.txt
57.241681,2.629e-17,O2_Holland(1993)_298K_49-103nm.txt
57.251611,2.63e-17,O2_Holland(1993)_298K_49-103nm.txt
57.261529,2.633e-17,O2_Holland(1993)_298K_49-103nm.txt
57.271454,2.641e-17,O2_Holland(1993)_298K_49-103nm.txt
57.281384,2.635e-17,O2_Holland(1993)_298K_49-103nm.txt
57.291309,2.635e-17,O2_Holland(1993)_298K_49-103nm.txt
57.301239,2.63e-17,O2_Holland(1993)_298K_49-103nm.txt
57.311157,2.629e-17,O2_Holland(1993)_298K_49-103nm.txt
57.321082,2.624e-17,O2_Holland(1993)_298K_49-103nm.txt
57.331012,2.619e-17,O2_Holland(1993)_298K_49-103nm.txt
57.340936,2.616e-17,O2_Holland(1993)_298K_49-103nm.txt
57.350861,2.62e-17,O2_Holland(1993)_298K_49-103nm.txt
57.360785,2.616e-17,O2_Holland(1993)_298K_49-103nm.txt
57.370709,2.611e-17,O2_Holland(1993)_298K_49-103nm.txt
57.38064,2.614e-17,O2_Holland(1993)_298K_49-103nm.txt
57.390564,2.611e-17,O2_Holland(1993)_298K_49-103nm.txt
57.400488,2.61e-17,O2_Holland(1993)_298K_49-103nm.txt
57.410413,2.617e-17,O2_Holland(1993)_298K_49-103nm.txt
57.420337,2.617e-17,O2_Holland(1993)_298K_49-103nm.txt
57.430267,2.619e-17,O2_Holland(1993)_298K_49-103nm.txt
57.440192,2.618e-17,O2_Holland(1993)_298K_49-103nm.txt
57.450116,2.617e-17,O2_Holland(1993)_298K_49-103nm.txt
57.46004,2.612e-17,O2_Holland(1993)_298K_49-103nm.txt
57.469965,2.61e-17,O2_Holland(1993)_298K_49-103nm.txt
57.479895,2.606e-17,O2_Holland(1993)_298K_49-103nm.txt
57.489819,2.602e-17,O2_Holland(1993)_298K_49-103nm.txt
57.499744,2.604e-17,O2_Holland(1993)_298K_49-103nm.txt
57.509668,2.598e-17,O2_Holland(1993)_298K_49-103nm.txt
57.519592,2.594e-17,O2_Holland(1993)_298K_49-103nm.txt
57.529523,2.589e-17,O2_Holland(1993)_298K_49-103nm.txt
57.539441,2.588e-17,O2_Holland(1993)_298K_49-103nm.txt
57.549371,2.589e-17,O2_Holland(1993)_298K_49-103nm.txt
57.559296,2.584e-17,O2_Holland(1993)_298K_49-103nm.txt
57.56922,2.59e-17,O2_Holland(1993)_298K_49-103nm.txt
57.57915,2.595e-17,O2_Holland(1993)_298K_49-103nm.txt
57.589069,2.6e-17,O2_Holland(1993)_298K_49-103nm.txt
57.598999,2.6e-17,O2_Holland(1993)_298K_49-103nm.txt
57.608923,2.598e-17,O2_Holland(1993)_298K_49-103nm.txt
57.618848,2.594e-17,O2_Holland(1993)_298K_49-103nm.txt
57.628778,2.589e-17,O2_Holland(1993)_298K_49-103nm.txt
57.638696,2.588e-17,O2_Holland(1993)_298K_49-103nm.txt
57.648627,2.579e-17,O2_Holland(1993)_298K_49-103nm.txt
57.658551,2.578e-17,O2_Holland(1993)_298K_49-103nm.txt
57.668475,2.577e-17,O2_Holland(1993)_298K_49-103nm.txt
57.6784,2.573e-17,O2_Holland(1993)_298K_49-103nm.txt
57.688324,2.57e-17,O2_Holland(1993)_298K_49-103nm.txt
57.698254,2.567e-17,O2_Holland(1993)_298K_49-103nm.txt
57.708179,2.566e-17,O2_Holland(1993)_298K_49-103nm.txt
57.718103,2.567e-17,O2_Holland(1993)_298K_49-103nm.txt
57.728027,2.564e-17,O2_Holland(1993)_298K_49-103nm.txt
57.737952,2.567e-17,O2_Holland(1993)_298K_49-103nm.txt
57.747882,2.565e-17,O2_Holland(1993)_298K_49-103nm.txt
57.757806,2.566e-17,O2_Holland(1993)_298K_49-103nm.txt
57.767731,2.566e-17,O2_Holland(1993)_298K_49-103nm.txt
57.777655,2.569e-17,O2_Holland(1993)_298K_49-103nm.txt
57.787579,2.568e-17,O2_Holland(1993)_298K_49-103nm.txt
57.79751,2.565e-17,O2_Holland(1993)_298K_49-103nm.txt
57.807434,2.567e-17,O2_Holland(1993)_298K_49-103nm.txt
57.817358,2.563e-17,O2_Holland(1993)_298K_49-103nm.txt
57.827283,2.553e-17,O2_Holland(1993)_298K_49-103nm.txt
57.837207,2.556e-17,O2_Holland(1993)_298K_49-103nm.txt
57.847137,2.55e-17,O2_Holland(1993)_298K_49-103nm.txt
57.857062,2.546e-17,O2_Holland(1993)_298K_49-103nm.txt
57.86698,2.539e-17,O2_Holland(1993)_298K_49-103nm.txt
57.87691,2.539e-17,O2_Holland(1993)_298K_49-103nm.txt
57.886835,2.533e-17,O2_Holland(1993)_298K_49-103nm.txt
57.896765,2.533e-17,O2_Holland(1993)_298K_49-103nm.txt
57.90669,2.529e-17,O2_Holland(1993)_298K_49-103nm.txt
57.916608,2.53e-17,O2_Holland(1993)_298K_49-103nm.txt
57.926538,2.533e-17,O2_Holland(1993)_298K_49-103nm.txt
57.936462,2.533e-17,O2_Holland(1993)_298K_49-103nm.txt
57.946393,2.532e-17,O2_Holland(1993)_298K_49-103nm.txt
57.956317,2.534e-17,O2_Holland(1993)_298K_49-103nm.txt
57.966235,2.53e-17,O2_Holland(1993)_298K_49-103nm.txt
57.976166,2.529e-17,O2_Holland(1993)_298K_49-103nm.txt
57.98609,2.524e-17,O2_Holland(1993)_298K_49-103nm.txt
57.99602,2.522e-17,O2_Holland(1993)_298K_49-103nm.txt
58.005939,2.51e-17,O2_Holland(1993)_298K_49-103nm.txt
58.015863,2.508e-17,O2_Holland(1993)_298K_49-103nm.txt
58.025793,2.505e-17,O2_Holland(1993)_298K_49-103nm.txt
58.035718,2.509e-17,O2_Holland(1993)_298K_49-103nm.txt
58.045648,2.501e-17,O2_Holland(1993)_298K_49-103nm.txt
58.055566,2.502e-17,O2_Holland(1993)_298K_49-103nm.txt
58.065491,2.5e-17,O2_Holland(1993)_298K_49-103nm.txt
58.075421,2.495e-17,O2_Holland(1993)_298K_49-103nm.txt
58.085346,2.496e-17,O2_Holland(1993)_298K_49-103nm.txt
58.095276,2.491e-17,O2_Holland(1993)_298K_49-103nm.txt
58.105194,2.493e-17,O2_Holland(1993)_298K_49-103nm.txt
58.115118,2.479e-17,O2_Holland(1993)_298K_49-103nm.txt
58.125049,2.486e-17,O2_Holland(1993)_298K_49-103nm.txt
58.134973,2.483e-17,O2_Holland(1993)_298K_49-103nm.txt
58.144898,2.482e-17,O2_Holland(1993)_298K_49-103nm.txt
58.154822,2.482e-17,O2_Holland(1993)_298K_49-103nm.txt
58.164746,2.478e-17,O2_Holland(1993)_298K_49-103nm.txt
58.174676,2.479e-17,O2_Holland(1993)_298K_49-103nm.txt
58.184601,2.469e-17,O2_Holland(1993)_298K_49-103nm.txt
58.194525,2.456e-17,O2_Holland(1993)_298K_49-103nm.txt
58.204449,2.454e-17,O2_Holland(1993)_298K_49-103nm.txt
58.214374,2.45e-17,O2_Holland(1993)_298K_49-103nm.txt
58.224304,2.445e-17,O2_Holland(1993)_298K_49-103nm.txt
58.234228,2.445e-17,O2_Holland(1993)_298K_49-103nm.txt
58.244153,2.439e-17,O2_Holland(1993)_298K_49-103nm.txt
58.254077,2.438e-17,O2_Holland(1993)_298K_49-103nm.txt
58.264001,2.43e-17,O2_Holland(1993)_298K_49-103nm.txt
58.273932,2.432e-17,O2_Holland(1993)_298K_49-103nm.txt
58.283856,2.422e-17,O2_Holland(1993)_298K_49-103nm.txt
58.293781,2.426e-17,O2_Holland(1993)_298K_49-103nm.txt
58.303705,2.42e-17,O2_Holland(1993)_298K_49-103nm.txt
58.313629,2.424e-17,O2_Holland(1993)_298K_49-103nm.txt
58.32356,2.425e-17,O2_Holland(1993)_298K_49-103nm.txt
58.333478,2.418e-17,O2_Holland(1993)_298K_49-103nm.txt
58.343408,2.417e-17,O2_Holland(1993)_298K_49-103nm.txt
58.353332,2.41e-17,O2_Holland(1993)_298K_49-103nm.txt
58.363257,2.402e-17,O2_Holland(1993)_298K_49-103nm.txt
58.373187,2.395e-17,O2_Holland(1993)_298K_49-103nm.txt
58.383105,2.394e-17,O2_Holland(1993)_298K_49-103nm.txt
58.393036,2.394e-17,O2_Holland(1993)_298K_49-103nm.txt
58.40296,2.385e-17,O2_Holland(1993)_298K_49-103nm.txt
58.412884,2.379e-17,O2_Holland(1993)_298K_49-103nm.txt
58.422815,2.376e-17,O2_Holland(1993)_298K_49-103nm.txt
58.432733,2.37e-17,O2_Holland(1993)_298K_49-103nm.txt
58.442664,2.363e-17,O2_Holland(1993)_298K_49-103nm.txt
58.452588,2.356e-17,O2_Holland(1993)_298K_49-103nm.txt
58.462512,2.353e-17,O2_Holland(1993)_298K_49-103nm.txt
58.472437,2.352e-17,O2_Holland(1993)_298K_49-103nm.txt
58.482361,2.348e-17,O2_Holland(1993)_298K_49-103nm.txt
58.492291,2.338e-17,O2_Holland(1993)_298K_49-103nm.txt
58.502216,2.346e-17,O2_Holland(1993)_298K_49-103nm.txt
58.51214,2.338e-17,O2_Holland(1993)_298K_49-103nm.txt
58.522064,2.335e-17,O2_Holland(1993)_298K_49-103nm.txt
58.531989,2.334e-17,O2_Holland(1993)_298K_49-103nm.txt
58.541919,2.327e-17,O2_Holland(1993)_298K_49-103nm.txt
58.551843,2.32e-17,O2_Holland(1993)_298K_49-103nm.txt
58.56167,2.313e-17,O2_Holland(1993)_298K_49-103nm.txt
58.571588,2.306e-17,O2_Holland(1993)_298K_49-103nm.txt
58.581616,2.294e-17,O2_Holland(1993)_298K_49-103nm.txt
58.591443,2.292e-17,O2_Holland(1993)_298K_49-103nm.txt
58.601373,2.284e-17,O2_Holland(1993)_298K_49-103nm.txt
58.611298,2.28e-17,O2_Holland(1993)_298K_49-103nm.txt
58.621216,2.267e-17,O2_Holland(1993)_298K_49-103nm.txt
58.631146,2.265e-17,O2_Holland(1993)_298K_49-103nm.txt
58.641071,2.255e-17,O2_Holland(1993)_298K_49-103nm.txt
58.651001,2.25e-17,O2_Holland(1993)_298K_49-103nm.txt
58.660925,2.241e-17,O2_Holland(1993)_298K_49-103nm.txt
58.670844,2.236e-17,O2_Holland(1993)_298K_49-103nm.txt
58.680774,2.225e-17,O2_Holland(1993)_298K_49-103nm.txt
58.690698,2.218e-17,O2_Holland(1993)_298K_49-103nm.txt
58.700629,2.213e-17,O2_Holland(1993)_298K_49-103nm.txt
58.710553,2.205e-17,O2_Holland(1993)_298K_49-103nm.txt
58.720471,2.194e-17,O2_Holland(1993)_298K_49-103nm.txt
58.730402,2.185e-17,O2_Holland(1993)_298K_49-103nm.txt
58.740326,2.175e-17,O2_Holland(1993)_298K_49-103nm.txt
58.750256,2.166e-17,O2_Holland(1993)_298K_49-103nm.txt
58.760175,2.15e-17,O2_Holland(1993)_298K_49-103nm.txt
58.770099,2.144e-17,O2_Holland(1993)_298K_49-103nm.txt
58.780029,2.136e-17,O2_Holland(1993)_298K_49-103nm.txt
58.789954,2.117e-17,O2_Holland(1993)_298K_49-103nm.txt
58.799884,2.118e-17,O2_Holland(1993)_298K_49-103nm.txt
58.809802,2.101e-17,O2_Holland(1993)_298K_49-103nm.txt
58.819727,2.098e-17,O2_Holland(1993)_298K_49-103nm.txt
58.829657,2.086e-17,O2_Holland(1993)_298K_49-103nm.txt
58.839581,2.075e-17,O2_Holland(1993)_298K_49-103nm.txt
58.849512,2.066e-17,O2_Holland(1993)_298K_49-103nm.txt
58.85943,2.059e-17,O2_Holland(1993)_298K_49-103nm.txt
58.869354,2.058e-17,O2_Holland(1993)_298K_49-103nm.txt
58.879285,2.048e-17,O2_Holland(1993)_298K_49-103nm.txt
58.889209,2.044e-17,O2_Holland(1993)_298K_49-103nm.txt
58.899133,2.043e-17,O2_Holland(1993)_298K_49-103nm.txt
58.909058,2.045e-17,O2_Holland(1993)_298K_49-103nm.txt
58.918982,2.053e-17,O2_Holland(1993)_298K_49-103nm.txt
58.928912,2.046e-17,O2_Holland(1993)_298K_49-103nm.txt
58.938837,2.05e-17,O2_Holland(1993)_298K_49-103nm.txt
58.948761,2.059e-17,O2_Holland(1993)_298K_49-103nm.txt
58.958685,2.063e-17,O2_Holland(1993)_298K_49-103nm.txt
58.96861,2.079e-17,O2_Holland(1993)_298K_49-103nm.txt
58.97854,2.087e-17,O2_Holland(1993)_298K_49-103nm.txt
58.988464,2.103e-17,O2_Holland(1993)_298K_49-103nm.txt
58.998389,2.125e-17,O2_Holland(1993)_298K_49-103nm.txt
59.008313,2.146e-17,O2_Holland(1993)_298K_49-103nm.txt
59.018237,2.167e-17,O2_Holland(1993)_298K_49-103nm.txt
59.028168,2.181e-17,O2_Holland(1993)_298K_49-103nm.txt
59.038092,2.199e-17,O2_Holland(1993)_298K_49-103nm.txt
59.048016,2.221e-17,O2_Holland(1993)_298K_49-103nm.txt
59.057941,2.232e-17,O2_Holland(1993)_298K_49-103nm.txt
59.067865,2.247e-17,O2_Holland(1993)_298K_49-103nm.txt
59.077795,2.256e-17,O2_Holland(1993)_298K_49-103nm.txt
59.087714,2.265e-17,O2_Holland(1993)_298K_49-103nm.txt
59.097644,2.275e-17,O2_Holland(1993)_298K_49-103nm.txt
59.107568,2.289e-17,O2_Holland(1993)_298K_49-103nm.txt
59.117493,2.304e-17,O2_Holland(1993)_298K_49-103nm.txt
59.127423,2.312e-17,O2_Holland(1993)_298K_49-103nm.txt
59.137341,2.319e-17,O2_Holland(1993)_298K_49-103nm.txt
59.147272,2.324e-17,O2_Holland(1993)_298K_49-103nm.txt
59.157196,2.333e-17,O2_Holland(1993)_298K_49-103nm.txt
59.16712,2.333e-17,O2_Holland(1993)_298K_49-103nm.txt
59.177051,2.338e-17,O2_Holland(1993)_298K_49-103nm.txt
59.186969,2.339e-17,O2_Holland(1993)_298K_49-103nm.txt
59.196899,2.345e-17,O2_Holland(1993)_298K_49-103nm.txt
59.206824,2.338e-17,O2_Holland(1993)_298K_49-103nm.txt
59.216748,2.341e-17,O2_Holland(1993)_298K_49-103nm.txt
59.226672,2.341e-17,O2_Holland(1993)_298K_49-103nm.txt
59.236597,2.339e-17,O2_Holland(1993)_298K_49-103nm.txt
59.246527,2.335e-17,O2_Holland(1993)_298K_49-103nm.txt
59.256451,2.333e-17,O2_Holland(1993)_298K_49-103nm.txt
59.266376,2.333e-17,O2_Holland(1993)_298K_49-103nm.txt
59.2763,2.321e-17,O2_Holland(1993)_298K_49-103nm.txt
59.286224,2.311e-17,O2_Holland(1993)_298K_49-103nm.txt
59.296155,2.309e-17,O2_Holland(1993)_298K_49-103nm.txt
59.306079,2.298e-17,O2_Holland(1993)_298K_49-103nm.txt
59.316003,2.294e-17,O2_Holland(1993)_298K_49-103nm.txt
59.325928,2.286e-17,O2_Holland(1993)_298K_49-103nm.txt
59.335852,2.281e-17,O2_Holland(1993)_298K_49-103nm.txt
59.345782,2.271e-17,O2_Holland(1993)_298K_49-103nm.txt
59.355707,2.263e-17,O2_Holland(1993)_298K_49-103nm.txt
59.365631,2.253e-17,O2_Holland(1993)_298K_49-103nm.txt
59.375555,2.256e-17,O2_Holland(1993)_298K_49-103nm.txt
59.38548,2.261e-17,O2_Holland(1993)_298K_49-103nm.txt
59.39541,2.265e-17,O2_Holland(1993)_298K_49-103nm.txt
59.405335,2.282e-17,O2_Holland(1993)_298K_49-103nm.txt
59.415253,2.283e-17,O2_Holland(1993)_298K_49-103nm.txt
59.425183,2.289e-17,O2_Holland(1993)_298K_49-103nm.txt
59.435107,2.289e-17,O2_Holland(1993)_298K_49-103nm.txt
59.445038,2.286e-17,O2_Holland(1993)_298K_49-103nm.txt
59.454962,2.286e-17,O2_Holland(1993)_298K_49-103nm.txt
59.46488,2.295e-17,O2_Holland(1993)_298K_49-103nm.txt
59.474811,2.313e-17,O2_Holland(1993)_298K_49-103nm.txt
59.484735,2.328e-17,O2_Holland(1993)_298K_49-103nm.txt
59.494665,2.36e-17,O2_Holland(1993)_298K_49-103nm.txt
59.50459,2.378e-17,O2_Holland(1993)_298K_49-103nm.txt
59.514508,2.404e-17,O2_Holland(1993)_298K_49-103nm.txt
59.524438,2.433e-17,O2_Holland(1993)_298K_49-103nm.txt
59.534363,2.462e-17,O2_Holland(1993)_298K_49-103nm.txt
59.544293,2.498e-17,O2_Holland(1993)_298K_49-103nm.txt
59.554211,2.534e-17,O2_Holland(1993)_298K_49-103nm.txt
59.564136,2.567e-17,O2_Holland(1993)_298K_49-103nm.txt
59.574066,2.595e-17,O2_Holland(1993)_298K_49-103nm.txt
59.583991,2.625e-17,O2_Holland(1993)_298K_49-103nm.txt
59.593921,2.666e-17,O2_Holland(1993)_298K_49-103nm.txt
59.603839,2.693e-17,O2_Holland(1993)_298K_49-103nm.txt
59.613763,2.733e-17,O2_Holland(1993)_298K_49-103nm.txt
59.623694,2.769e-17,O2_Holland(1993)_298K_49-103nm.txt
59.633618,2.792e-17,O2_Holland(1993)_298K_49-103nm.txt
59.643549,2.819e-17,O2_Holland(1993)_298K_49-103nm.txt
59.653467,2.843e-17,O2_Holland(1993)_298K_49-103nm.txt
59.663391,2.84e-17,O2_Holland(1993)_298K_49-103nm.txt
59.673321,2.846e-17,O2_Holland(1993)_298K_49-103nm.txt
59.683246,2.851e-17,O2_Holland(1993)_298K_49-103nm.txt
59.693176,2.86e-17,O2_Holland(1993)_298K_49-103nm.txt
59.703094,2.865e-17,O2_Holland(1993)_298K_49-103nm.txt
59.713019,2.874e-17,O2_Holland(1993)_298K_49-103nm.txt
59.722949,2.878e-17,O2_Holland(1993)_298K_49-103nm.txt
59.732874,2.886e-17,O2_Holland(1993)_298K_49-103nm.txt
59.742798,2.896e-17,O2_Holland(1993)_298K_49-103nm.txt
59.752722,2.894e-17,O2_Holland(1993)_298K_49-103nm.txt
59.762647,2.898e-17,O2_Holland(1993)_298K_49-103nm.txt
59.772577,2.903e-17,O2_Holland(1993)_298K_49-103nm.txt
59.782501,2.905e-17,O2_Holland(1993)_298K_49-103nm.txt
59.792426,2.902e-17,O2_Holland(1993)_298K_49-103nm.txt
59.80235,2.905e-17,O2_Holland(1993)_298K_49-103nm.txt
59.812274,2.91e-17,O2_Holland(1993)_298K_49-103nm.txt
59.822205,2.908e-17,O2_Holland(1993)_298K_49-103nm.txt
59.832129,2.903e-17,O2_Holland(1993)_298K_49-103nm.txt
59.842053,2.915e-17,O2_Holland(1993)_298K_49-103nm.txt
59.851977,2.912e-17,O2_Holland(1993)_298K_49-103nm.txt
59.861902,2.915e-17,O2_Holland(1993)_298K_49-103nm.txt
59.871832,2.913e-17,O2_Holland(1993)_298K_49-103nm.txt
59.88175,2.905e-17,O2_Holland(1993)_298K_49-103nm.txt
59.891681,2.907e-17,O2_Holland(1993)_298K_49-103nm.txt
59.900915,2.879e-17,O2_Holland(1993)_298K_49-103nm.txt
59.905866,2.882e-17,O2_Holland(1993)_298K_49-103nm.txt
59.910821,2.882e-17,O2_Holland(1993)_298K_49-103nm.txt
59.915772,2.879e-17,O2_Holland(1993)_298K_49-103nm.txt
59.920727,2.882e-17,O2_Holland(1993)_298K_49-103nm.txt
59.925677,2.885e-17,O2_Holland(1993)_298K_49-103nm.txt
59.930627,2.879e-17,O2_Holland(1993)_298K_49-103nm.txt
59.935583,2.871e-17,O2_Holland(1993)_298K_49-103nm.txt
59.94054,2.872e-17,O2_Holland(1993)_298K_49-103nm.txt
59.945489,2.878e-17,O2_Holland(1993)_298K_49-103nm.txt
59.95044,2.879e-17,O2_Holland(1993)_298K_49-103nm.txt
59.955389,2.896e-17,O2_Holland(1993)_298K_49-103nm.txt
59.960352,2.877e-17,O2_Holland(1993)_298K_49-103nm.txt
59.965301,2.867e-17,O2_Holland(1993)_298K_49-103nm.txt
59.970251,2.872e-17,O2_Holland(1993)_298K_49-103nm.txt
59.975207,2.88e-17,O2_Holland(1993)_298K_49-103nm.txt
59.980157,2.874e-17,O2_Holland(1993)_298K_49-103nm.txt
59.985114,2.878e-17,O2_Holland(1993)_298K_49-103nm.txt
59.990063,2.849e-17,O2_Holland(1993)_298K_49-103nm.txt
59.99502,2.862e-17,O2_Holland(1993)_298K_49-103nm.txt
59.999969,2.847e-17,O2_Holland(1993)_298K_49-103nm.txt
60.004919,2.842e-17,O2_Holland(1993)_298K_49-103nm.txt
60.009875,2.842e-17,O2_Holland(1993)_298K_49-103nm.txt
60.014832,2.845e-17,O2_Holland(1993)_298K_49-103nm.txt
60.019781,2.825e-17,O2_Holland(1993)_298K_49-103nm.txt
60.024731,2.843e-17,O2_Holland(1993)_298K_49-103nm.txt
60.029681,2.85e-17,O2_Holland(1993)_298K_49-103nm.txt
60.034644,2.849e-17,O2_Holland(1993)_298K_49-103nm.txt
60.039594,2.865e-17,O2_Holland(1993)_298K_49-103nm.txt
60.044543,2.87e-17,O2_Holland(1993)_298K_49-103nm.txt
60.0495,2.868e-17,O2_Holland(1993)_298K_49-103nm.txt
60.054449,2.865e-17,O2_Holland(1993)_298K_49-103nm.txt
60.059406,2.859e-17,O2_Holland(1993)_298K_49-103nm.txt
60.064355,2.854e-17,O2_Holland(1993)_298K_49-103nm.txt
60.069312,2.849e-17,O2_Holland(1993)_298K_49-103nm.txt
60.074262,2.847e-17,O2_Holland(1993)_298K_49-103nm.txt
60.079211,2.837e-17,O2_Holland(1993)_298K_49-103nm.txt
60.084168,2.842e-17,O2_Holland(1993)_298K_49-103nm.txt
60.089124,2.827e-17,O2_Holland(1993)_298K_49-103nm.txt
60.094074,2.822e-17,O2_Holland(1993)_298K_49-103nm.txt
60.099023,2.837e-17,O2_Holland(1993)_298K_49-103nm.txt
60.103973,2.811e-17,O2_Holland(1993)_298K_49-103nm.txt
60.108935,2.818e-17,O2_Holland(1993)_298K_49-103nm.txt
60.113886,2.817e-17,O2_Holland(1993)_298K_49-103nm.txt
60.118835,2.819e-17,O2_Holland(1993)_298K_49-103nm.txt
60.123792,2.813e-17,O2_Holland(1993)_298K_49-103nm.txt
60.128742,2.816e-17,O2_Holland(1993)_298K_49-103nm.txt
60.133698,2.817e-17,O2_Holland(1993)_298K_49-103nm.txt
60.138648,2.815e-17,O2_Holland(1993)_298K_49-103nm.txt
60.143603,2.823e-17,O2_Holland(1993)_298K_49-103nm.txt
60.148554,2.835e-17,O2_Holland(1993)_298K_49-103nm.txt
60.153503,2.838e-17,O2_Holland(1993)_298K_49-103nm.txt
60.15846,2.852e-17,O2_Holland(1993)_298K_49-103nm.txt
60.163415,2.84e-17,O2_Holland(1993)_298K_49-103nm.txt
60.168366,2.845e-17,O2_Holland(1993)_298K_49-103nm.txt
60.173315,2.83e-17,O2_Holland(1993)_298K_49-103nm.txt
60.178265,2.832e-17,O2_Holland(1993)_298K_49-103nm.txt
60.183227,2.82e-17,O2_Holland(1993)_298K_49-103nm.txt
60.188177,2.815e-17,O2_Holland(1993)_298K_49-103nm.txt
60.193127,2.833e-17,O2_Holland(1993)_298K_49-103nm.txt
60.198083,2.838e-17,O2_Holland(1993)_298K_49-103nm.txt
60.203033,2.832e-17,O2_Holland(1993)_298K_49-103nm.txt
60.207989,2.809e-17,O2_Holland(1993)_298K_49-103nm.txt
60.21294,2.818e-17,O2_Holland(1993)_298K_49-103nm.txt
60.217895,2.821e-17,O2_Holland(1993)_298K_49-103nm.txt
60.222846,2.821e-17,O2_Holland(1993)_298K_49-103nm.txt
60.227795,2.828e-17,O2_Holland(1993)_298K_49-103nm.txt
60.232751,2.822e-17,O2_Holland(1993)_298K_49-103nm.txt
60.237707,2.833e-17,O2_Holland(1993)_298K_49-103nm.txt
60.242657,2.835e-17,O2_Holland(1993)_298K_49-103nm.txt
60.247607,2.838e-17,O2_Holland(1993)_298K_49-103nm.txt
60.252557,2.835e-17,O2_Holland(1993)_298K_49-103nm.txt
60.25752,2.828e-17,O2_Holland(1993)_298K_49-103nm.txt
60.262469,2.812e-17,O2_Holland(1993)_298K_49-103nm.txt
60.267419,2.795e-17,O2_Holland(1993)_298K_49-103nm.txt
60.272375,2.781e-17,O2_Holland(1993)_298K_49-103nm.txt
60.277325,2.777e-17,O2_Holland(1993)_298K_49-103nm.txt
60.282281,2.781e-17,O2_Holland(1993)_298K_49-103nm.txt
60.287231,2.768e-17,O2_Holland(1993)_298K_49-103nm.txt
60.292188,2.792e-17,O2_Holland(1993)_298K_49-103nm.txt
60.297137,2.799e-17,O2_Holland(1993)_298K_49-103nm.txt
60.302087,2.818e-17,O2_Holland(1993)_298K_49-103nm.txt
60.307043,2.82e-17,O2_Holland(1993)_298K_49-103nm.txt
60.312,2.847e-17,O2_Holland(1993)_298K_49-103nm.txt
60.316949,2.872e-17,O2_Holland(1993)_298K_49-103nm.txt
60.321899,2.861e-17,O2_Holland(1993)_298K_49-103nm.txt
60.326849,2.864e-17,O2_Holland(1993)_298K_49-103nm.txt
60.331812,2.859e-17,O2_Holland(1993)_298K_49-103nm.txt
60.336762,2.84e-17,O2_Holland(1993)_298K_49-103nm.txt
60.341711,2.824e-17,O2_Holland(1993)_298K_49-103nm.txt
60.346668,2.809e-17,O2_Holland(1993)_298K_49-103nm.txt
60.351617,2.801e-17,O2_Holland(1993)_298K_49-103nm.txt
60.356574,2.775e-17,O2_Holland(1993)_298K_49-103nm.txt
60.361523,2.774e-17,O2_Holland(1993)_298K_49-103nm.txt
60.36648,2.762e-17,O2_Holland(1993)_298K_49-103nm.txt
60.371429,2.776e-17,O2_Holland(1993)_298K_49-103nm.txt
60.376379,2.781e-17,O2_Holland(1993)_298K_49-103nm.txt
60.381335,2.799e-17,O2_Holland(1993)_298K_49-103nm.txt
60.386292,2.816e-17,O2_Holland(1993)_298K_49-103nm.txt
60.391242,2.825e-17,O2_Holland(1993)_298K_49-103nm.txt
60.396191,2.825e-17,O2_Holland(1993)_298K_49-103nm.txt
60.401141,2.836e-17,O2_Holland(1993)_298K_49-103nm.txt
60.406103,2.825e-17,O2_Holland(1993)_298K_49-103nm.txt
60.411054,2.825e-17,O2_Holland(1993)_298K_49-103nm.txt
60.416003,2.818e-17,O2_Holland(1993)_298K_49-103nm.txt
60.42096,2.814e-17,O2_Holland(1993)_298K_49-103nm.txt
60.425909,2.796e-17,O2_Holland(1993)_298K_49-103nm.txt
60.430866,2.798e-17,O2_Holland(1993)_298K_49-103nm.txt
60.435815,2.787e-17,O2_Holland(1993)_298K_49-103nm.txt
60.440772,2.771e-17,O2_Holland(1993)_298K_49-103nm.txt
60.445721,2.765e-17,O2_Holland(1993)_298K_49-103nm.txt
60.450671,2.75e-17,O2_Holland(1993)_298K_49-103nm.txt
60.455627,2.741e-17,O2_Holland(1993)_298K_49-103nm.txt
60.460583,2.717e-17,O2_Holland(1993)_298K_49-103nm.txt
60.465533,2.713e-17,O2_Holland(1993)_298K_49-103nm.txt
60.470483,2.708e-17,O2_Holland(1993)_298K_49-103nm.txt
60.475433,2.719e-17,O2_Holland(1993)_298K_49-103nm.txt
60.480395,2.726e-17,O2_Holland(1993)_298K_49-103nm.txt
60.485346,2.739e-17,O2_Holland(1993)_298K_49-103nm.txt
60.490295,2.742e-17,O2_Holland(1993)_298K_49-103nm.txt
60.495251,2.774e-17,O2_Holland(1993)_298K_49-103nm.txt
60.500201,2.779e-17,O2_Holland(1993)_298K_49-103nm.txt
60.505157,2.773e-17,O2_Holland(1993)_298K_49-103nm.txt
60.510107,2.791e-17,O2_Holland(1993)_298K_49-103nm.txt
60.515063,2.796e-17,O2_Holland(1993)_298K_49-103nm.txt
60.520013,2.803e-17,O2_Holland(1993)_298K_49-103nm.txt
60.524963,2.8e-17,O2_Holland(1993)_298K_49-103nm.txt
60.529919,2.785e-17,O2_Holland(1993)_298K_49-103nm.txt
60.534875,2.783e-17,O2_Holland(1993)_298K_49-103nm.txt
60.539825,2.779e-17,O2_Holland(1993)_298K_49-103nm.txt
60.544775,2.786e-17,O2_Holland(1993)_298K_49-103nm.txt
60.549725,2.781e-17,O2_Holland(1993)_298K_49-103nm.txt
60.554688,2.796e-17,O2_Holland(1993)_298K_49-103nm.txt
60.559637,2.827e-17,O2_Holland(1993)_298K_49-103nm.txt
60.564587,2.831e-17,O2_Holland(1993)_298K_49-103nm.txt
60.569543,2.837e-17,O2_Holland(1993)_298K_49-103nm.txt
60.574493,2.818e-17,O2_Holland(1993)_298K_49-103nm.txt
60.579449,2.797e-17,O2_Holland(1993)_298K_49-103nm.txt
60.584399,2.781e-17,O2_Holland(1993)_298K_49-103nm.txt
60.589355,2.756e-17,O2_Holland(1993)_298K_49-103nm.txt
60.594305,2.757e-17,O2_Holland(1993)_298K_49-103nm.txt
60.599255,2.763e-17,O2_Holland(1993)_298K_49-103nm.txt
60.604211,2.774e-17,O2_Holland(1993)_298K_49-103nm.txt
60.609168,2.792e-17,O2_Holland(1993)_298K_49-103nm.txt
60.614117,2.792e-17,O2_Holland(1993)_298K_49-103nm.txt
60.619067,2.788e-17,O2_Holland(1993)_298K_49-103nm.txt
60.624017,2.765e-17,O2_Holland(1993)_298K_49-103nm.txt
60.62898,2.725e-17,O2_Holland(1993)_298K_49-103nm.txt
60.633929,2.718e-17,O2_Holland(1993)_298K_49-103nm.txt
60.638879,2.692e-17,O2_Holland(1993)_298K_49-103nm.txt
60.643835,2.69e-17,O2_Holland(1993)_298K_49-103nm.txt
60.648785,2.683e-17,O2_Holland(1993)_298K_49-103nm.txt
60.653742,2.705e-17,O2_Holland(1993)_298K_49-103nm.txt
60.658691,2.748e-17,O2_Holland(1993)_298K_49-103nm.txt
60.663648,2.77e-17,O2_Holland(1993)_298K_49-103nm.txt
60.668597,2.818e-17,O2_Holland(1993)_298K_49-103nm.txt
60.673547,2.858e-17,O2_Holland(1993)_298K_49-103nm.txt
60.678503,2.885e-17,O2_Holland(1993)_298K_49-103nm.txt
60.68346,2.91e-17,O2_Holland(1993)_298K_49-103nm.txt
60.688409,2.913e-17,O2_Holland(1993)_298K_49-103nm.txt
60.693359,2.89e-17,O2_Holland(1993)_298K_49-103nm.txt
60.698309,2.891e-17,O2_Holland(1993)_298K_49-103nm.txt
60.703272,2.885e-17,O2_Holland(1993)_298K_49-103nm.txt
60.708221,2.865e-17,O2_Holland(1993)_298K_49-103nm.txt
60.713171,2.829e-17,O2_Holland(1993)_298K_49-103nm.txt
60.718127,2.805e-17,O2_Holland(1993)_298K_49-103nm.txt
60.723077,2.773e-17,O2_Holland(1993)_298K_49-103nm.txt
60.728033,2.738e-17,O2_Holland(1993)_298K_49-103nm.txt
60.732983,2.716e-17,O2_Holland(1993)_298K_49-103nm.txt
60.73794,2.685e-17,O2_Holland(1993)_298K_49-103nm.txt
60.742889,2.7e-17,O2_Holland(1993)_298K_49-103nm.txt
60.747839,2.749e-17,O2_Holland(1993)_298K_49-103nm.txt
60.752795,2.764e-17,O2_Holland(1993)_298K_49-103nm.txt
60.757751,2.814e-17,O2_Holland(1993)_298K_49-103nm.txt
60.762701,2.833e-17,O2_Holland(1993)_298K_49-103nm.txt
60.767651,2.857e-17,O2_Holland(1993)_298K_49-103nm.txt
60.772601,2.848e-17,O2_Holland(1993)_298K_49-103nm.txt
60.777563,2.835e-17,O2_Holland(1993)_298K_49-103nm.txt
60.782513,2.835e-17,O2_Holland(1993)_298K_49-103nm.txt
60.787463,2.819e-17,O2_Holland(1993)_298K_49-103nm.txt
60.792419,2.797e-17,O2_Holland(1993)_298K_49-103nm.txt
60.797369,2.771e-17,O2_Holland(1993)_298K_49-103nm.txt
60.802325,2.758e-17,O2_Holland(1993)_298K_49-103nm.txt
60.807275,2.729e-17,O2_Holland(1993)_298K_49-103nm.txt
60.812231,2.728e-17,O2_Holland(1993)_298K_49-103nm.txt
60.817181,2.702e-17,O2_Holland(1993)_298K_49-103nm.txt
60.822131,2.67e-17,O2_Holland(1993)_298K_49-103nm.txt
60.827087,2.645e-17,O2_Holland(1993)_298K_49-103nm.txt
60.832043,2.611e-17,O2_Holland(1993)_298K_49-103nm.txt
60.836993,2.581e-17,O2_Holland(1993)_298K_49-103nm.txt
60.841943,2.559e-17,O2_Holland(1993)_298K_49-103nm.txt
60.846893,2.536e-17,O2_Holland(1993)_298K_49-103nm.txt
60.851855,2.551e-17,O2_Holland(1993)_298K_49-103nm.txt
60.856805,2.557e-17,O2_Holland(1993)_298K_49-103nm.txt
60.861755,2.597e-17,O2_Holland(1993)_298K_49-103nm.txt
60.866711,2.621e-17,O2_Holland(1993)_298K_49-103nm.txt
60.871661,2.664e-17,O2_Holland(1993)_298K_49-103nm.txt
60.876617,2.712e-17,O2_Holland(1993)_298K_49-103nm.txt
60.881567,2.735e-17,O2_Holland(1993)_298K_49-103nm.txt
60.886523,2.739e-17,O2_Holland(1993)_298K_49-103nm.txt
60.891473,2.751e-17,O2_Holland(1993)_298K_49-103nm.txt
60.896423,2.739e-17,O2_Holland(1993)_298K_49-103nm.txt
60.901379,2.754e-17,O2_Holland(1993)_298K_49-103nm.txt
60.906335,2.784e-17,O2_Holland(1993)_298K_49-103nm.txt
60.911285,2.796e-17,O2_Holland(1993)_298K_49-103nm.txt
60.916235,2.833e-17,O2_Holland(1993)_298K_49-103nm.txt
60.921185,2.839e-17,O2_Holland(1993)_298K_49-103nm.txt
60.926148,2.835e-17,O2_Holland(1993)_298K_49-103nm.txt
60.931097,2.829e-17,O2_Holland(1993)_298K_49-103nm.txt
60.936047,2.813e-17,O2_Holland(1993)_298K_49-103nm.txt
60.941003,2.814e-17,O2_Holland(1993)_298K_49-103nm.txt
60.945953,2.83e-17,O2_Holland(1993)_298K_49-103nm.txt
60.950909,2.839e-17,O2_Holland(1993)_298K_49-103nm.txt
60.955859,2.86e-17,O2_Holland(1993)_298K_49-103nm.txt
60.960815,2.883e-17,O2_Holland(1993)_298K_49-103nm.txt
60.965765,2.852e-17,O2_Holland(1993)_298K_49-103nm.txt
60.970715,2.821e-17,O2_Holland(1993)_298K_49-103nm.txt
60.975671,2.795e-17,O2_Holland(1993)_298K_49-103nm.txt
60.980627,2.77e-17,O2_Holland(1993)_298K_49-103nm.txt
60.985577,2.742e-17,O2_Holland(1993)_298K_49-103nm.txt
60.990527,2.717e-17,O2_Holland(1993)_298K_49-103nm.txt
60.995477,2.716e-17,O2_Holland(1993)_298K_49-103nm.txt
61.00044,2.705e-17,O2_Holland(1993)_298K_49-103nm.txt
61.005389,2.692e-17,O2_Holland(1993)_298K_49-103nm.txt
61.010339,2.68e-17,O2_Holland(1993)_298K_49-103nm.txt
61.015295,2.665e-17,O2_Holland(1993)_298K_49-103nm.txt
61.020245,2.656e-17,O2_Holland(1993)_298K_49-103nm.txt
61.025201,2.669e-17,O2_Holland(1993)_298K_49-103nm.txt
61.030151,2.691e-17,O2_Holland(1993)_298K_49-103nm.txt
61.035107,2.713e-17,O2_Holland(1993)_298K_49-103nm.txt
61.040057,2.737e-17,O2_Holland(1993)_298K_49-103nm.txt
61.045007,2.756e-17,O2_Holland(1993)_298K_49-103nm.txt
61.049963,2.797e-17,O2_Holland(1993)_298K_49-103nm.txt
61.054919,2.837e-17,O2_Holland(1993)_298K_49-103nm.txt
61.059869,2.869e-17,O2_Holland(1993)_298K_49-103nm.txt
61.064819,2.906e-17,O2_Holland(1993)_298K_49-103nm.txt
61.069769,2.937e-17,O2_Holland(1993)_298K_49-103nm.txt
61.074731,2.952e-17,O2_Holland(1993)_298K_49-103nm.txt
61.079681,2.955e-17,O2_Holland(1993)_298K_49-103nm.txt
61.084631,2.936e-17,O2_Holland(1993)_298K_49-103nm.txt
61.089587,2.935e-17,O2_Holland(1993)_298K_49-103nm.txt
61.094537,2.921e-17,O2_Holland(1993)_298K_49-103nm.txt
61.099493,2.91e-17,O2_Holland(1993)_298K_49-103nm.txt
61.104443,2.886e-17,O2_Holland(1993)_298K_49-103nm.txt
61.109399,2.859e-17,O2_Holland(1993)_298K_49-103nm.txt
61.114349,2.813e-17,O2_Holland(1993)_298K_49-103nm.txt
61.119299,2.778e-17,O2_Holland(1993)_298K_49-103nm.txt
61.124255,2.756e-17,O2_Holland(1993)_298K_49-103nm.txt
61.129211,2.702e-17,O2_Holland(1993)_298K_49-103nm.txt
61.134161,2.67e-17,O2_Holland(1993)_298K_49-103nm.txt
61.139111,2.672e-17,O2_Holland(1993)_298K_49-103nm.txt
61.144061,2.663e-17,O2_Holland(1993)_298K_49-103nm.txt
61.149023,2.712e-17,O2_Holland(1993)_298K_49-103nm.txt
61.153973,2.732e-17,O2_Holland(1993)_298K_49-103nm.txt
61.158923,2.757e-17,O2_Holland(1993)_298K_49-103nm.txt
61.163879,2.775e-17,O2_Holland(1993)_298K_49-103nm.txt
61.168829,2.779e-17,O2_Holland(1993)_298K_49-103nm.txt
61.173785,2.783e-17,O2_Holland(1993)_298K_49-103nm.txt
61.178735,2.751e-17,O2_Holland(1993)_298K_49-103nm.txt
61.183691,2.731e-17,O2_Holland(1993)_298K_49-103nm.txt
61.188641,2.701e-17,O2_Holland(1993)_298K_49-103nm.txt
61.193591,2.679e-17,O2_Holland(1993)_298K_49-103nm.txt
61.198547,2.639e-17,O2_Holland(1993)_298K_49-103nm.txt
61.203503,2.606e-17,O2_Holland(1993)_298K_49-103nm.txt
61.208453,2.59e-17,O2_Holland(1993)_298K_49-103nm.txt
61.213403,2.564e-17,O2_Holland(1993)_298K_49-103nm.txt
61.218353,2.547e-17,O2_Holland(1993)_298K_49-103nm.txt
61.223315,2.528e-17,O2_Holland(1993)_298K_49-103nm.txt
61.228265,2.504e-17,O2_Holland(1993)_298K_49-103nm.txt
61.233215,2.472e-17,O2_Holland(1993)_298K_49-103nm.txt
61.238171,2.425e-17,O2_Holland(1993)_298K_49-103nm.txt
61.243121,2.384e-17,O2_Holland(1993)_298K_49-103nm.txt
61.248077,2.358e-17,O2_Holland(1993)_298K_49-103nm.txt
61.253027,2.353e-17,O2_Holland(1993)_298K_49-103nm.txt
61.257983,2.361e-17,O2_Holland(1993)_298K_49-103nm.txt
61.262933,2.388e-17,O2_Holland(1993)_298K_49-103nm.txt
61.267883,2.427e-17,O2_Holland(1993)_298K_49-103nm.txt
61.272839,2.477e-17,O2_Holland(1993)_298K_49-103nm.txt
61.277795,2.536e-17,O2_Holland(1993)_298K_49-103nm.txt
61.282745,2.596e-17,O2_Holland(1993)_298K_49-103nm.txt
61.287695,2.642e-17,O2_Holland(1993)_298K_49-103nm.txt
61.292645,2.679e-17,O2_Holland(1993)_298K_49-103nm.txt
61.297607,2.729e-17,O2_Holland(1993)_298K_49-103nm.txt
61.302557,2.775e-17,O2_Holland(1993)_298K_49-103nm.txt
61.307507,2.81e-17,O2_Holland(1993)_298K_49-103nm.txt
61.312463,2.851e-17,O2_Holland(1993)_298K_49-103nm.txt
61.317413,2.882e-17,O2_Holland(1993)_298K_49-103nm.txt
61.322369,2.918e-17,O2_Holland(1993)_298K_49-103nm.txt
61.327319,2.941e-17,O2_Holland(1993)_298K_49-103nm.txt
61.332275,2.957e-17,O2_Holland(1993)_298K_49-103nm.txt
61.337225,2.963e-17,O2_Holland(1993)_298K_49-103nm.txt
61.342175,2.96e-17,O2_Holland(1993)_298K_49-103nm.txt
61.347131,2.979e-17,O2_Holland(1993)_298K_49-103nm.txt
61.352087,2.953e-17,O2_Holland(1993)_298K_49-103nm.txt
61.357037,2.955e-17,O2_Holland(1993)_298K_49-103nm.txt
61.361987,2.964e-17,O2_Holland(1993)_298K_49-103nm.txt
61.366937,2.975e-17,O2_Holland(1993)_298K_49-103nm.txt
61.371899,2.929e-17,O2_Holland(1993)_298K_49-103nm.txt
61.376849,2.917e-17,O2_Holland(1993)_298K_49-103nm.txt
61.381799,2.889e-17,O2_Holland(1993)_298K_49-103nm.txt
61.386755,2.876e-17,O2_Holland(1993)_298K_49-103nm.txt
61.391705,2.827e-17,O2_Holland(1993)_298K_49-103nm.txt
61.396661,2.801e-17,O2_Holland(1993)_298K_49-103nm.txt
61.401611,2.741e-17,O2_Holland(1993)_298K_49-103nm.txt
61.406567,2.71e-17,O2_Holland(1993)_298K_49-103nm.txt
61.411517,2.675e-17,O2_Holland(1993)_298K_49-103nm.txt
61.416467,2.673e-17,O2_Holland(1993)_298K_49-103nm.txt
61.421423,2.668e-17,O2_Holland(1993)_298K_49-103nm.txt
61.426379,2.695e-17,O2_Holland(1993)_298K_49-103nm.txt
61.431329,2.734e-17,O2_Holland(1993)_298K_49-103nm.txt
61.436279,2.791e-17,O2_Holland(1993)_298K_49-103nm.txt
61.441229,2.833e-17,O2_Holland(1993)_298K_49-103nm.txt
61.446191,2.877e-17,O2_Holland(1993)_298K_49-103nm.txt
61.451141,2.885e-17,O2_Holland(1993)_298K_49-103nm.txt
61.456091,2.894e-17,O2_Holland(1993)_298K_49-103nm.txt
61.461047,2.904e-17,O2_Holland(1993)_298K_49-103nm.txt
61.465997,2.875e-17,O2_Holland(1993)_298K_49-103nm.txt
61.470953,2.873e-17,O2_Holland(1993)_298K_49-103nm.txt
61.475903,2.878e-17,O2_Holland(1993)_298K_49-103nm.txt
61.480859,2.895e-17,O2_Holland(1993)_298K_49-103nm.txt
61.485809,2.913e-17,O2_Holland(1993)_298K_49-103nm.txt
61.490759,2.936e-17,O2_Holland(1993)_298K_49-103nm.txt
61.495715,2.942e-17,O2_Holland(1993)_298K_49-103nm.txt
61.500671,2.934e-17,O2_Holland(1993)_298K_49-103nm.txt
61.505621,2.924e-17,O2_Holland(1993)_298K_49-103nm.txt
61.510571,2.905e-17,O2_Holland(1993)_298K_49-103nm.txt
61.515521,2.892e-17,O2_Holland(1993)_298K_49-103nm.txt
61.520483,2.874e-17,O2_Holland(1993)_298K_49-103nm.txt
61.525433,2.846e-17,O2_Holland(1993)_298K_49-103nm.txt
61.530383,2.808e-17,O2_Holland(1993)_298K_49-103nm.txt
61.535339,2.767e-17,O2_Holland(1993)_298K_49-103nm.txt
61.540289,2.712e-17,O2_Holland(1993)_298K_49-103nm.txt
61.545245,2.659e-17,O2_Holland(1993)_298K_49-103nm.txt
61.550195,2.631e-17,O2_Holland(1993)_298K_49-103nm.txt
61.555151,2.609e-17,O2_Holland(1993)_298K_49-103nm.txt
61.560101,2.618e-17,O2_Holland(1993)_298K_49-103nm.txt
61.565051,2.615e-17,O2_Holland(1993)_298K_49-103nm.txt
61.570007,2.633e-17,O2_Holland(1993)_298K_49-103nm.txt
61.574963,2.653e-17,O2_Holland(1993)_298K_49-103nm.txt
61.579913,2.65e-17,O2_Holland(1993)_298K_49-103nm.txt
61.584863,2.642e-17,O2_Holland(1993)_298K_49-103nm.txt
61.589813,2.634e-17,O2_Holland(1993)_298K_49-103nm.txt
61.594775,2.629e-17,O2_Holland(1993)_298K_49-103nm.txt
61.599725,2.611e-17,O2_Holland(1993)_298K_49-103nm.txt
61.604675,2.586e-17,O2_Holland(1993)_298K_49-103nm.txt
61.609631,2.541e-17,O2_Holland(1993)_298K_49-103nm.txt
61.614581,2.515e-17,O2_Holland(1993)_298K_49-103nm.txt
61.619537,2.488e-17,O2_Holland(1993)_298K_49-103nm.txt
61.624487,2.453e-17,O2_Holland(1993)_298K_49-103nm.txt
61.629443,2.423e-17,O2_Holland(1993)_298K_49-103nm.txt
61.634393,2.383e-17,O2_Holland(1993)_298K_49-103nm.txt
61.639343,2.369e-17,O2_Holland(1993)_298K_49-103nm.txt
61.644299,2.358e-17,O2_Holland(1993)_298K_49-103nm.txt
61.649255,2.311e-17,O2_Holland(1993)_298K_49-103nm.txt
61.654205,2.278e-17,O2_Holland(1993)_298K_49-103nm.txt
61.659155,2.252e-17,O2_Holland(1993)_298K_49-103nm.txt
61.664105,2.179e-17,O2_Holland(1993)_298K_49-103nm.txt
61.669067,2.159e-17,O2_Holland(1993)_298K_49-103nm.txt
61.674017,2.146e-17,O2_Holland(1993)_298K_49-103nm.txt
61.678967,2.139e-17,O2_Holland(1993)_298K_49-103nm.txt
61.683923,2.156e-17,O2_Holland(1993)_298K_49-103nm.txt
61.688873,2.196e-17,O2_Holland(1993)_298K_49-103nm.txt
61.693829,2.278e-17,O2_Holland(1993)_298K_49-103nm.txt
61.698779,2.359e-17,O2_Holland(1993)_298K_49-103nm.txt
61.703735,2.453e-17,O2_Holland(1993)_298K_49-103nm.txt
61.708685,2.554e-17,O2_Holland(1993)_298K_49-103nm.txt
61.713635,2.65e-17,O2_Holland(1993)_298K_49-103nm.txt
61.718591,2.755e-17,O2_Holland(1993)_298K_49-103nm.txt
61.723547,2.845e-17,O2_Holland(1993)_298K_49-103nm.txt
61.728497,2.919e-17,O2_Holland(1993)_298K_49-103nm.txt
61.733447,2.984e-17,O2_Holland(1993)_298K_49-103nm.txt
61.738397,3.043e-17,O2_Holland(1993)_298K_49-103nm.txt
61.743359,3.106e-17,O2_Holland(1993)_298K_49-103nm.txt
61.748309,3.151e-17,O2_Holland(1993)_298K_49-103nm.txt
61.753259,3.202e-17,O2_Holland(1993)_298K_49-103nm.txt
61.758215,3.22e-17,O2_Holland(1993)_298K_49-103nm.txt
61.763165,3.217e-17,O2_Holland(1993)_298K_49-103nm.txt
61.768121,3.223e-17,O2_Holland(1993)_298K_49-103nm.txt
61.773071,3.224e-17,O2_Holland(1993)_298K_49-103nm.txt
61.778027,3.189e-17,O2_Holland(1993)_298K_49-103nm.txt
61.782977,3.174e-17,O2_Holland(1993)_298K_49-103nm.txt
61.787927,3.148e-17,O2_Holland(1993)_298K_49-103nm.txt
61.792883,3.132e-17,O2_Holland(1993)_298K_49-103nm.txt
61.797839,3.102e-17,O2_Holland(1993)_298K_49-103nm.txt
61.802789,3.078e-17,O2_Holland(1993)_298K_49-103nm.txt
61.807739,3.05e-17,O2_Holland(1993)_298K_49-103nm.txt
61.812689,3.007e-17,O2_Holland(1993)_298K_49-103nm.txt
61.817651,2.97e-17,O2_Holland(1993)_298K_49-103nm.txt
61.822601,2.937e-17,O2_Holland(1993)_298K_49-103nm.txt
61.827551,2.882e-17,O2_Holland(1993)_298K_49-103nm.txt
61.832507,2.82e-17,O2_Holland(1993)_298K_49-103nm.txt
61.837457,2.775e-17,O2_Holland(1993)_298K_49-103nm.txt
61.842413,2.749e-17,O2_Holland(1993)_298K_49-103nm.txt
61.847363,2.714e-17,O2_Holland(1993)_298K_49-103nm.txt
61.852319,2.626e-17,O2_Holland(1993)_298K_49-103nm.txt
61.857269,2.706e-17,O2_Holland(1993)_298K_49-103nm.txt
61.862219,2.728e-17,O2_Holland(1993)_298K_49-103nm.txt
61.867175,2.745e-17,O2_Holland(1993)_298K_49-103nm.txt
61.872131,2.79e-17,O2_Holland(1993)_298K_49-103nm.txt
61.877081,2.851e-17,O2_Holland(1993)_298K_49-103nm.txt
61.882031,2.869e-17,O2_Holland(1993)_298K_49-103nm.txt
61.886981,2.889e-17,O2_Holland(1993)_298K_49-103nm.txt
61.891943,2.895e-17,O2_Holland(1993)_298K_49-103nm.txt
61.896893,2.89e-17,O2_Holland(1993)_298K_49-103nm.txt
61.901843,2.885e-17,O2_Holland(1993)_298K_49-103nm.txt
61.906799,2.86e-17,O2_Holland(1993)_298K_49-103nm.txt
61.911749,2.842e-17,O2_Holland(1993)_298K_49-103nm.txt
61.916705,2.824e-17,O2_Holland(1993)_298K_49-103nm.txt
61.921655,2.805e-17,O2_Holland(1993)_298K_49-103nm.txt
61.926611,2.792e-17,O2_Holland(1993)_298K_49-103nm.txt
61.931561,2.753e-17,O2_Holland(1993)_298K_49-103nm.txt
61.936511,2.74e-17,O2_Holland(1993)_298K_49-103nm.txt
61.941467,2.717e-17,O2_Holland(1993)_298K_49-103nm.txt
61.946423,2.71e-17,O2_Holland(1993)_298K_49-103nm.txt
61.951373,2.691e-17,O2_Holland(1993)_298K_49-103nm.txt
61.956323,2.679e-17,O2_Holland(1993)_298K_49-103nm.txt
61.961279,2.674e-17,O2_Holland(1993)_298K_49-103nm.txt
61.966235,2.673e-17,O2_Holland(1993)_298K_49-103nm.txt
61.971185,2.663e-17,O2_Holland(1993)_298K_49-103nm.txt
61.976135,2.65e-17,O2_Holland(1993)_298K_49-103nm.txt
61.981091,2.628e-17,O2_Holland(1993)_298K_49-103nm.txt
61.986041,2.631e-17,O2_Holland(1993)_298K_49-103nm.txt
61.990997,2.616e-17,O2_Holland(1993)_298K_49-103nm.txt
61.995947,2.602e-17,O2_Holland(1993)_298K_49-103nm.txt
62.000903,2.583e-17,O2_Holland(1993)_298K_49-103nm.txt
62.005853,2.557e-17,O2_Holland(1993)_298K_49-103nm.txt
62.010803,2.543e-17,O2_Holland(1993)_298K_49-103nm.txt
62.015759,2.515e-17,O2_Holland(1993)_298K_49-103nm.txt
62.020715,2.5e-17,O2_Holland(1993)_298K_49-103nm.txt
62.025665,2.484e-17,O2_Holland(1993)_298K_49-103nm.txt
62.030615,2.461e-17,O2_Holland(1993)_298K_49-103nm.txt
62.035571,2.437e-17,O2_Holland(1993)_298K_49-103nm.txt
62.040527,2.42e-17,O2_Holland(1993)_298K_49-103nm.txt
62.045477,2.373e-17,O2_Holland(1993)_298K_49-103nm.txt
62.050427,2.362e-17,O2_Holland(1993)_298K_49-103nm.txt
62.055383,2.357e-17,O2_Holland(1993)_298K_49-103nm.txt
62.060333,2.329e-17,O2_Holland(1993)_298K_49-103nm.txt
62.065289,2.32e-17,O2_Holland(1993)_298K_49-103nm.txt
62.070239,2.3e-17,O2_Holland(1993)_298K_49-103nm.txt
62.075195,2.304e-17,O2_Holland(1993)_298K_49-103nm.txt
62.080145,2.296e-17,O2_Holland(1993)_298K_49-103nm.txt
62.085095,2.287e-17,O2_Holland(1993)_298K_49-103nm.txt
62.090051,2.286e-17,O2_Holland(1993)_298K_49-103nm.txt
62.095007,2.289e-17,O2_Holland(1993)_298K_49-103nm.txt
62.099957,2.284e-17,O2_Holland(1993)_298K_49-103nm.txt
62.104907,2.281e-17,O2_Holland(1993)_298K_49-103nm.txt
62.109863,2.289e-17,O2_Holland(1993)_298K_49-103nm.txt
62.114819,2.3e-17,O2_Holland(1993)_298K_49-103nm.txt
62.119769,2.333e-17,O2_Holland(1993)_298K_49-103nm.txt
62.124719,2.377e-17,O2_Holland(1993)_298K_49-103nm.txt
62.129675,2.437e-17,O2_Holland(1993)_298K_49-103nm.txt
62.134625,2.515e-17,O2_Holland(1993)_298K_49-103nm.txt
62.139581,2.591e-17,O2_Holland(1993)_298K_49-103nm.txt
62.144531,2.67e-17,O2_Holland(1993)_298K_49-103nm.txt
62.149487,2.766e-17,O2_Holland(1993)_298K_49-103nm.txt
62.154437,2.881e-17,O2_Holland(1993)_298K_49-103nm.txt
62.159387,2.96e-17,O2_Holland(1993)_298K_49-103nm.txt
62.164343,3.055e-17,O2_Holland(1993)_298K_49-103nm.txt
62.169299,3.107e-17,O2_Holland(1993)_298K_49-103nm.txt
62.174249,3.138e-17,O2_Holland(1993)_298K_49-103nm.txt
62.179199,3.144e-17,O2_Holland(1993)_298K_49-103nm.txt
62.184155,3.14e-17,O2_Holland(1993)_298K_49-103nm.txt
62.189111,3.119e-17,O2_Holland(1993)_298K_49-103nm.txt
62.194061,3.106e-17,O2_Holland(1993)_298K_49-103nm.txt
62.199011,3.102e-17,O2_Holland(1993)_298K_49-103nm.txt
62.203967,3.099e-17,O2_Holland(1993)_298K_49-103nm.txt
62.208917,3.084e-17,O2_Holland(1993)_298K_49-103nm.txt
62.213873,3.066e-17,O2_Holland(1993)_298K_49-103nm.txt
62.218823,3.058e-17,O2_Holland(1993)_298K_49-103nm.txt
62.223779,3.039e-17,O2_Holland(1993)_298K_49-103nm.txt
62.228729,3.023e-17,O2_Holland(1993)_298K_49-103nm.txt
62.233679,3.014e-17,O2_Holland(1993)_298K_49-103nm.txt
62.238635,3.002e-17,O2_Holland(1993)_298K_49-103nm.txt
62.243591,2.984e-17,O2_Holland(1993)_298K_49-103nm.txt
62.248541,2.971e-17,O2_Holland(1993)_298K_49-103nm.txt
62.253491,2.96e-17,O2_Holland(1993)_298K_49-103nm.txt
62.258447,2.95e-17,O2_Holland(1993)_298K_49-103nm.txt
62.263403,2.939e-17,O2_Holland(1993)_298K_49-103nm.txt
62.268353,2.926e-17,O2_Holland(1993)_298K_49-103nm.txt
62.273303,2.92e-17,O2_Holland(1993)_298K_49-103nm.txt
62.278259,2.918e-17,O2_Holland(1993)_298K_49-103nm.txt
62.283209,2.9e-17,O2_Holland(1993)_298K_49-103nm.txt
62.288165,2.89e-17,O2_Holland(1993)_298K_49-103nm.txt
62.293115,2.874e-17,O2_Holland(1993)_298K_49-103nm.txt
62.298071,2.861e-17,O2_Holland(1993)_298K_49-103nm.txt
62.303021,2.831e-17,O2_Holland(1993)_298K_49-103nm.txt
62.307971,2.807e-17,O2_Holland(1993)_298K_49-103nm.txt
62.312927,2.796e-17,O2_Holland(1993)_298K_49-103nm.txt
62.317883,2.757e-17,O2_Holland(1993)_298K_49-103nm.txt
62.322833,2.747e-17,O2_Holland(1993)_298K_49-103nm.txt
62.327783,2.716e-17,O2_Holland(1993)_298K_49-103nm.txt
62.332739,2.694e-17,O2_Holland(1993)_298K_49-103nm.txt
62.337695,2.672e-17,O2_Holland(1993)_298K_49-103nm.txt
62.342645,2.654e-17,O2_Holland(1993)_298K_49-103nm.txt
62.347595,2.626e-17,O2_Holland(1993)_298K_49-103nm.txt
62.352551,2.613e-17,O2_Holland(1993)_298K_49-103nm.txt
62.357501,2.599e-17,O2_Holland(1993)_298K_49-103nm.txt
62.362457,2.577e-17,O2_Holland(1993)_298K_49-103nm.txt
62.367407,2.553e-17,O2_Holland(1993)_298K_49-103nm.txt
62.372363,2.54e-17,O2_Holland(1993)_298K_49-103nm.txt
62.377313,2.529e-17,O2_Holland(1993)_298K_49-103nm.txt
62.382263,2.504e-17,O2_Holland(1993)_298K_49-103nm.txt
62.387219,2.483e-17,O2_Holland(1993)_298K_49-103nm.txt
62.392175,2.483e-17,O2_Holland(1993)_298K_49-103nm.txt
62.397125,2.474e-17,O2_Holland(1993)_298K_49-103nm.txt
62.402075,2.478e-17,O2_Holland(1993)_298K_49-103nm.txt
62.407031,2.484e-17,O2_Holland(1993)_298K_49-103nm.txt
62.411987,2.481e-17,O2_Holland(1993)_298K_49-103nm.txt
62.416937,2.484e-17,O2_Holland(1993)_298K_49-103nm.txt
62.421887,2.493e-17,O2_Holland(1993)_298K_49-103nm.txt
62.426843,2.492e-17,O2_Holland(1993)_298K_49-103nm.txt
62.431793,2.497e-17,O2_Holland(1993)_298K_49-103nm.txt
62.436749,2.507e-17,O2_Holland(1993)_298K_49-103nm.txt
62.441699,2.512e-17,O2_Holland(1993)_298K_49-103nm.txt
62.446655,2.499e-17,O2_Holland(1993)_298K_49-103nm.txt
62.451605,2.508e-17,O2_Holland(1993)_298K_49-103nm.txt
62.456555,2.527e-17,O2_Holland(1993)_298K_49-103nm.txt
62.461511,2.542e-17,O2_Holland(1993)_298K_49-103nm.txt
62.466467,2.534e-17,O2_Holland(1993)_298K_49-103nm.txt
62.471417,2.547e-17,O2_Holland(1993)_298K_49-103nm.txt
62.476367,2.565e-17,O2_Holland(1993)_298K_49-103nm.txt
62.481323,2.564e-17,O2_Holland(1993)_298K_49-103nm.txt
62.486279,2.572e-17,O2_Holland(1993)_298K_49-103nm.txt
62.491229,2.569e-17,O2_Holland(1993)_298K_49-103nm.txt
62.496179,2.565e-17,O2_Holland(1993)_298K_49-103nm.txt
62.501135,2.566e-17,O2_Holland(1993)_298K_49-103nm.txt
62.506085,2.56e-17,O2_Holland(1993)_298K_49-103nm.txt
62.511041,2.542e-17,O2_Holland(1993)_298K_49-103nm.txt
62.515991,2.526e-17,O2_Holland(1993)_298K_49-103nm.txt
62.520947,2.524e-17,O2_Holland(1993)_298K_49-103nm.txt
62.525897,2.527e-17,O2_Holland(1993)_298K_49-103nm.txt
62.530847,2.55e-17,O2_Holland(1993)_298K_49-103nm.txt
62.535803,2.6e-17,O2_Holland(1993)_298K_49-103nm.txt
62.540759,2.642e-17,O2_Holland(1993)_298K_49-103nm.txt
62.545709,2.695e-17,O2_Holland(1993)_298K_49-103nm.txt
62.550659,2.717e-17,O2_Holland(1993)_298K_49-103nm.txt
62.555615,2.728e-17,O2_Holland(1993)_298K_49-103nm.txt
62.560571,2.736e-17,O2_Holland(1993)_298K_49-103nm.txt
62.565521,2.742e-17,O2_Holland(1993)_298K_49-103nm.txt
62.570471,2.746e-17,O2_Holland(1993)_298K_49-103nm.txt
62.575427,2.762e-17,O2_Holland(1993)_298K_49-103nm.txt
62.580377,2.778e-17,O2_Holland(1993)_298K_49-103nm.txt
62.585333,2.813e-17,O2_Holland(1993)_298K_49-103nm.txt
62.590283,2.87e-17,O2_Holland(1993)_298K_49-103nm.txt
62.595239,2.923e-17,O2_Holland(1993)_298K_49-103nm.txt
62.600189,2.98e-17,O2_Holland(1993)_298K_49-103nm.txt
62.605139,3e-17,O2_Holland(1993)_298K_49-103nm.txt
62.610095,3.021e-17,O2_Holland(1993)_298K_49-103nm.txt
62.615051,3.025e-17,O2_Holland(1993)_298K_49-103nm.txt
62.620001,3.015e-17,O2_Holland(1993)_298K_49-103nm.txt
62.624951,2.988e-17,O2_Holland(1993)_298K_49-103nm.txt
62.629907,2.969e-17,O2_Holland(1993)_298K_49-103nm.txt
62.634863,2.957e-17,O2_Holland(1993)_298K_49-103nm.txt
62.639813,2.955e-17,O2_Holland(1993)_298K_49-103nm.txt
62.644763,2.933e-17,O2_Holland(1993)_298K_49-103nm.txt
62.649719,2.936e-17,O2_Holland(1993)_298K_49-103nm.txt
62.654669,2.934e-17,O2_Holland(1993)_298K_49-103nm.txt
62.659625,2.924e-17,O2_Holland(1993)_298K_49-103nm.txt
62.664575,2.911e-17,O2_Holland(1993)_298K_49-103nm.txt
62.669531,2.902e-17,O2_Holland(1993)_298K_49-103nm.txt
62.674481,2.876e-17,O2_Holland(1993)_298K_49-103nm.txt
62.679431,2.875e-17,O2_Holland(1993)_298K_49-103nm.txt
62.684387,2.844e-17,O2_Holland(1993)_298K_49-103nm.txt
62.689343,2.825e-17,O2_Holland(1993)_298K_49-103nm.txt
62.694293,2.81e-17,O2_Holland(1993)_298K_49-103nm.txt
62.699243,2.786e-17,O2_Holland(1993)_298K_49-103nm.txt
62.704199,2.773e-17,O2_Holland(1993)_298K_49-103nm.txt
62.709155,2.759e-17,O2_Holland(1993)_298K_49-103nm.txt
62.714105,2.742e-17,O2_Holland(1993)_298K_49-103nm.txt
62.719055,2.722e-17,O2_Holland(1993)_298K_49-103nm.txt
62.724011,2.693e-17,O2_Holland(1993)_298K_49-103nm.txt
62.728961,2.688e-17,O2_Holland(1993)_298K_49-103nm.txt
62.733917,2.664e-17,O2_Holland(1993)_298K_49-103nm.txt
62.738867,2.639e-17,O2_Holland(1993)_298K_49-103nm.txt
62.743823,2.618e-17,O2_Holland(1993)_298K_49-103nm.txt
62.748773,2.592e-17,O2_Holland(1993)_298K_49-103nm.txt
62.753723,2.576e-17,O2_Holland(1993)_298K_49-103nm.txt
62.758679,2.553e-17,O2_Holland(1993)_298K_49-103nm.txt
62.763635,2.532e-17,O2_Holland(1993)_298K_49-103nm.txt
62.768585,2.514e-17,O2_Holland(1993)_298K_49-103nm.txt
62.773535,2.487e-17,O2_Holland(1993)_298K_49-103nm.txt
62.778491,2.47e-17,O2_Holland(1993)_298K_49-103nm.txt
62.783447,2.449e-17,O2_Holland(1993)_298K_49-103nm.txt
62.788397,2.434e-17,O2_Holland(1993)_298K_49-103nm.txt
62.793347,2.419e-17,O2_Holland(1993)_298K_49-103nm.txt
62.798303,2.403e-17,O2_Holland(1993)_298K_49-103nm.txt
62.803253,2.388e-17,O2_Holland(1993)_298K_49-103nm.txt
62.808209,2.367e-17,O2_Holland(1993)_298K_49-103nm.txt
62.813159,2.359e-17,O2_Holland(1993)_298K_49-103nm.txt
62.818115,2.357e-17,O2_Holland(1993)_298K_49-103nm.txt
62.823065,2.335e-17,O2_Holland(1993)_298K_49-103nm.txt
62.828015,2.328e-17,O2_Holland(1993)_298K_49-103nm.txt
62.832971,2.329e-17,O2_Holland(1993)_298K_49-103nm.txt
62.837927,2.329e-17,O2_Holland(1993)_298K_49-103nm.txt
62.842877,2.322e-17,O2_Holland(1993)_298K_49-103nm.txt
62.847827,2.322e-17,O2_Holland(1993)_298K_49-103nm.txt
62.852783,2.341e-17,O2_Holland(1993)_298K_49-103nm.txt
62.857739,2.355e-17,O2_Holland(1993)_298K_49-103nm.txt
62.862689,2.371e-17,O2_Holland(1993)_298K_49-103nm.txt
62.867639,2.376e-17,O2_Holland(1993)_298K_49-103nm.txt
62.872595,2.393e-17,O2_Holland(1993)_298K_49-103nm.txt
62.877545,2.411e-17,O2_Holland(1993)_298K_49-103nm.txt
62.882501,2.423e-17,O2_Holland(1993)_298K_49-103nm.txt
62.887451,2.463e-17,O2_Holland(1993)_298K_49-103nm.txt
62.892407,2.488e-17,O2_Holland(1993)_298K_49-103nm.txt
62.897357,2.497e-17,O2_Holland(1993)_298K_49-103nm.txt
62.902307,2.539e-17,O2_Holland(1993)_298K_49-103nm.txt
62.907263,2.563e-17,O2_Holland(1993)_298K_49-103nm.txt
62.912219,2.588e-17,O2_Holland(1993)_298K_49-103nm.txt
62.917169,2.626e-17,O2_Holland(1993)_298K_49-103nm.txt
62.922119,2.664e-17,O2_Holland(1993)_298K_49-103nm.txt
62.927075,2.691e-17,O2_Holland(1993)_298K_49-103nm.txt
62.932031,2.715e-17,O2_Holland(1993)_298K_49-103nm.txt
62.936981,2.729e-17,O2_Holland(1993)_298K_49-103nm.txt
62.941931,2.759e-17,O2_Holland(1993)_298K_49-103nm.txt
62.946887,2.778e-17,O2_Holland(1993)_298K_49-103nm.txt
62.951837,2.828e-17,O2_Holland(1993)_298K_49-103nm.txt
62.956793,2.894e-17,O2_Holland(1993)_298K_49-103nm.txt
62.961743,2.992e-17,O2_Holland(1993)_298K_49-103nm.txt
62.966699,3.06e-17,O2_Holland(1993)_298K_49-103nm.txt
62.971649,3.112e-17,O2_Holland(1993)_298K_49-103nm.txt
62.976599,3.115e-17,O2_Holland(1993)_298K_49-103nm.txt
62.981555,3.102e-17,O2_Holland(1993)_298K_49-103nm.txt
62.986511,3.087e-17,O2_Holland(1993)_298K_49-103nm.txt
62.991461,3.047e-17,O2_Holland(1993)_298K_49-103nm.txt
62.996411,3.026e-17,O2_Holland(1993)_298K_49-103nm.txt
63.001367,3.008e-17,O2_Holland(1993)_298K_49-103nm.txt
63.006323,3e-17,O2_Holland(1993)_298K_49-103nm.txt
63.011273,2.988e-17,O2_Holland(1993)_298K_49-103nm.txt
63.016223,2.971e-17,O2_Holland(1993)_298K_49-103nm.txt
63.021179,2.963e-17,O2_Holland(1993)_298K_49-103nm.txt
63.026129,2.967e-17,O2_Holland(1993)_298K_49-103nm.txt
63.031085,2.955e-17,O2_Holland(1993)_298K_49-103nm.txt
63.036035,2.93e-17,O2_Holland(1993)_298K_49-103nm.txt
63.040991,2.944e-17,O2_Holland(1993)_298K_49-103nm.txt
63.045941,2.949e-17,O2_Holland(1993)_298K_49-103nm.txt
63.050891,2.914e-17,O2_Holland(1993)_298K_49-103nm.txt
63.055847,2.907e-17,O2_Holland(1993)_298K_49-103nm.txt
63.060803,2.891e-17,O2_Holland(1993)_298K_49-103nm.txt
63.065753,2.882e-17,O2_Holland(1993)_298K_49-103nm.txt
63.070703,2.863e-17,O2_Holland(1993)_298K_49-103nm.txt
63.075659,2.858e-17,O2_Holland(1993)_298K_49-103nm.txt
63.080615,2.837e-17,O2_Holland(1993)_298K_49-103nm.txt
63.085565,2.834e-17,O2_Holland(1993)_298K_49-103nm.txt
63.090515,2.819e-17,O2_Holland(1993)_298K_49-103nm.txt
63.095471,2.804e-17,O2_Holland(1993)_298K_49-103nm.txt
63.100421,2.783e-17,O2_Holland(1993)_298K_49-103nm.txt
63.105377,2.765e-17,O2_Holland(1993)_298K_49-103nm.txt
63.110327,2.754e-17,O2_Holland(1993)_298K_49-103nm.txt
63.115283,2.733e-17,O2_Holland(1993)_298K_49-103nm.txt
63.120233,2.717e-17,O2_Holland(1993)_298K_49-103nm.txt
63.125183,2.705e-17,O2_Holland(1993)_298K_49-103nm.txt
63.130139,2.683e-17,O2_Holland(1993)_298K_49-103nm.txt
63.135095,2.673e-17,O2_Holland(1993)_298K_49-103nm.txt
63.140045,2.659e-17,O2_Holland(1993)_298K_49-103nm.txt
63.144995,2.633e-17,O2_Holland(1993)_298K_49-103nm.txt
63.149951,2.624e-17,O2_Holland(1993)_298K_49-103nm.txt
63.154907,2.611e-17,O2_Holland(1993)_298K_49-103nm.txt
63.159857,2.591e-17,O2_Holland(1993)_298K_49-103nm.txt
63.164807,2.584e-17,O2_Holland(1993)_298K_49-103nm.txt
63.169763,2.576e-17,O2_Holland(1993)_298K_49-103nm.txt
63.174713,2.584e-17,O2_Holland(1993)_298K_49-103nm.txt
63.179669,2.58e-17,O2_Holland(1993)_298K_49-103nm.txt
63.184619,2.575e-17,O2_Holland(1993)_298K_49-103nm.txt
63.189575,2.587e-17,O2_Holland(1993)_298K_49-103nm.txt
63.194525,2.597e-17,O2_Holland(1993)_298K_49-103nm.txt
63.199475,2.59e-17,O2_Holland(1993)_298K_49-103nm.txt
63.204431,2.584e-17,O2_Holland(1993)_298K_49-103nm.txt
63.209387,2.586e-17,O2_Holland(1993)_298K_49-103nm.txt
63.214337,2.578e-17,O2_Holland(1993)_298K_49-103nm.txt
63.219287,2.556e-17,O2_Holland(1993)_298K_49-103nm.txt
63.224243,2.546e-17,O2_Holland(1993)_298K_49-103nm.txt
63.229199,2.535e-17,O2_Holland(1993)_298K_49-103nm.txt
63.234149,2.523e-17,O2_Holland(1993)_298K_49-103nm.txt
63.239099,2.515e-17,O2_Holland(1993)_298K_49-103nm.txt
63.244055,2.498e-17,O2_Holland(1993)_298K_49-103nm.txt
63.249005,2.482e-17,O2_Holland(1993)_298K_49-103nm.txt
63.253961,2.468e-17,O2_Holland(1993)_298K_49-103nm.txt
63.258911,2.458e-17,O2_Holland(1993)_298K_49-103nm.txt
63.263867,2.439e-17,O2_Holland(1993)_298K_49-103nm.txt
63.268817,2.43e-17,O2_Holland(1993)_298K_49-103nm.txt
63.273767,2.408e-17,O2_Holland(1993)_298K_49-103nm.txt
63.278723,2.401e-17,O2_Holland(1993)_298K_49-103nm.txt
63.283679,2.395e-17,O2_Holland(1993)_298K_49-103nm.txt
63.288629,2.388e-17,O2_Holland(1993)_298K_49-103nm.txt
63.293579,2.38e-17,O2_Holland(1993)_298K_49-103nm.txt
63.298535,2.37e-17,O2_Holland(1993)_298K_49-103nm.txt
63.303491,2.362e-17,O2_Holland(1993)_298K_49-103nm.txt
63.308441,2.357e-17,O2_Holland(1993)_298K_49-103nm.txt
63.313391,2.348e-17,O2_Holland(1993)_298K_49-103nm.txt
63.318347,2.357e-17,O2_Holland(1993)_298K_49-103nm.txt
63.323297,2.364e-17,O2_Holland(1993)_298K_49-103nm.txt
63.328253,2.353e-17,O2_Holland(1993)_298K_49-103nm.txt
63.333203,2.346e-17,O2_Holland(1993)_298K_49-103nm.txt
63.338159,2.361e-17,O2_Holland(1993)_298K_49-103nm.txt
63.343109,2.382e-17,O2_Holland(1993)_298K_49-103nm.txt
63.348059,2.394e-17,O2_Holland(1993)_298K_49-103nm.txt
63.353015,2.402e-17,O2_Holland(1993)_298K_49-103nm.txt
63.357971,2.419e-17,O2_Holland(1993)_298K_49-103nm.txt
63.362921,2.434e-17,O2_Holland(1993)_298K_49-103nm.txt
63.367871,2.453e-17,O2_Holland(1993)_298K_49-103nm.txt
63.372827,2.477e-17,O2_Holland(1993)_298K_49-103nm.txt
63.377783,2.493e-17,O2_Holland(1993)_298K_49-103nm.txt
63.382733,2.493e-17,O2_Holland(1993)_298K_49-103nm.txt
63.387683,2.515e-17,O2_Holland(1993)_298K_49-103nm.txt
63.392639,2.555e-17,O2_Holland(1993)_298K_49-103nm.txt
63.397589,2.627e-17,O2_Holland(1993)_298K_49-103nm.txt
63.402545,2.698e-17,O2_Holland(1993)_298K_49-103nm.txt
63.407495,2.786e-17,O2_Holland(1993)_298K_49-103nm.txt
63.412451,2.856e-17,O2_Holland(1993)_298K_49-103nm.txt
63.417401,2.891e-17,O2_Holland(1993)_298K_49-103nm.txt
63.422351,2.893e-17,O2_Holland(1993)_298K_49-103nm.txt
63.427307,2.883e-17,O2_Holland(1993)_298K_49-103nm.txt
63.432263,2.854e-17,O2_Holland(1993)_298K_49-103nm.txt
63.437213,2.835e-17,O2_Holland(1993)_298K_49-103nm.txt
63.442163,2.81e-17,O2_Holland(1993)_298K_49-103nm.txt
63.447119,2.795e-17,O2_Holland(1993)_298K_49-103nm.txt
63.452075,2.788e-17,O2_Holland(1993)_298K_49-103nm.txt
63.457025,2.778e-17,O2_Holland(1993)_298K_49-103nm.txt
63.461975,2.752e-17,O2_Holland(1993)_298K_49-103nm.txt
63.466931,2.744e-17,O2_Holland(1993)_298K_49-103nm.txt
63.471881,2.737e-17,O2_Holland(1993)_298K_49-103nm.txt
63.476837,2.727e-17,O2_Holland(1993)_298K_49-103nm.txt
63.481787,2.729e-17,O2_Holland(1993)_298K_49-103nm.txt
63.486743,2.724e-17,O2_Holland(1993)_298K_49-103nm.txt
63.491693,2.719e-17,O2_Holland(1993)_298K_49-103nm.txt
63.496643,2.726e-17,O2_Holland(1993)_298K_49-103nm.txt
63.501599,2.718e-17,O2_Holland(1993)_298K_49-103nm.txt
63.506555,2.709e-17,O2_Holland(1993)_298K_49-103nm.txt
63.511505,2.709e-17,O2_Holland(1993)_298K_49-103nm.txt
63.516455,2.711e-17,O2_Holland(1993)_298K_49-103nm.txt
63.521411,2.715e-17,O2_Holland(1993)_298K_49-103nm.txt
63.526367,2.711e-17,O2_Holland(1993)_298K_49-103nm.txt
63.531317,2.703e-17,O2_Holland(1993)_298K_49-103nm.txt
63.536267,2.7e-17,O2_Holland(1993)_298K_49-103nm.txt
63.541223,2.697e-17,O2_Holland(1993)_298K_49-103nm.txt
63.546173,2.708e-17,O2_Holland(1993)_298K_49-103nm.txt
63.551129,2.697e-17,O2_Holland(1993)_298K_49-103nm.txt
63.556079,2.692e-17,O2_Holland(1993)_298K_49-103nm.txt
63.561035,2.685e-17,O2_Holland(1993)_298K_49-103nm.txt
63.565985,2.699e-17,O2_Holland(1993)_298K_49-103nm.txt
63.570935,2.691e-17,O2_Holland(1993)_298K_49-103nm.txt
63.575891,2.693e-17,O2_Holland(1993)_298K_49-103nm.txt
63.580847,2.679e-17,O2_Holland(1993)_298K_49-103nm.txt
63.585797,2.685e-17,O2_Holland(1993)_298K_49-103nm.txt
63.590747,2.676e-17,O2_Holland(1993)_298K_49-103nm.txt
63.595703,2.689e-17,O2_Holland(1993)_298K_49-103nm.txt
63.600659,2.687e-17,O2_Holland(1993)_298K_49-103nm.txt
63.605609,2.695e-17,O2_Holland(1993)_298K_49-103nm.txt
63.610559,2.697e-17,O2_Holland(1993)_298K_49-103nm.txt
63.615515,2.684e-17,O2_Holland(1993)_298K_49-103nm.txt
63.620465,2.684e-17,O2_Holland(1993)_298K_49-103nm.txt
63.625421,2.69e-17,O2_Holland(1993)_298K_49-103nm.txt
63.630371,2.688e-17,O2_Holland(1993)_298K_49-103nm.txt
63.635327,2.687e-17,O2_Holland(1993)_298K_49-103nm.txt
63.640277,2.679e-17,O2_Holland(1993)_298K_49-103nm.txt
63.645227,2.694e-17,O2_Holland(1993)_298K_49-103nm.txt
63.650183,2.686e-17,O2_Holland(1993)_298K_49-103nm.txt
63.655139,2.69e-17,O2_Holland(1993)_298K_49-103nm.txt
63.660089,2.686e-17,O2_Holland(1993)_298K_49-103nm.txt
63.665039,2.684e-17,O2_Holland(1993)_298K_49-103nm.txt
63.669995,2.684e-17,O2_Holland(1993)_298K_49-103nm.txt
63.674951,2.686e-17,O2_Holland(1993)_298K_49-103nm.txt
63.679901,2.679e-17,O2_Holland(1993)_298K_49-103nm.txt
63.684851,2.677e-17,O2_Holland(1993)_298K_49-103nm.txt
63.689807,2.674e-17,O2_Holland(1993)_298K_49-103nm.txt
63.694757,2.665e-17,O2_Holland(1993)_298K_49-103nm.txt
63.699713,2.662e-17,O2_Holland(1993)_298K_49-103nm.txt
63.704663,2.66e-17,O2_Holland(1993)_298K_49-103nm.txt
63.709619,2.674e-17,O2_Holland(1993)_298K_49-103nm.txt
63.714569,2.657e-17,O2_Holland(1993)_298K_49-103nm.txt
63.719519,2.654e-17,O2_Holland(1993)_298K_49-103nm.txt
63.724475,2.651e-17,O2_Holland(1993)_298K_49-103nm.txt
63.729431,2.654e-17,O2_Holland(1993)_298K_49-103nm.txt
63.734381,2.657e-17,O2_Holland(1993)_298K_49-103nm.txt
63.739331,2.644e-17,O2_Holland(1993)_298K_49-103nm.txt
63.744287,2.646e-17,O2_Holland(1993)_298K_49-103nm.txt
63.749243,2.635e-17,O2_Holland(1993)_298K_49-103nm.txt
63.754193,2.622e-17,O2_Holland(1993)_298K_49-103nm.txt
63.759143,2.622e-17,O2_Holland(1993)_298K_49-103nm.txt
63.764099,2.619e-17,O2_Holland(1993)_298K_49-103nm.txt
63.769049,2.603e-17,O2_Holland(1993)_298K_49-103nm.txt
63.774005,2.594e-17,O2_Holland(1993)_298K_49-103nm.txt
63.778955,2.59e-17,O2_Holland(1993)_298K_49-103nm.txt
63.783911,2.592e-17,O2_Holland(1993)_298K_49-103nm.txt
63.788861,2.588e-17,O2_Holland(1993)_298K_49-103nm.txt
63.793811,2.603e-17,O2_Holland(1993)_298K_49-103nm.txt
63.798767,2.632e-17,O2_Holland(1993)_298K_49-103nm.txt
63.803723,2.675e-17,O2_Holland(1993)_298K_49-103nm.txt
63.808673,2.696e-17,O2_Holland(1993)_298K_49-103nm.txt
63.813623,2.727e-17,O2_Holland(1993)_298K_49-103nm.txt
63.818579,2.729e-17,O2_Holland(1993)_298K_49-103nm.txt
63.823535,2.726e-17,O2_Holland(1993)_298K_49-103nm.txt
63.828485,2.729e-17,O2_Holland(1993)_298K_49-103nm.txt
63.833435,2.701e-17,O2_Holland(1993)_298K_49-103nm.txt
63.838391,2.672e-17,O2_Holland(1993)_298K_49-103nm.txt
63.843341,2.653e-17,O2_Holland(1993)_298K_49-103nm.txt
63.848297,2.627e-17,O2_Holland(1993)_298K_49-103nm.txt
63.853247,2.613e-17,O2_Holland(1993)_298K_49-103nm.txt
63.858203,2.609e-17,O2_Holland(1993)_298K_49-103nm.txt
63.863153,2.574e-17,O2_Holland(1993)_298K_49-103nm.txt
63.868103,2.573e-17,O2_Holland(1993)_298K_49-103nm.txt
63.873059,2.554e-17,O2_Holland(1993)_298K_49-103nm.txt
63.878015,2.553e-17,O2_Holland(1993)_298K_49-103nm.txt
63.882965,2.549e-17,O2_Holland(1993)_298K_49-103nm.txt
63.887915,2.548e-17,O2_Holland(1993)_298K_49-103nm.txt
63.892871,2.545e-17,O2_Holland(1993)_298K_49-103nm.txt
63.897827,2.531e-17,O2_Holland(1993)_298K_49-103nm.txt
63.902777,2.515e-17,O2_Holland(1993)_298K_49-103nm.txt
63.907727,2.519e-17,O2_Holland(1993)_298K_49-103nm.txt
63.912683,2.513e-17,O2_Holland(1993)_298K_49-103nm.txt
63.917633,2.515e-17,O2_Holland(1993)_298K_49-103nm.txt
63.922589,2.501e-17,O2_Holland(1993)_298K_49-103nm.txt
63.927539,2.496e-17,O2_Holland(1993)_298K_49-103nm.txt
63.9315,2.487e-17,O2_Holland(1993)_298K_49-103nm.txt
63.937445,2.486e-17,O2_Holland(1993)_298K_49-103nm.txt
63.942395,2.479e-17,O2_Holland(1993)_298K_49-103nm.txt
63.947351,2.465e-17,O2_Holland(1993)_298K_49-103nm.txt
63.952307,2.459e-17,O2_Holland(1993)_298K_49-103nm.txt
63.956268,2.457e-17,O2_Holland(1993)_298K_49-103nm.txt
63.961218,2.452e-17,O2_Holland(1993)_298K_49-103nm.txt
63.967163,2.451e-17,O2_Holland(1993)_298K_49-103nm.txt
63.972119,2.457e-17,O2_Holland(1993)_298K_49-103nm.txt
63.977069,2.453e-17,O2_Holland(1993)_298K_49-103nm.txt
63.98103,2.46e-17,O2_Holland(1993)_298K_49-103nm.txt
63.98598,2.449e-17,O2_Holland(1993)_298K_49-103nm.txt
63.990936,2.453e-17,O2_Holland(1993)_298K_49-103nm.txt
63.996881,2.454e-17,O2_Holland(1993)_298K_49-103nm.txt
64.001831,2.455e-17,O2_Holland(1993)_298K_49-103nm.txt
64.005792,2.454e-17,O2_Holland(1993)_298K_49-103nm.txt
64.010748,2.455e-17,O2_Holland(1993)_298K_49-103nm.txt
64.015704,2.448e-17,O2_Holland(1993)_298K_49-103nm.txt
64.020654,2.451e-17,O2_Holland(1993)_298K_49-103nm.txt
64.026599,2.472e-17,O2_Holland(1993)_298K_49-103nm.txt
64.03056,2.472e-17,O2_Holland(1993)_298K_49-103nm.txt
64.03551,2.473e-17,O2_Holland(1993)_298K_49-103nm.txt
64.040466,2.475e-17,O2_Holland(1993)_298K_49-103nm.txt
64.045416,2.479e-17,O2_Holland(1993)_298K_49-103nm.txt
64.050372,2.481e-17,O2_Holland(1993)_298K_49-103nm.txt
64.055322,2.479e-17,O2_Holland(1993)_298K_49-103nm.txt
64.060272,2.48e-17,O2_Holland(1993)_298K_49-103nm.txt
64.065228,2.499e-17,O2_Holland(1993)_298K_49-103nm.txt
64.070184,2.486e-17,O2_Holland(1993)_298K_49-103nm.txt
64.075134,2.49e-17,O2_Holland(1993)_298K_49-103nm.txt
64.080084,2.492e-17,O2_Holland(1993)_298K_49-103nm.txt
64.08504,2.502e-17,O2_Holland(1993)_298K_49-103nm.txt
64.089996,2.494e-17,O2_Holland(1993)_298K_49-103nm.txt
64.094946,2.49e-17,O2_Holland(1993)_298K_49-103nm.txt
64.099896,2.502e-17,O2_Holland(1993)_298K_49-103nm.txt
64.104852,2.505e-17,O2_Holland(1993)_298K_49-103nm.txt
64.109802,2.51e-17,O2_Holland(1993)_298K_49-103nm.txt
64.114758,2.503e-17,O2_Holland(1993)_298K_49-103nm.txt
64.119708,2.523e-17,O2_Holland(1993)_298K_49-103nm.txt
64.124664,2.51e-17,O2_Holland(1993)_298K_49-103nm.txt
64.129614,2.516e-17,O2_Holland(1993)_298K_49-103nm.txt
64.134564,2.528e-17,O2_Holland(1993)_298K_49-103nm.txt
64.13952,2.523e-17,O2_Holland(1993)_298K_49-103nm.txt
64.144476,2.528e-17,O2_Holland(1993)_298K_49-103nm.txt
64.149426,2.532e-17,O2_Holland(1993)_298K_49-103nm.txt
64.154376,2.521e-17,O2_Holland(1993)_298K_49-103nm.txt
64.159332,2.527e-17,O2_Holland(1993)_298K_49-103nm.txt
64.164288,2.513e-17,O2_Holland(1993)_298K_49-103nm.txt
64.169238,2.51e-17,O2_Holland(1993)_298K_49-103nm.txt
64.174188,2.511e-17,O2_Holland(1993)_298K_49-103nm.txt
64.179144,2.503e-17,O2_Holland(1993)_298K_49-103nm.txt
64.184094,2.503e-17,O2_Holland(1993)_298K_49-103nm.txt
64.18905,2.496e-17,O2_Holland(1993)_298K_49-103nm.txt
64.194,2.495e-17,O2_Holland(1993)_298K_49-103nm.txt
64.198956,2.515e-17,O2_Holland(1993)_298K_49-103nm.txt
64.203906,2.559e-17,O2_Holland(1993)_298K_49-103nm.txt
64.208856,2.64e-17,O2_Holland(1993)_298K_49-103nm.txt
64.213812,2.712e-17,O2_Holland(1993)_298K_49-103nm.txt
64.218768,2.783e-17,O2_Holland(1993)_298K_49-103nm.txt
64.223718,2.833e-17,O2_Holland(1993)_298K_49-103nm.txt
64.228668,2.858e-17,O2_Holland(1993)_298K_49-103nm.txt
64.233624,2.844e-17,O2_Holland(1993)_298K_49-103nm.txt
64.23858,2.837e-17,O2_Holland(1993)_298K_49-103nm.txt
64.24353,2.786e-17,O2_Holland(1993)_298K_49-103nm.txt
64.24848,2.756e-17,O2_Holland(1993)_298K_49-103nm.txt
64.253436,2.73e-17,O2_Holland(1993)_298K_49-103nm.txt
64.258386,2.696e-17,O2_Holland(1993)_298K_49-103nm.txt
64.263342,2.664e-17,O2_Holland(1993)_298K_49-103nm.txt
64.268292,2.637e-17,O2_Holland(1993)_298K_49-103nm.txt
64.273248,2.608e-17,O2_Holland(1993)_298K_49-103nm.txt
64.278198,2.596e-17,O2_Holland(1993)_298K_49-103nm.txt
64.283148,2.573e-17,O2_Holland(1993)_298K_49-103nm.txt
64.288104,2.556e-17,O2_Holland(1993)_298K_49-103nm.txt
64.29306,2.538e-17,O2_Holland(1993)_298K_49-103nm.txt
64.29801,2.514e-17,O2_Holland(1993)_298K_49-103nm.txt
64.30296,2.493e-17,O2_Holland(1993)_298K_49-103nm.txt
64.307916,2.479e-17,O2_Holland(1993)_298K_49-103nm.txt
64.312872,2.468e-17,O2_Holland(1993)_298K_49-103nm.txt
64.317822,2.462e-17,O2_Holland(1993)_298K_49-103nm.txt
64.322772,2.444e-17,O2_Holland(1993)_298K_49-103nm.txt
64.327728,2.43e-17,O2_Holland(1993)_298K_49-103nm.txt
64.332678,2.423e-17,O2_Holland(1993)_298K_49-103nm.txt
64.337634,2.411e-17,O2_Holland(1993)_298K_49-103nm.txt
64.342584,2.393e-17,O2_Holland(1993)_298K_49-103nm.txt
64.34754,2.388e-17,O2_Holland(1993)_298K_49-103nm.txt
64.35249,2.396e-17,O2_Holland(1993)_298K_49-103nm.txt
64.35744,2.372e-17,O2_Holland(1993)_298K_49-103nm.txt
64.362396,2.375e-17,O2_Holland(1993)_298K_49-103nm.txt
64.367352,2.37e-17,O2_Holland(1993)_298K_49-103nm.txt
64.372302,2.367e-17,O2_Holland(1993)_298K_49-103nm.txt
64.377252,2.351e-17,O2_Holland(1993)_298K_49-103nm.txt
64.382208,2.339e-17,O2_Holland(1993)_298K_49-103nm.txt
64.387164,2.352e-17,O2_Holland(1993)_298K_49-103nm.txt
64.392114,2.343e-17,O2_Holland(1993)_298K_49-103nm.txt
64.397064,2.344e-17,O2_Holland(1993)_298K_49-103nm.txt
64.40202,2.343e-17,O2_Holland(1993)_298K_49-103nm.txt
64.40697,2.348e-17,O2_Holland(1993)_298K_49-103nm.txt
64.411926,2.346e-17,O2_Holland(1993)_298K_49-103nm.txt
64.416876,2.35e-17,O2_Holland(1993)_298K_49-103nm.txt
64.421832,2.342e-17,O2_Holland(1993)_298K_49-103nm.txt
64.426782,2.346e-17,O2_Holland(1993)_298K_49-103nm.txt
64.431732,2.348e-17,O2_Holland(1993)_298K_49-103nm.txt
64.436688,2.351e-17,O2_Holland(1993)_298K_49-103nm.txt
64.441644,2.35e-17,O2_Holland(1993)_298K_49-103nm.txt
64.446594,2.345e-17,O2_Holland(1993)_298K_49-103nm.txt
64.451544,2.348e-17,O2_Holland(1993)_298K_49-103nm.txt
64.4565,2.346e-17,O2_Holland(1993)_298K_49-103nm.txt
64.461456,2.352e-17,O2_Holland(1993)_298K_49-103nm.txt
64.466406,2.361e-17,O2_Holland(1993)_298K_49-103nm.txt
64.471356,2.362e-17,O2_Holland(1993)_298K_49-103nm.txt
64.476312,2.36e-17,O2_Holland(1993)_298K_49-103nm.txt
64.481262,2.371e-17,O2_Holland(1993)_298K_49-103nm.txt
64.486218,2.385e-17,O2_Holland(1993)_298K_49-103nm.txt
64.491168,2.394e-17,O2_Holland(1993)_298K_49-103nm.txt
64.496124,2.416e-17,O2_Holland(1993)_298K_49-103nm.txt
64.501074,2.409e-17,O2_Holland(1993)_298K_49-103nm.txt
64.506024,2.424e-17,O2_Holland(1993)_298K_49-103nm.txt
64.51098,2.426e-17,O2_Holland(1993)_298K_49-103nm.txt
64.515936,2.439e-17,O2_Holland(1993)_298K_49-103nm.txt
64.520886,2.443e-17,O2_Holland(1993)_298K_49-103nm.txt
64.525836,2.462e-17,O2_Holland(1993)_298K_49-103nm.txt
64.530792,2.468e-17,O2_Holland(1993)_298K_49-103nm.txt
64.535748,2.475e-17,O2_Holland(1993)_298K_49-103nm.txt
64.540698,2.479e-17,O2_Holland(1993)_298K_49-103nm.txt
64.545648,2.487e-17,O2_Holland(1993)_298K_49-103nm.txt
64.550604,2.491e-17,O2_Holland(1993)_298K_49-103nm.txt
64.555554,2.494e-17,O2_Holland(1993)_298K_49-103nm.txt
64.56051,2.508e-17,O2_Holland(1993)_298K_49-103nm.txt
64.56546,2.503e-17,O2_Holland(1993)_298K_49-103nm.txt
64.570416,2.505e-17,O2_Holland(1993)_298K_49-103nm.txt
64.575366,2.522e-17,O2_Holland(1993)_298K_49-103nm.txt
64.580316,2.525e-17,O2_Holland(1993)_298K_49-103nm.txt
64.585272,2.525e-17,O2_Holland(1993)_298K_49-103nm.txt
64.590228,2.524e-17,O2_Holland(1993)_298K_49-103nm.txt
64.595178,2.534e-17,O2_Holland(1993)_298K_49-103nm.txt
64.600128,2.531e-17,O2_Holland(1993)_298K_49-103nm.txt
64.605084,2.529e-17,O2_Holland(1993)_298K_49-103nm.txt
64.61004,2.535e-17,O2_Holland(1993)_298K_49-103nm.txt
64.61499,2.522e-17,O2_Holland(1993)_298K_49-103nm.txt
64.61994,2.529e-17,O2_Holland(1993)_298K_49-103nm.txt
64.624896,2.522e-17,O2_Holland(1993)_298K_49-103nm.txt
64.629846,2.517e-17,O2_Holland(1993)_298K_49-103nm.txt
64.634802,2.517e-17,O2_Holland(1993)_298K_49-103nm.txt
64.639752,2.535e-17,O2_Holland(1993)_298K_49-103nm.txt
64.644708,2.574e-17,O2_Holland(1993)_298K_49-103nm.txt
64.649658,2.647e-17,O2_Holland(1993)_298K_49-103nm.txt
64.654608,2.748e-17,O2_Holland(1993)_298K_49-103nm.txt
64.659564,2.855e-17,O2_Holland(1993)_298K_49-103nm.txt
64.66452,2.937e-17,O2_Holland(1993)_298K_49-103nm.txt
64.66947,3.001e-17,O2_Holland(1993)_298K_49-103nm.txt
64.67442,3.031e-17,O2_Holland(1993)_298K_49-103nm.txt
64.679376,3.024e-17,O2_Holland(1993)_298K_49-103nm.txt
64.684332,3.003e-17,O2_Holland(1993)_298K_49-103nm.txt
64.689282,2.974e-17,O2_Holland(1993)_298K_49-103nm.txt
64.694232,2.954e-17,O2_Holland(1993)_298K_49-103nm.txt
64.699188,2.91e-17,O2_Holland(1993)_298K_49-103nm.txt
64.704138,2.879e-17,O2_Holland(1993)_298K_49-103nm.txt
64.709094,2.836e-17,O2_Holland(1993)_298K_49-103nm.txt
64.714044,2.809e-17,O2_Holland(1993)_298K_49-103nm.txt
64.719,2.787e-17,O2_Holland(1993)_298K_49-103nm.txt
64.72395,2.758e-17,O2_Holland(1993)_298K_49-103nm.txt
64.7289,2.745e-17,O2_Holland(1993)_298K_49-103nm.txt
64.733856,2.724e-17,O2_Holland(1993)_298K_49-103nm.txt
64.738812,2.725e-17,O2_Holland(1993)_298K_49-103nm.txt
64.743762,2.705e-17,O2_Holland(1993)_298K_49-103nm.txt
64.748712,2.688e-17,O2_Holland(1993)_298K_49-103nm.txt
64.753668,2.679e-17,O2_Holland(1993)_298K_49-103nm.txt
64.758624,2.662e-17,O2_Holland(1993)_298K_49-103nm.txt
64.763574,2.651e-17,O2_Holland(1993)_298K_49-103nm.txt
64.768524,2.634e-17,O2_Holland(1993)_298K_49-103nm.txt
64.77348,2.626e-17,O2_Holland(1993)_298K_49-103nm.txt
64.77843,2.607e-17,O2_Holland(1993)_298K_49-103nm.txt
64.783386,2.594e-17,O2_Holland(1993)_298K_49-103nm.txt
64.788336,2.591e-17,O2_Holland(1993)_298K_49-103nm.txt
64.793292,2.564e-17,O2_Holland(1993)_298K_49-103nm.txt
64.798242,2.561e-17,O2_Holland(1993)_298K_49-103nm.txt
64.803192,2.553e-17,O2_Holland(1993)_298K_49-103nm.txt
64.808148,2.539e-17,O2_Holland(1993)_298K_49-103nm.txt
64.813104,2.516e-17,O2_Holland(1993)_298K_49-103nm.txt
64.818054,2.515e-17,O2_Holland(1993)_298K_49-103nm.txt
64.823004,2.524e-17,O2_Holland(1993)_298K_49-103nm.txt
64.82796,2.53e-17,O2_Holland(1993)_298K_49-103nm.txt
64.832916,2.531e-17,O2_Holland(1993)_298K_49-103nm.txt
64.837866,2.519e-17,O2_Holland(1993)_298K_49-103nm.txt
64.842816,2.522e-17,O2_Holland(1993)_298K_49-103nm.txt
64.847772,2.525e-17,O2_Holland(1993)_298K_49-103nm.txt
64.852722,2.521e-17,O2_Holland(1993)_298K_49-103nm.txt
64.857678,2.517e-17,O2_Holland(1993)_298K_49-103nm.txt
64.862628,2.499e-17,O2_Holland(1993)_298K_49-103nm.txt
64.867584,2.5e-17,O2_Holland(1993)_298K_49-103nm.txt
64.872534,2.493e-17,O2_Holland(1993)_298K_49-103nm.txt
64.877484,2.498e-17,O2_Holland(1993)_298K_49-103nm.txt
64.88244,2.49e-17,O2_Holland(1993)_298K_49-103nm.txt
64.887396,2.494e-17,O2_Holland(1993)_298K_49-103nm.txt
64.892346,2.505e-17,O2_Holland(1993)_298K_49-103nm.txt
64.897296,2.51e-17,O2_Holland(1993)_298K_49-103nm.txt
64.902252,2.496e-17,O2_Holland(1993)_298K_49-103nm.txt
64.907208,2.502e-17,O2_Holland(1993)_298K_49-103nm.txt
64.912158,2.5e-17,O2_Holland(1993)_298K_49-103nm.txt
64.917108,2.5e-17,O2_Holland(1993)_298K_49-103nm.txt
64.922064,2.513e-17,O2_Holland(1993)_298K_49-103nm.txt
64.927014,2.509e-17,O2_Holland(1993)_298K_49-103nm.txt
64.93197,2.51e-17,O2_Holland(1993)_298K_49-103nm.txt
64.93692,2.503e-17,O2_Holland(1993)_298K_49-103nm.txt
64.941876,2.513e-17,O2_Holland(1993)_298K_49-103nm.txt
64.946826,2.517e-17,O2_Holland(1993)_298K_49-103nm.txt
64.951776,2.521e-17,O2_Holland(1993)_298K_49-103nm.txt
64.956732,2.521e-17,O2_Holland(1993)_298K_49-103nm.txt
64.961688,2.525e-17,O2_Holland(1993)_298K_49-103nm.txt
64.966638,2.525e-17,O2_Holland(1993)_298K_49-103nm.txt
64.971588,2.524e-17,O2_Holland(1993)_298K_49-103nm.txt
64.976544,2.528e-17,O2_Holland(1993)_298K_49-103nm.txt
64.9815,2.536e-17,O2_Holland(1993)_298K_49-103nm.txt
64.98645,2.541e-17,O2_Holland(1993)_298K_49-103nm.txt
64.9914,2.544e-17,O2_Holland(1993)_298K_49-103nm.txt
64.996356,2.538e-17,O2_Holland(1993)_298K_49-103nm.txt
65.001306,2.549e-17,O2_Holland(1993)_298K_49-103nm.txt
65.006262,2.542e-17,O2_Holland(1993)_298K_49-103nm.txt
65.011212,2.541e-17,O2_Holland(1993)_298K_49-103nm.txt
65.016168,2.549e-17,O2_Holland(1993)_298K_49-103nm.txt
65.021118,2.559e-17,O2_Holland(1993)_298K_49-103nm.txt
65.026068,2.561e-17,O2_Holland(1993)_298K_49-103nm.txt
65.031024,2.569e-17,O2_Holland(1993)_298K_49-103nm.txt
65.03598,2.566e-17,O2_Holland(1993)_298K_49-103nm.txt
65.04093,2.565e-17,O2_Holland(1993)_298K_49-103nm.txt
65.04588,2.582e-17,O2_Holland(1993)_298K_49-103nm.txt
65.050836,2.575e-17,O2_Holland(1993)_298K_49-103nm.txt
65.055792,2.589e-17,O2_Holland(1993)_298K_49-103nm.txt
65.060742,2.591e-17,O2_Holland(1993)_298K_49-103nm.txt
65.065692,2.617e-17,O2_Holland(1993)_298K_49-103nm.txt
65.070648,2.625e-17,O2_Holland(1993)_298K_49-103nm.txt
65.075598,2.634e-17,O2_Holland(1993)_298K_49-103nm.txt
65.080554,2.654e-17,O2_Holland(1993)_298K_49-103nm.txt
65.085504,2.648e-17,O2_Holland(1993)_298K_49-103nm.txt
65.09046,2.653e-17,O2_Holland(1993)_298K_49-103nm.txt
65.09541,2.658e-17,O2_Holland(1993)_298K_49-103nm.txt
65.10036,2.667e-17,O2_Holland(1993)_298K_49-103nm.txt
65.105316,2.689e-17,O2_Holland(1993)_298K_49-103nm.txt
65.110272,2.719e-17,O2_Holland(1993)_298K_49-103nm.txt
65.115222,2.792e-17,O2_Holland(1993)_298K_49-103nm.txt
65.120172,2.875e-17,O2_Holland(1993)_298K_49-103nm.txt
65.125128,2.953e-17,O2_Holland(1993)_298K_49-103nm.txt
65.130084,3.025e-17,O2_Holland(1993)_298K_49-103nm.txt
65.135034,3.056e-17,O2_Holland(1993)_298K_49-103nm.txt
65.139984,3.065e-17,O2_Holland(1993)_298K_49-103nm.txt
65.14494,3.044e-17,O2_Holland(1993)_298K_49-103nm.txt
65.14989,3.004e-17,O2_Holland(1993)_298K_49-103nm.txt
65.154846,2.967e-17,O2_Holland(1993)_298K_49-103nm.txt
65.159796,2.936e-17,O2_Holland(1993)_298K_49-103nm.txt
65.164752,2.907e-17,O2_Holland(1993)_298K_49-103nm.txt
65.169702,2.875e-17,O2_Holland(1993)_298K_49-103nm.txt
65.174652,2.854e-17,O2_Holland(1993)_298K_49-103nm.txt
65.179608,2.839e-17,O2_Holland(1993)_298K_49-103nm.txt
65.184564,2.829e-17,O2_Holland(1993)_298K_49-103nm.txt
65.189514,2.817e-17,O2_Holland(1993)_298K_49-103nm.txt
65.194464,2.813e-17,O2_Holland(1993)_298K_49-103nm.txt
65.19942,2.807e-17,O2_Holland(1993)_298K_49-103nm.txt
65.204376,2.793e-17,O2_Holland(1993)_298K_49-103nm.txt
65.209326,2.793e-17,O2_Holland(1993)_298K_49-103nm.txt
65.214276,2.797e-17,O2_Holland(1993)_298K_49-103nm.txt
65.219232,2.789e-17,O2_Holland(1993)_298K_49-103nm.txt
65.224182,2.795e-17,O2_Holland(1993)_298K_49-103nm.txt
65.229138,2.802e-17,O2_Holland(1993)_298K_49-103nm.txt
65.234088,2.799e-17,O2_Holland(1993)_298K_49-103nm.txt
65.239044,2.794e-17,O2_Holland(1993)_298K_49-103nm.txt
65.243994,2.8e-17,O2_Holland(1993)_298K_49-103nm.txt
65.248944,2.802e-17,O2_Holland(1993)_298K_49-103nm.txt
65.2539,2.806e-17,O2_Holland(1993)_298K_49-103nm.txt
65.258856,2.81e-17,O2_Holland(1993)_298K_49-103nm.txt
65.263806,2.818e-17,O2_Holland(1993)_298K_49-103nm.txt
65.268756,2.826e-17,O2_Holland(1993)_298K_49-103nm.txt
65.273712,2.829e-17,O2_Holland(1993)_298K_49-103nm.txt
65.278668,2.825e-17,O2_Holland(1993)_298K_49-103nm.txt
65.283618,2.826e-17,O2_Holland(1993)_298K_49-103nm.txt
65.288568,2.827e-17,O2_Holland(1993)_298K_49-103nm.txt
65.293524,2.81e-17,O2_Holland(1993)_298K_49-103nm.txt
65.298474,2.844e-17,O2_Holland(1993)_298K_49-103nm.txt
65.30343,2.835e-17,O2_Holland(1993)_298K_49-103nm.txt
65.30838,2.84e-17,O2_Holland(1993)_298K_49-103nm.txt
65.313336,2.832e-17,O2_Holland(1993)_298K_49-103nm.txt
65.318286,2.841e-17,O2_Holland(1993)_298K_49-103nm.txt
65.323236,2.841e-17,O2_Holland(1993)_298K_49-103nm.txt
65.328192,2.841e-17,O2_Holland(1993)_298K_49-103nm.txt
65.333148,2.828e-17,O2_Holland(1993)_298K_49-103nm.txt
65.338098,2.832e-17,O2_Holland(1993)_298K_49-103nm.txt
65.343048,2.825e-17,O2_Holland(1993)_298K_49-103nm.txt
65.348004,2.82e-17,O2_Holland(1993)_298K_49-103nm.txt
65.35296,2.812e-17,O2_Holland(1993)_298K_49-103nm.txt
65.35791,2.812e-17,O2_Holland(1993)_298K_49-103nm.txt
65.36286,2.789e-17,O2_Holland(1993)_298K_49-103nm.txt
65.367816,2.791e-17,O2_Holland(1993)_298K_49-103nm.txt
65.372766,2.795e-17,O2_Holland(1993)_298K_49-103nm.txt
65.377722,2.795e-17,O2_Holland(1993)_298K_49-103nm.txt
65.382672,2.785e-17,O2_Holland(1993)_298K_49-103nm.txt
65.387628,2.783e-17,O2_Holland(1993)_298K_49-103nm.txt
65.392578,2.786e-17,O2_Holland(1993)_298K_49-103nm.txt
65.397528,2.78e-17,O2_Holland(1993)_298K_49-103nm.txt
65.402484,2.787e-17,O2_Holland(1993)_298K_49-103nm.txt
65.40744,2.798e-17,O2_Holland(1993)_298K_49-103nm.txt
65.41239,2.8e-17,O2_Holland(1993)_298K_49-103nm.txt
65.41734,2.797e-17,O2_Holland(1993)_298K_49-103nm.txt
65.422296,2.796e-17,O2_Holland(1993)_298K_49-103nm.txt
65.427252,2.788e-17,O2_Holland(1993)_298K_49-103nm.txt
65.432202,2.779e-17,O2_Holland(1993)_298K_49-103nm.txt
65.437152,2.757e-17,O2_Holland(1993)_298K_49-103nm.txt
65.442108,2.749e-17,O2_Holland(1993)_298K_49-103nm.txt
65.447058,2.741e-17,O2_Holland(1993)_298K_49-103nm.txt
65.452014,2.741e-17,O2_Holland(1993)_298K_49-103nm.txt
65.456964,2.729e-17,O2_Holland(1993)_298K_49-103nm.txt
65.46192,2.692e-17,O2_Holland(1993)_298K_49-103nm.txt
65.46687,2.711e-17,O2_Holland(1993)_298K_49-103nm.txt
65.47182,2.707e-17,O2_Holland(1993)_298K_49-103nm.txt
65.476776,2.704e-17,O2_Holland(1993)_298K_49-103nm.txt
65.481732,2.695e-17,O2_Holland(1993)_298K_49-103nm.txt
65.486682,2.698e-17,O2_Holland(1993)_298K_49-103nm.txt
65.491632,2.699e-17,O2_Holland(1993)_298K_49-103nm.txt
65.496588,2.687e-17,O2_Holland(1993)_298K_49-103nm.txt
65.501544,2.687e-17,O2_Holland(1993)_298K_49-103nm.txt
65.506494,2.69e-17,O2_Holland(1993)_298K_49-103nm.txt
65.511444,2.696e-17,O2_Holland(1993)_298K_49-103nm.txt
65.5164,2.688e-17,O2_Holland(1993)_298K_49-103nm.txt
65.52135,2.682e-17,O2_Holland(1993)_298K_49-103nm.txt
65.526306,2.679e-17,O2_Holland(1993)_298K_49-103nm.txt
65.531256,2.68e-17,O2_Holland(1993)_298K_49-103nm.txt
65.536212,2.675e-17,O2_Holland(1993)_298K_49-103nm.txt
65.541162,2.688e-17,O2_Holland(1993)_298K_49-103nm.txt
65.546112,2.681e-17,O2_Holland(1993)_298K_49-103nm.txt
65.551068,2.682e-17,O2_Holland(1993)_298K_49-103nm.txt
65.556024,2.686e-17,O2_Holland(1993)_298K_49-103nm.txt
65.560974,2.69e-17,O2_Holland(1993)_298K_49-103nm.txt
65.565924,2.673e-17,O2_Holland(1993)_298K_49-103nm.txt
65.57088,2.686e-17,O2_Holland(1993)_298K_49-103nm.txt
65.575836,2.683e-17,O2_Holland(1993)_298K_49-103nm.txt
65.580786,2.682e-17,O2_Holland(1993)_298K_49-103nm.txt
65.585736,2.684e-17,O2_Holland(1993)_298K_49-103nm.txt
65.590692,2.683e-17,O2_Holland(1993)_298K_49-103nm.txt
65.595642,2.68e-17,O2_Holland(1993)_298K_49-103nm.txt
65.600598,2.671e-17,O2_Holland(1993)_298K_49-103nm.txt
65.605548,2.676e-17,O2_Holland(1993)_298K_49-103nm.txt
65.610504,2.684e-17,O2_Holland(1993)_298K_49-103nm.txt
65.615454,2.675e-17,O2_Holland(1993)_298K_49-103nm.txt
65.620404,2.686e-17,O2_Holland(1993)_298K_49-103nm.txt
65.62536,2.695e-17,O2_Holland(1993)_298K_49-103nm.txt
65.630316,2.682e-17,O2_Holland(1993)_298K_49-103nm.txt
65.635266,2.673e-17,O2_Holland(1993)_298K_49-103nm.txt
65.640216,2.667e-17,O2_Holland(1993)_298K_49-103nm.txt
65.645172,2.664e-17,O2_Holland(1993)_298K_49-103nm.txt
65.650128,2.66e-17,O2_Holland(1993)_298K_49-103nm.txt
65.655078,2.657e-17,O2_Holland(1993)_298K_49-103nm.txt
65.660028,2.653e-17,O2_Holland(1993)_298K_49-103nm.txt
65.664984,2.648e-17,O2_Holland(1993)_298K_49-103nm.txt
65.669934,2.652e-17,O2_Holland(1993)_298K_49-103nm.txt
65.67489,2.639e-17,O2_Holland(1993)_298K_49-103nm.txt
65.67984,2.627e-17,O2_Holland(1993)_298K_49-103nm.txt
65.684796,2.615e-17,O2_Holland(1993)_298K_49-103nm.txt
65.689746,2.622e-17,O2_Holland(1993)_298K_49-103nm.txt
65.694696,2.625e-17,O2_Holland(1993)_298K_49-103nm.txt
65.699652,2.61e-17,O2_Holland(1993)_298K_49-103nm.txt
65.704608,2.612e-17,O2_Holland(1993)_298K_49-103nm.txt
65.709558,2.609e-17,O2_Holland(1993)_298K_49-103nm.txt
65.714508,2.609e-17,O2_Holland(1993)_298K_49-103nm.txt
65.719464,2.613e-17,O2_Holland(1993)_298K_49-103nm.txt
65.72442,2.598e-17,O2_Holland(1993)_298K_49-103nm.txt
65.72937,2.602e-17,O2_Holland(1993)_298K_49-103nm.txt
65.73432,2.592e-17,O2_Holland(1993)_298K_49-103nm.txt
65.739276,2.579e-17,O2_Holland(1993)_298K_49-103nm.txt
65.744226,2.583e-17,O2_Holland(1993)_298K_49-103nm.txt
65.749182,2.576e-17,O2_Holland(1993)_298K_49-103nm.txt
65.754132,2.571e-17,O2_Holland(1993)_298K_49-103nm.txt
65.759088,2.563e-17,O2_Holland(1993)_298K_49-103nm.txt
65.764038,2.565e-17,O2_Holland(1993)_298K_49-103nm.txt
65.768988,2.562e-17,O2_Holland(1993)_298K_49-103nm.txt
65.773944,2.553e-17,O2_Holland(1993)_298K_49-103nm.txt
65.7789,2.553e-17,O2_Holland(1993)_298K_49-103nm.txt
65.78385,2.546e-17,O2_Holland(1993)_298K_49-103nm.txt
65.7888,2.555e-17,O2_Holland(1993)_298K_49-103nm.txt
65.793756,2.555e-17,O2_Holland(1993)_298K_49-103nm.txt
65.798712,2.572e-17,O2_Holland(1993)_298K_49-103nm.txt
65.803662,2.574e-17,O2_Holland(1993)_298K_49-103nm.txt
65.808612,2.572e-17,O2_Holland(1993)_298K_49-103nm.txt
65.813568,2.571e-17,O2_Holland(1993)_298K_49-103nm.txt
65.818518,2.565e-17,O2_Holland(1993)_298K_49-103nm.txt
65.823474,2.544e-17,O2_Holland(1993)_298K_49-103nm.txt
65.828424,2.557e-17,O2_Holland(1993)_298K_49-103nm.txt
65.83338,2.549e-17,O2_Holland(1993)_298K_49-103nm.txt
65.83833,2.543e-17,O2_Holland(1993)_298K_49-103nm.txt
65.84328,2.523e-17,O2_Holland(1993)_298K_49-103nm.txt
65.848236,2.523e-17,O2_Holland(1993)_298K_49-103nm.txt
65.853192,2.52e-17,O2_Holland(1993)_298K_49-103nm.txt
65.858142,2.519e-17,O2_Holland(1993)_298K_49-103nm.txt
65.863092,2.509e-17,O2_Holland(1993)_298K_49-103nm.txt
65.868048,2.506e-17,O2_Holland(1993)_298K_49-103nm.txt
65.873004,2.497e-17,O2_Holland(1993)_298K_49-103nm.txt
65.877954,2.5e-17,O2_Holland(1993)_298K_49-103nm.txt
65.882904,2.504e-17,O2_Holland(1993)_298K_49-103nm.txt
65.88786,2.502e-17,O2_Holland(1993)_298K_49-103nm.txt
65.89281,2.511e-17,O2_Holland(1993)_298K_49-103nm.txt
65.897766,2.501e-17,O2_Holland(1993)_298K_49-103nm.txt
65.902716,2.498e-17,O2_Holland(1993)_298K_49-103nm.txt
65.907672,2.504e-17,O2_Holland(1993)_298K_49-103nm.txt
65.912622,2.497e-17,O2_Holland(1993)_298K_49-103nm.txt
65.917572,2.5e-17,O2_Holland(1993)_298K_49-103nm.txt
65.922528,2.494e-17,O2_Holland(1993)_298K_49-103nm.txt
65.927484,2.509e-17,O2_Holland(1993)_298K_49-103nm.txt
65.932434,2.5e-17,O2_Holland(1993)_298K_49-103nm.txt
65.937384,2.497e-17,O2_Holland(1993)_298K_49-103nm.txt
65.94234,2.499e-17,O2_Holland(1993)_298K_49-103nm.txt
65.947296,2.499e-17,O2_Holland(1993)_298K_49-103nm.txt
65.952246,2.502e-17,O2_Holland(1993)_298K_49-103nm.txt
65.957196,2.496e-17,O2_Holland(1993)_298K_49-103nm.txt
65.962152,2.504e-17,O2_Holland(1993)_298K_49-103nm.txt
65.967102,2.502e-17,O2_Holland(1993)_298K_49-103nm.txt
65.972058,2.494e-17,O2_Holland(1993)_298K_49-103nm.txt
65.977008,2.499e-17,O2_Holland(1993)_298K_49-103nm.txt
65.981964,2.487e-17,O2_Holland(1993)_298K_49-103nm.txt
65.986914,2.492e-17,O2_Holland(1993)_298K_49-103nm.txt
65.991864,2.481e-17,O2_Holland(1993)_298K_49-103nm.txt
65.99682,2.477e-17,O2_Holland(1993)_298K_49-103nm.txt
66.001776,2.467e-17,O2_Holland(1993)_298K_49-103nm.txt
66.006726,2.461e-17,O2_Holland(1993)_298K_49-103nm.txt
66.011676,2.46e-17,O2_Holland(1993)_298K_49-103nm.txt
66.016632,2.459e-17,O2_Holland(1993)_298K_49-103nm.txt
66.021588,2.453e-17,O2_Holland(1993)_298K_49-103nm.txt
66.026538,2.453e-17,O2_Holland(1993)_298K_49-103nm.txt
66.031488,2.45e-17,O2_Holland(1993)_298K_49-103nm.txt
66.036444,2.45e-17,O2_Holland(1993)_298K_49-103nm.txt
66.041394,2.446e-17,O2_Holland(1993)_298K_49-103nm.txt
66.04635,2.436e-17,O2_Holland(1993)_298K_49-103nm.txt
66.0513,2.432e-17,O2_Holland(1993)_298K_49-103nm.txt
66.056256,2.424e-17,O2_Holland(1993)_298K_49-103nm.txt
66.061206,2.416e-17,O2_Holland(1993)_298K_49-103nm.txt
66.066156,2.41e-17,O2_Holland(1993)_298K_49-103nm.txt
66.071112,2.407e-17,O2_Holland(1993)_298K_49-103nm.txt
66.076068,2.41e-17,O2_Holland(1993)_298K_49-103nm.txt
66.081018,2.403e-17,O2_Holland(1993)_298K_49-103nm.txt
66.085968,2.401e-17,O2_Holland(1993)_298K_49-103nm.txt
66.090924,2.397e-17,O2_Holland(1993)_298K_49-103nm.txt
66.09588,2.41e-17,O2_Holland(1993)_298K_49-103nm.txt
66.10083,2.414e-17,O2_Holland(1993)_298K_49-103nm.txt
66.10578,2.408e-17,O2_Holland(1993)_298K_49-103nm.txt
66.110736,2.408e-17,O2_Holland(1993)_298K_49-103nm.txt
66.115686,2.405e-17,O2_Holland(1993)_298K_49-103nm.txt
66.120642,2.409e-17,O2_Holland(1993)_298K_49-103nm.txt
66.125592,2.412e-17,O2_Holland(1993)_298K_49-103nm.txt
66.130548,2.403e-17,O2_Holland(1993)_298K_49-103nm.txt
66.135498,2.399e-17,O2_Holland(1993)_298K_49-103nm.txt
66.140448,2.405e-17,O2_Holland(1993)_298K_49-103nm.txt
66.145404,2.402e-17,O2_Holland(1993)_298K_49-103nm.txt
66.15036,2.395e-17,O2_Holland(1993)_298K_49-103nm.txt
66.15531,2.39e-17,O2_Holland(1993)_298K_49-103nm.txt
66.16026,2.394e-17,O2_Holland(1993)_298K_49-103nm.txt
66.165216,2.396e-17,O2_Holland(1993)_298K_49-103nm.txt
66.170172,2.391e-17,O2_Holland(1993)_298K_49-103nm.txt
66.175122,2.384e-17,O2_Holland(1993)_298K_49-103nm.txt
66.180072,2.381e-17,O2_Holland(1993)_298K_49-103nm.txt
66.185028,2.381e-17,O2_Holland(1993)_298K_49-103nm.txt
66.189978,2.377e-17,O2_Holland(1993)_298K_49-103nm.txt
66.194934,2.375e-17,O2_Holland(1993)_298K_49-103nm.txt
66.199884,2.373e-17,O2_Holland(1993)_298K_49-103nm.txt
66.20484,2.369e-17,O2_Holland(1993)_298K_49-103nm.txt
66.20979,2.363e-17,O2_Holland(1993)_298K_49-103nm.txt
66.21474,2.374e-17,O2_Holland(1993)_298K_49-103nm.txt
66.219696,2.378e-17,O2_Holland(1993)_298K_49-103nm.txt
66.224652,2.372e-17,O2_Holland(1993)_298K_49-103nm.txt
66.229602,2.372e-17,O2_Holland(1993)_298K_49-103nm.txt
66.234552,2.363e-17,O2_Holland(1993)_298K_49-103nm.txt
66.239508,2.37e-17,O2_Holland(1993)_298K_49-103nm.txt
66.244464,2.378e-17,O2_Holland(1993)_298K_49-103nm.txt
66.249414,2.378e-17,O2_Holland(1993)_298K_49-103nm.txt
66.254364,2.381e-17,O2_Holland(1993)_298K_49-103nm.txt
66.25932,2.38e-17,O2_Holland(1993)_298K_49-103nm.txt
66.26427,2.366e-17,O2_Holland(1993)_298K_49-103nm.txt
66.269226,2.355e-17,O2_Holland(1993)_298K_49-103nm.txt
66.274176,2.356e-17,O2_Holland(1993)_298K_49-103nm.txt
66.279132,2.353e-17,O2_Holland(1993)_298K_49-103nm.txt
66.284082,2.342e-17,O2_Holland(1993)_298K_49-103nm.txt
66.289032,2.332e-17,O2_Holland(1993)_298K_49-103nm.txt
66.293988,2.341e-17,O2_Holland(1993)_298K_49-103nm.txt
66.298944,2.333e-17,O2_Holland(1993)_298K_49-103nm.txt
66.303894,2.331e-17,O2_Holland(1993)_298K_49-103nm.txt
66.308844,2.331e-17,O2_Holland(1993)_298K_49-103nm.txt
66.3138,2.321e-17,O2_Holland(1993)_298K_49-103nm.txt
66.318756,2.329e-17,O2_Holland(1993)_298K_49-103nm.txt
66.323706,2.328e-17,O2_Holland(1993)_298K_49-103nm.txt
66.328656,2.336e-17,O2_Holland(1993)_298K_49-103nm.txt
66.333612,2.35e-17,O2_Holland(1993)_298K_49-103nm.txt
66.338562,2.343e-17,O2_Holland(1993)_298K_49-103nm.txt
66.343518,2.348e-17,O2_Holland(1993)_298K_49-103nm.txt
66.348468,2.352e-17,O2_Holland(1993)_298K_49-103nm.txt
66.353424,2.349e-17,O2_Holland(1993)_298K_49-103nm.txt
66.358374,2.349e-17,O2_Holland(1993)_298K_49-103nm.txt
66.363324,2.349e-17,O2_Holland(1993)_298K_49-103nm.txt
66.36828,2.339e-17,O2_Holland(1993)_298K_49-103nm.txt
66.373236,2.333e-17,O2_Holland(1993)_298K_49-103nm.txt
66.378186,2.336e-17,O2_Holland(1993)_298K_49-103nm.txt
66.383136,2.331e-17,O2_Holland(1993)_298K_49-103nm.txt
66.388092,2.333e-17,O2_Holland(1993)_298K_49-103nm.txt
66.393048,2.33e-17,O2_Holland(1993)_298K_49-103nm.txt
66.397998,2.318e-17,O2_Holland(1993)_298K_49-103nm.txt
66.402948,2.31e-17,O2_Holland(1993)_298K_49-103nm.txt
66.407904,2.297e-17,O2_Holland(1993)_298K_49-103nm.txt
66.412854,2.292e-17,O2_Holland(1993)_298K_49-103nm.txt
66.41781,2.284e-17,O2_Holland(1993)_298K_49-103nm.txt
66.42276,2.276e-17,O2_Holland(1993)_298K_49-103nm.txt
66.427716,2.265e-17,O2_Holland(1993)_298K_49-103nm.txt
66.432666,2.253e-17,O2_Holland(1993)_298K_49-103nm.txt
66.437616,2.248e-17,O2_Holland(1993)_298K_49-103nm.txt
66.442572,2.233e-17,O2_Holland(1993)_298K_49-103nm.txt
66.447528,2.235e-17,O2_Holland(1993)_298K_49-103nm.txt
66.452478,2.226e-17,O2_Holland(1993)_298K_49-103nm.txt
66.457428,2.229e-17,O2_Holland(1993)_298K_49-103nm.txt
66.462384,2.228e-17,O2_Holland(1993)_298K_49-103nm.txt
66.46734,2.224e-17,O2_Holland(1993)_298K_49-103nm.txt
66.47229,2.229e-17,O2_Holland(1993)_298K_49-103nm.txt
66.47724,2.216e-17,O2_Holland(1993)_298K_49-103nm.txt
66.482196,2.232e-17,O2_Holland(1993)_298K_49-103nm.txt
66.487146,2.233e-17,O2_Holland(1993)_298K_49-103nm.txt
66.492102,2.235e-17,O2_Holland(1993)_298K_49-103nm.txt
66.497052,2.235e-17,O2_Holland(1993)_298K_49-103nm.txt
66.502008,2.239e-17,O2_Holland(1993)_298K_49-103nm.txt
66.506958,2.242e-17,O2_Holland(1993)_298K_49-103nm.txt
66.511908,2.241e-17,O2_Holland(1993)_298K_49-103nm.txt
66.516864,2.241e-17,O2_Holland(1993)_298K_49-103nm.txt
66.52182,2.25e-17,O2_Holland(1993)_298K_49-103nm.txt
66.52677,2.253e-17,O2_Holland(1993)_298K_49-103nm.txt
66.53172,2.254e-17,O2_Holland(1993)_298K_49-103nm.txt
66.536676,2.267e-17,O2_Holland(1993)_298K_49-103nm.txt
66.541632,2.27e-17,O2_Holland(1993)_298K_49-103nm.txt
66.546582,2.268e-17,O2_Holland(1993)_298K_49-103nm.txt
66.551532,2.275e-17,O2_Holland(1993)_298K_49-103nm.txt
66.556488,2.272e-17,O2_Holland(1993)_298K_49-103nm.txt
66.561438,2.267e-17,O2_Holland(1993)_298K_49-103nm.txt
66.566394,2.263e-17,O2_Holland(1993)_298K_49-103nm.txt
66.571344,2.258e-17,O2_Holland(1993)_298K_49-103nm.txt
66.5763,2.263e-17,O2_Holland(1993)_298K_49-103nm.txt
66.58125,2.262e-17,O2_Holland(1993)_298K_49-103nm.txt
66.5862,2.266e-17,O2_Holland(1993)_298K_49-103nm.txt
66.591156,2.282e-17,O2_Holland(1993)_298K_49-103nm.txt
66.596112,2.275e-17,O2_Holland(1993)_298K_49-103nm.txt
66.601062,2.266e-17,O2_Holland(1993)_298K_49-103nm.txt
66.606012,2.266e-17,O2_Holland(1993)_298K_49-103nm.txt
66.610968,2.252e-17,O2_Holland(1993)_298K_49-103nm.txt
66.615924,2.262e-17,O2_Holland(1993)_298K_49-103nm.txt
66.620874,2.254e-17,O2_Holland(1993)_298K_49-103nm.txt
66.625824,2.243e-17,O2_Holland(1993)_298K_49-103nm.txt
66.63078,2.241e-17,O2_Holland(1993)_298K_49-103nm.txt
66.63573,2.237e-17,O2_Holland(1993)_298K_49-103nm.txt
66.640686,2.232e-17,O2_Holland(1993)_298K_49-103nm.txt
66.645636,2.223e-17,O2_Holland(1993)_298K_49-103nm.txt
66.650592,2.208e-17,O2_Holland(1993)_298K_49-103nm.txt
66.655542,2.213e-17,O2_Holland(1993)_298K_49-103nm.txt
66.660492,2.207e-17,O2_Holland(1993)_298K_49-103nm.txt
66.665448,2.214e-17,O2_Holland(1993)_298K_49-103nm.txt
66.670404,2.208e-17,O2_Holland(1993)_298K_49-103nm.txt
66.675354,2.212e-17,O2_Holland(1993)_298K_49-103nm.txt
66.680304,2.223e-17,O2_Holland(1993)_298K_49-103nm.txt
66.68526,2.21e-17,O2_Holland(1993)_298K_49-103nm.txt
66.690216,2.214e-17,O2_Holland(1993)_298K_49-103nm.txt
66.695166,2.223e-17,O2_Holland(1993)_298K_49-103nm.txt
66.700116,2.219e-17,O2_Holland(1993)_298K_49-103nm.txt
66.705072,2.221e-17,O2_Holland(1993)_298K_49-103nm.txt
66.710022,2.213e-17,O2_Holland(1993)_298K_49-103nm.txt
66.714978,2.219e-17,O2_Holland(1993)_298K_49-103nm.txt
66.719928,2.214e-17,O2_Holland(1993)_298K_49-103nm.txt
66.724884,2.199e-17,O2_Holland(1993)_298K_49-103nm.txt
66.729834,2.209e-17,O2_Holland(1993)_298K_49-103nm.txt
66.734784,2.199e-17,O2_Holland(1993)_298K_49-103nm.txt
66.73974,2.192e-17,O2_Holland(1993)_298K_49-103nm.txt
66.744696,2.186e-17,O2_Holland(1993)_298K_49-103nm.txt
66.749646,2.19e-17,O2_Holland(1993)_298K_49-103nm.txt
66.754596,2.183e-17,O2_Holland(1993)_298K_49-103nm.txt
66.759552,2.19e-17,O2_Holland(1993)_298K_49-103nm.txt
66.764508,2.178e-17,O2_Holland(1993)_298K_49-103nm.txt
66.769458,2.185e-17,O2_Holland(1993)_298K_49-103nm.txt
66.774408,2.188e-17,O2_Holland(1993)_298K_49-103nm.txt
66.779364,2.195e-17,O2_Holland(1993)_298K_49-103nm.txt
66.784314,2.199e-17,O2_Holland(1993)_298K_49-103nm.txt
66.78927,2.198e-17,O2_Holland(1993)_298K_49-103nm.txt
66.79422,2.196e-17,O2_Holland(1993)_298K_49-103nm.txt
66.799176,2.199e-17,O2_Holland(1993)_298K_49-103nm.txt
66.804126,2.195e-17,O2_Holland(1993)_298K_49-103nm.txt
66.809076,2.182e-17,O2_Holland(1993)_298K_49-103nm.txt
66.814032,2.187e-17,O2_Holland(1993)_298K_49-103nm.txt
66.818988,2.178e-17,O2_Holland(1993)_298K_49-103nm.txt
66.823938,2.172e-17,O2_Holland(1993)_298K_49-103nm.txt
66.828888,2.168e-17,O2_Holland(1993)_298K_49-103nm.txt
66.833844,2.172e-17,O2_Holland(1993)_298K_49-103nm.txt
66.8388,2.166e-17,O2_Holland(1993)_298K_49-103nm.txt
66.84375,2.175e-17,O2_Holland(1993)_298K_49-103nm.txt
66.8487,2.157e-17,O2_Holland(1993)_298K_49-103nm.txt
66.853656,2.151e-17,O2_Holland(1993)_298K_49-103nm.txt
66.858606,2.128e-17,O2_Holland(1993)_298K_49-103nm.txt
66.863562,2.127e-17,O2_Holland(1993)_298K_49-103nm.txt
66.868512,2.122e-17,O2_Holland(1993)_298K_49-103nm.txt
66.873468,2.119e-17,O2_Holland(1993)_298K_49-103nm.txt
66.878418,2.106e-17,O2_Holland(1993)_298K_49-103nm.txt
66.883368,2.101e-17,O2_Holland(1993)_298K_49-103nm.txt
66.88833,2.1e-17,O2_Holland(1993)_298K_49-103nm.txt
66.89328,2.097e-17,O2_Holland(1993)_298K_49-103nm.txt
66.89823,2.085e-17,O2_Holland(1993)_298K_49-103nm.txt
66.90318,2.082e-17,O2_Holland(1993)_298K_49-103nm.txt
66.908136,2.081e-17,O2_Holland(1993)_298K_49-103nm.txt
66.913092,2.072e-17,O2_Holland(1993)_298K_49-103nm.txt
66.918042,2.077e-17,O2_Holland(1993)_298K_49-103nm.txt
66.922992,2.081e-17,O2_Holland(1993)_298K_49-103nm.txt
66.927948,2.087e-17,O2_Holland(1993)_298K_49-103nm.txt
66.932898,2.092e-17,O2_Holland(1993)_298K_49-103nm.txt
66.937854,2.097e-17,O2_Holland(1993)_298K_49-103nm.txt
66.942804,2.105e-17,O2_Holland(1993)_298K_49-103nm.txt
66.94776,2.125e-17,O2_Holland(1993)_298K_49-103nm.txt
66.95271,2.124e-17,O2_Holland(1993)_298K_49-103nm.txt
66.95766,2.137e-17,O2_Holland(1993)_298K_49-103nm.txt
66.962622,2.136e-17,O2_Holland(1993)_298K_49-103nm.txt
66.967572,2.132e-17,O2_Holland(1993)_298K_49-103nm.txt
66.972522,2.143e-17,O2_Holland(1993)_298K_49-103nm.txt
66.977472,2.149e-17,O2_Holland(1993)_298K_49-103nm.txt
66.982428,2.151e-17,O2_Holland(1993)_298K_49-103nm.txt
66.987384,2.147e-17,O2_Holland(1993)_298K_49-103nm.txt
66.992334,2.153e-17,O2_Holland(1993)_298K_49-103nm.txt
66.997284,2.166e-17,O2_Holland(1993)_298K_49-103nm.txt
67.00224,2.181e-17,O2_Holland(1993)_298K_49-103nm.txt
67.00719,2.176e-17,O2_Holland(1993)_298K_49-103nm.txt
67.012146,2.168e-17,O2_Holland(1993)_298K_49-103nm.txt
67.017096,2.182e-17,O2_Holland(1993)_298K_49-103nm.txt
67.022052,2.17e-17,O2_Holland(1993)_298K_49-103nm.txt
67.027002,2.17e-17,O2_Holland(1993)_298K_49-103nm.txt
67.031952,2.158e-17,O2_Holland(1993)_298K_49-103nm.txt
67.036914,2.166e-17,O2_Holland(1993)_298K_49-103nm.txt
67.041864,2.154e-17,O2_Holland(1993)_298K_49-103nm.txt
67.046814,2.16e-17,O2_Holland(1993)_298K_49-103nm.txt
67.051764,2.158e-17,O2_Holland(1993)_298K_49-103nm.txt
67.05672,2.164e-17,O2_Holland(1993)_298K_49-103nm.txt
67.061676,2.158e-17,O2_Holland(1993)_298K_49-103nm.txt
67.066626,2.157e-17,O2_Holland(1993)_298K_49-103nm.txt
67.071576,2.159e-17,O2_Holland(1993)_298K_49-103nm.txt
67.076532,2.171e-17,O2_Holland(1993)_298K_49-103nm.txt
67.081482,2.15e-17,O2_Holland(1993)_298K_49-103nm.txt
67.086438,2.138e-17,O2_Holland(1993)_298K_49-103nm.txt
67.091388,2.128e-17,O2_Holland(1993)_298K_49-103nm.txt
67.096344,2.123e-17,O2_Holland(1993)_298K_49-103nm.txt
67.101294,2.114e-17,O2_Holland(1993)_298K_49-103nm.txt
67.106244,2.108e-17,O2_Holland(1993)_298K_49-103nm.txt
67.111206,2.102e-17,O2_Holland(1993)_298K_49-103nm.txt
67.116156,2.093e-17,O2_Holland(1993)_298K_49-103nm.txt
67.121106,2.082e-17,O2_Holland(1993)_298K_49-103nm.txt
67.126056,2.082e-17,O2_Holland(1993)_298K_49-103nm.txt
67.131012,2.082e-17,O2_Holland(1993)_298K_49-103nm.txt
67.135968,2.091e-17,O2_Holland(1993)_298K_49-103nm.txt
67.140918,2.106e-17,O2_Holland(1993)_298K_49-103nm.txt
67.145868,2.117e-17,O2_Holland(1993)_298K_49-103nm.txt
67.150824,2.12e-17,O2_Holland(1993)_298K_49-103nm.txt
67.155774,2.12e-17,O2_Holland(1993)_298K_49-103nm.txt
67.16073,2.129e-17,O2_Holland(1993)_298K_49-103nm.txt
67.16568,2.116e-17,O2_Holland(1993)_298K_49-103nm.txt
67.170636,2.111e-17,O2_Holland(1993)_298K_49-103nm.txt
67.175586,2.11e-17,O2_Holland(1993)_298K_49-103nm.txt
67.180536,2.106e-17,O2_Holland(1993)_298K_49-103nm.txt
67.185498,2.096e-17,O2_Holland(1993)_298K_49-103nm.txt
67.190448,2.092e-17,O2_Holland(1993)_298K_49-103nm.txt
67.195398,2.091e-17,O2_Holland(1993)_298K_49-103nm.txt
67.200348,2.084e-17,O2_Holland(1993)_298K_49-103nm.txt
67.205304,2.075e-17,O2_Holland(1993)_298K_49-103nm.txt
67.21026,2.078e-17,O2_Holland(1993)_298K_49-103nm.txt
67.21521,2.062e-17,O2_Holland(1993)_298K_49-103nm.txt
67.22016,2.067e-17,O2_Holland(1993)_298K_49-103nm.txt
67.225116,2.063e-17,O2_Holland(1993)_298K_49-103nm.txt
67.230066,2.052e-17,O2_Holland(1993)_298K_49-103nm.txt
67.235022,2.067e-17,O2_Holland(1993)_298K_49-103nm.txt
67.239972,2.069e-17,O2_Holland(1993)_298K_49-103nm.txt
67.244928,2.078e-17,O2_Holland(1993)_298K_49-103nm.txt
67.249878,2.089e-17,O2_Holland(1993)_298K_49-103nm.txt
67.254828,2.11e-17,O2_Holland(1993)_298K_49-103nm.txt
67.25979,2.111e-17,O2_Holland(1993)_298K_49-103nm.txt
67.26474,2.099e-17,O2_Holland(1993)_298K_49-103nm.txt
67.26969,2.093e-17,O2_Holland(1993)_298K_49-103nm.txt
67.27464,2.086e-17,O2_Holland(1993)_298K_49-103nm.txt
67.279596,2.064e-17,O2_Holland(1993)_298K_49-103nm.txt
67.284552,2.05e-17,O2_Holland(1993)_298K_49-103nm.txt
67.289502,2.045e-17,O2_Holland(1993)_298K_49-103nm.txt
67.294452,2.047e-17,O2_Holland(1993)_298K_49-103nm.txt
67.299408,2.044e-17,O2_Holland(1993)_298K_49-103nm.txt
67.304358,2.041e-17,O2_Holland(1993)_298K_49-103nm.txt
67.309314,2.021e-17,O2_Holland(1993)_298K_49-103nm.txt
67.314264,2.021e-17,O2_Holland(1993)_298K_49-103nm.txt
67.31922,2.011e-17,O2_Holland(1993)_298K_49-103nm.txt
67.32417,2.011e-17,O2_Holland(1993)_298K_49-103nm.txt
67.32912,2.011e-17,O2_Holland(1993)_298K_49-103nm.txt
67.334082,1.981e-17,O2_Holland(1993)_298K_49-103nm.txt
67.339032,1.985e-17,O2_Holland(1993)_298K_49-103nm.txt
67.343982,1.977e-17,O2_Holland(1993)_298K_49-103nm.txt
67.348932,1.969e-17,O2_Holland(1993)_298K_49-103nm.txt
67.353888,1.952e-17,O2_Holland(1993)_298K_49-103nm.txt
67.358844,1.957e-17,O2_Holland(1993)_298K_49-103nm.txt
67.363794,1.957e-17,O2_Holland(1993)_298K_49-103nm.txt
67.368744,1.951e-17,O2_Holland(1993)_298K_49-103nm.txt
67.3737,1.95e-17,O2_Holland(1993)_298K_49-103nm.txt
67.37865,1.95e-17,O2_Holland(1993)_298K_49-103nm.txt
67.383606,1.947e-17,O2_Holland(1993)_298K_49-103nm.txt
67.388556,1.952e-17,O2_Holland(1993)_298K_49-103nm.txt
67.393512,1.951e-17,O2_Holland(1993)_298K_49-103nm.txt
67.398462,1.954e-17,O2_Holland(1993)_298K_49-103nm.txt
67.403412,1.951e-17,O2_Holland(1993)_298K_49-103nm.txt
67.408374,1.952e-17,O2_Holland(1993)_298K_49-103nm.txt
67.413324,1.962e-17,O2_Holland(1993)_298K_49-103nm.txt
67.418274,1.985e-17,O2_Holland(1993)_298K_49-103nm.txt
67.423224,2.016e-17,O2_Holland(1993)_298K_49-103nm.txt
67.42818,2.018e-17,O2_Holland(1993)_298K_49-103nm.txt
67.433136,2.036e-17,O2_Holland(1993)_298K_49-103nm.txt
67.438086,2.051e-17,O2_Holland(1993)_298K_49-103nm.txt
67.443036,2.058e-17,O2_Holland(1993)_298K_49-103nm.txt
67.447992,2.074e-17,O2_Holland(1993)_298K_49-103nm.txt
67.452942,2.094e-17,O2_Holland(1993)_298K_49-103nm.txt
67.457898,2.123e-17,O2_Holland(1993)_298K_49-103nm.txt
67.462848,2.137e-17,O2_Holland(1993)_298K_49-103nm.txt
67.467804,2.14e-17,O2_Holland(1993)_298K_49-103nm.txt
67.472754,2.137e-17,O2_Holland(1993)_298K_49-103nm.txt
67.477704,2.119e-17,O2_Holland(1993)_298K_49-103nm.txt
67.482666,2.108e-17,O2_Holland(1993)_298K_49-103nm.txt
67.487616,2.108e-17,O2_Holland(1993)_298K_49-103nm.txt
67.492566,2.113e-17,O2_Holland(1993)_298K_49-103nm.txt
67.497516,2.127e-17,O2_Holland(1993)_298K_49-103nm.txt
67.502472,2.143e-17,O2_Holland(1993)_298K_49-103nm.txt
67.507428,2.149e-17,O2_Holland(1993)_298K_49-103nm.txt
67.512378,2.149e-17,O2_Holland(1993)_298K_49-103nm.txt
67.517328,2.135e-17,O2_Holland(1993)_298K_49-103nm.txt
67.522284,2.117e-17,O2_Holland(1993)_298K_49-103nm.txt
67.527234,2.096e-17,O2_Holland(1993)_298K_49-103nm.txt
67.53219,2.068e-17,O2_Holland(1993)_298K_49-103nm.txt
67.53714,2.046e-17,O2_Holland(1993)_298K_49-103nm.txt
67.542096,2.025e-17,O2_Holland(1993)_298K_49-103nm.txt
67.547046,2.025e-17,O2_Holland(1993)_298K_49-103nm.txt
67.551996,2.018e-17,O2_Holland(1993)_298K_49-103nm.txt
67.556958,2.026e-17,O2_Holland(1993)_298K_49-103nm.txt
67.561908,2.035e-17,O2_Holland(1993)_298K_49-103nm.txt
67.566858,2.045e-17,O2_Holland(1993)_298K_49-103nm.txt
67.571808,2.059e-17,O2_Holland(1993)_298K_49-103nm.txt
67.576764,2.048e-17,O2_Holland(1993)_298K_49-103nm.txt
67.58172,2.051e-17,O2_Holland(1993)_298K_49-103nm.txt
67.58667,2.024e-17,O2_Holland(1993)_298K_49-103nm.txt
67.59162,2.009e-17,O2_Holland(1993)_298K_49-103nm.txt
67.596576,2.008e-17,O2_Holland(1993)_298K_49-103nm.txt
67.601526,2e-17,O2_Holland(1993)_298K_49-103nm.txt
67.606482,2e-17,O2_Holland(1993)_298K_49-103nm.txt
67.611432,1.992e-17,O2_Holland(1993)_298K_49-103nm.txt
67.616388,1.995e-17,O2_Holland(1993)_298K_49-103nm.txt
67.621338,1.997e-17,O2_Holland(1993)_298K_49-103nm.txt
67.626288,2.011e-17,O2_Holland(1993)_298K_49-103nm.txt
67.63125,2.013e-17,O2_Holland(1993)_298K_49-103nm.txt
67.6362,2.04e-17,O2_Holland(1993)_298K_49-103nm.txt
67.64115,2.077e-17,O2_Holland(1993)_298K_49-103nm.txt
67.6461,2.115e-17,O2_Holland(1993)_298K_49-103nm.txt
67.651056,2.146e-17,O2_Holland(1993)_298K_49-103nm.txt
67.656012,2.163e-17,O2_Holland(1993)_298K_49-103nm.txt
67.660962,2.137e-17,O2_Holland(1993)_298K_49-103nm.txt
67.665912,2.11e-17,O2_Holland(1993)_298K_49-103nm.txt
67.670868,2.087e-17,O2_Holland(1993)_298K_49-103nm.txt
67.675818,2.049e-17,O2_Holland(1993)_298K_49-103nm.txt
67.680774,2.02e-17,O2_Holland(1993)_298K_49-103nm.txt
67.685724,2.001e-17,O2_Holland(1993)_298K_49-103nm.txt
67.69068,1.988e-17,O2_Holland(1993)_298K_49-103nm.txt
67.69563,1.976e-17,O2_Holland(1993)_298K_49-103nm.txt
67.70058,1.968e-17,O2_Holland(1993)_298K_49-103nm.txt
67.705542,1.954e-17,O2_Holland(1993)_298K_49-103nm.txt
67.710492,1.947e-17,O2_Holland(1993)_298K_49-103nm.txt
67.715442,1.946e-17,O2_Holland(1993)_298K_49-103nm.txt
67.720392,1.947e-17,O2_Holland(1993)_298K_49-103nm.txt
67.725348,1.933e-17,O2_Holland(1993)_298K_49-103nm.txt
67.730304,1.938e-17,O2_Holland(1993)_298K_49-103nm.txt
67.735254,1.941e-17,O2_Holland(1993)_298K_49-103nm.txt
67.740204,1.952e-17,O2_Holland(1993)_298K_49-103nm.txt
67.74516,1.968e-17,O2_Holland(1993)_298K_49-103nm.txt
67.75011,2.011e-17,O2_Holland(1993)_298K_49-103nm.txt
67.755066,2.024e-17,O2_Holland(1993)_298K_49-103nm.txt
67.760016,2.043e-17,O2_Holland(1993)_298K_49-103nm.txt
67.764972,2.04e-17,O2_Holland(1993)_298K_49-103nm.txt
67.769922,2.022e-17,O2_Holland(1993)_298K_49-103nm.txt
67.774872,2.008e-17,O2_Holland(1993)_298K_49-103nm.txt
67.779834,1.999e-17,O2_Holland(1993)_298K_49-103nm.txt
67.784784,1.974e-17,O2_Holland(1993)_298K_49-103nm.txt
67.789734,1.964e-17,O2_Holland(1993)_298K_49-103nm.txt
67.794684,1.949e-17,O2_Holland(1993)_298K_49-103nm.txt
67.79964,1.931e-17,O2_Holland(1993)_298K_49-103nm.txt
67.804596,1.923e-17,O2_Holland(1993)_298K_49-103nm.txt
67.809546,1.919e-17,O2_Holland(1993)_298K_49-103nm.txt
67.814496,1.903e-17,O2_Holland(1993)_298K_49-103nm.txt
67.819452,1.888e-17,O2_Holland(1993)_298K_49-103nm.txt
67.824402,1.881e-17,O2_Holland(1993)_298K_49-103nm.txt
67.829358,1.875e-17,O2_Holland(1993)_298K_49-103nm.txt
67.834308,1.859e-17,O2_Holland(1993)_298K_49-103nm.txt
67.839264,1.864e-17,O2_Holland(1993)_298K_49-103nm.txt
67.844214,1.857e-17,O2_Holland(1993)_298K_49-103nm.txt
67.849164,1.83e-17,O2_Holland(1993)_298K_49-103nm.txt
67.854126,1.832e-17,O2_Holland(1993)_298K_49-103nm.txt
67.859076,1.827e-17,O2_Holland(1993)_298K_49-103nm.txt
67.864026,1.827e-17,O2_Holland(1993)_298K_49-103nm.txt
67.868976,1.801e-17,O2_Holland(1993)_298K_49-103nm.txt
67.873932,1.802e-17,O2_Holland(1993)_298K_49-103nm.txt
67.878888,1.799e-17,O2_Holland(1993)_298K_49-103nm.txt
67.883838,1.803e-17,O2_Holland(1993)_298K_49-103nm.txt
67.888788,1.806e-17,O2_Holland(1993)_298K_49-103nm.txt
67.893744,1.807e-17,O2_Holland(1993)_298K_49-103nm.txt
67.898694,1.82e-17,O2_Holland(1993)_298K_49-103nm.txt
67.90365,1.84e-17,O2_Holland(1993)_298K_49-103nm.txt
67.9086,1.84e-17,O2_Holland(1993)_298K_49-103nm.txt
67.913556,1.853e-17,O2_Holland(1993)_298K_49-103nm.txt
67.918506,1.864e-17,O2_Holland(1993)_298K_49-103nm.txt
67.923456,1.878e-17,O2_Holland(1993)_298K_49-103nm.txt
67.928418,1.912e-17,O2_Holland(1993)_298K_49-103nm.txt
67.933368,1.974e-17,O2_Holland(1993)_298K_49-103nm.txt
67.938318,2.051e-17,O2_Holland(1993)_298K_49-103nm.txt
67.943268,2.115e-17,O2_Holland(1993)_298K_49-103nm.txt
67.948224,2.158e-17,O2_Holland(1993)_298K_49-103nm.txt
67.95318,2.191e-17,O2_Holland(1993)_298K_49-103nm.txt
67.95813,2.207e-17,O2_Holland(1993)_298K_49-103nm.txt
67.96308,2.232e-17,O2_Holland(1993)_298K_49-103nm.txt
67.968036,2.261e-17,O2_Holland(1993)_298K_49-103nm.txt
67.972986,2.288e-17,O2_Holland(1993)_298K_49-103nm.txt
67.977942,2.316e-17,O2_Holland(1993)_298K_49-103nm.txt
67.982892,2.323e-17,O2_Holland(1993)_298K_49-103nm.txt
67.987848,2.286e-17,O2_Holland(1993)_298K_49-103nm.txt
67.992798,2.226e-17,O2_Holland(1993)_298K_49-103nm.txt
67.997748,2.16e-17,O2_Holland(1993)_298K_49-103nm.txt
68.00271,2.089e-17,O2_Holland(1993)_298K_49-103nm.txt
68.00766,2.056e-17,O2_Holland(1993)_298K_49-103nm.txt
68.01261,2.05e-17,O2_Holland(1993)_298K_49-103nm.txt
68.01756,2.052e-17,O2_Holland(1993)_298K_49-103nm.txt
68.022516,2.074e-17,O2_Holland(1993)_298K_49-103nm.txt
68.027472,2.104e-17,O2_Holland(1993)_298K_49-103nm.txt
68.032422,2.089e-17,O2_Holland(1993)_298K_49-103nm.txt
68.037372,2.059e-17,O2_Holland(1993)_298K_49-103nm.txt
68.042328,2.01e-17,O2_Holland(1993)_298K_49-103nm.txt
68.047278,1.946e-17,O2_Holland(1993)_298K_49-103nm.txt
68.052234,1.882e-17,O2_Holland(1993)_298K_49-103nm.txt
68.057184,1.841e-17,O2_Holland(1993)_298K_49-103nm.txt
68.06214,1.827e-17,O2_Holland(1993)_298K_49-103nm.txt
68.06709,1.825e-17,O2_Holland(1993)_298K_49-103nm.txt
68.07204,1.831e-17,O2_Holland(1993)_298K_49-103nm.txt
68.077002,1.861e-17,O2_Holland(1993)_298K_49-103nm.txt
68.081952,1.904e-17,O2_Holland(1993)_298K_49-103nm.txt
68.086902,1.964e-17,O2_Holland(1993)_298K_49-103nm.txt
68.091852,2.023e-17,O2_Holland(1993)_298K_49-103nm.txt
68.096808,2.052e-17,O2_Holland(1993)_298K_49-103nm.txt
68.101764,2.054e-17,O2_Holland(1993)_298K_49-103nm.txt
68.106714,2.049e-17,O2_Holland(1993)_298K_49-103nm.txt
68.111664,2.05e-17,O2_Holland(1993)_298K_49-103nm.txt
68.11662,2.03e-17,O2_Holland(1993)_298K_49-103nm.txt
68.12157,2.021e-17,O2_Holland(1993)_298K_49-103nm.txt
68.126526,1.997e-17,O2_Holland(1993)_298K_49-103nm.txt
68.131476,1.98e-17,O2_Holland(1993)_298K_49-103nm.txt
68.136432,1.959e-17,O2_Holland(1993)_298K_49-103nm.txt
68.141382,1.973e-17,O2_Holland(1993)_298K_49-103nm.txt
68.146332,1.989e-17,O2_Holland(1993)_298K_49-103nm.txt
68.151294,2e-17,O2_Holland(1993)_298K_49-103nm.txt
68.156244,2.032e-17,O2_Holland(1993)_298K_49-103nm.txt
68.161194,2.09e-17,O2_Holland(1993)_298K_49-103nm.txt
68.166144,2.165e-17,O2_Holland(1993)_298K_49-103nm.txt
68.1711,2.214e-17,O2_Holland(1993)_298K_49-103nm.txt
68.176056,2.234e-17,O2_Holland(1993)_298K_49-103nm.txt
68.181006,2.209e-17,O2_Holland(1993)_298K_49-103nm.txt
68.185956,2.139e-17,O2_Holland(1993)_298K_49-103nm.txt
68.190912,2.073e-17,O2_Holland(1993)_298K_49-103nm.txt
68.195862,2.011e-17,O2_Holland(1993)_298K_49-103nm.txt
68.200818,1.962e-17,O2_Holland(1993)_298K_49-103nm.txt
68.205768,1.913e-17,O2_Holland(1993)_298K_49-103nm.txt
68.210724,1.899e-17,O2_Holland(1993)_298K_49-103nm.txt
68.215674,1.883e-17,O2_Holland(1993)_298K_49-103nm.txt
68.220624,1.874e-17,O2_Holland(1993)_298K_49-103nm.txt
68.225586,1.872e-17,O2_Holland(1993)_298K_49-103nm.txt
68.230536,1.871e-17,O2_Holland(1993)_298K_49-103nm.txt
68.235486,1.914e-17,O2_Holland(1993)_298K_49-103nm.txt
68.240436,1.874e-17,O2_Holland(1993)_298K_49-103nm.txt
68.245392,1.891e-17,O2_Holland(1993)_298K_49-103nm.txt
68.250348,1.89e-17,O2_Holland(1993)_298K_49-103nm.txt
68.255298,1.917e-17,O2_Holland(1993)_298K_49-103nm.txt
68.260248,1.936e-17,O2_Holland(1993)_298K_49-103nm.txt
68.265204,2.001e-17,O2_Holland(1993)_298K_49-103nm.txt
68.270154,2.076e-17,O2_Holland(1993)_298K_49-103nm.txt
68.27511,2.156e-17,O2_Holland(1993)_298K_49-103nm.txt
68.28006,2.218e-17,O2_Holland(1993)_298K_49-103nm.txt
68.285016,2.195e-17,O2_Holland(1993)_298K_49-103nm.txt
68.289966,2.164e-17,O2_Holland(1993)_298K_49-103nm.txt
68.294916,2.093e-17,O2_Holland(1993)_298K_49-103nm.txt
68.299878,2.014e-17,O2_Holland(1993)_298K_49-103nm.txt
68.304828,1.942e-17,O2_Holland(1993)_298K_49-103nm.txt
68.309778,1.884e-17,O2_Holland(1993)_298K_49-103nm.txt
68.314728,1.842e-17,O2_Holland(1993)_298K_49-103nm.txt
68.319684,1.796e-17,O2_Holland(1993)_298K_49-103nm.txt
68.32464,1.759e-17,O2_Holland(1993)_298K_49-103nm.txt
68.32959,1.737e-17,O2_Holland(1993)_298K_49-103nm.txt
68.33454,1.735e-17,O2_Holland(1993)_298K_49-103nm.txt
68.339496,1.709e-17,O2_Holland(1993)_298K_49-103nm.txt
68.344446,1.698e-17,O2_Holland(1993)_298K_49-103nm.txt
68.349402,1.69e-17,O2_Holland(1993)_298K_49-103nm.txt
68.354352,1.671e-17,O2_Holland(1993)_298K_49-103nm.txt
68.359308,1.67e-17,O2_Holland(1993)_298K_49-103nm.txt
68.364258,1.668e-17,O2_Holland(1993)_298K_49-103nm.txt
68.369208,1.659e-17,O2_Holland(1993)_298K_49-103nm.txt
68.37417,1.648e-17,O2_Holland(1993)_298K_49-103nm.txt
68.37912,1.649e-17,O2_Holland(1993)_298K_49-103nm.txt
68.38407,1.642e-17,O2_Holland(1993)_298K_49-103nm.txt
68.38902,1.647e-17,O2_Holland(1993)_298K_49-103nm.txt
68.393976,1.664e-17,O2_Holland(1993)_298K_49-103nm.txt
68.398932,1.667e-17,O2_Holland(1993)_298K_49-103nm.txt
68.403882,1.657e-17,O2_Holland(1993)_298K_49-103nm.txt
68.408832,1.679e-17,O2_Holland(1993)_298K_49-103nm.txt
68.413788,1.716e-17,O2_Holland(1993)_298K_49-103nm.txt
68.418738,1.747e-17,O2_Holland(1993)_298K_49-103nm.txt
68.423694,1.781e-17,O2_Holland(1993)_298K_49-103nm.txt
68.428644,1.811e-17,O2_Holland(1993)_298K_49-103nm.txt
68.4336,1.83e-17,O2_Holland(1993)_298K_49-103nm.txt
68.43855,1.86e-17,O2_Holland(1993)_298K_49-103nm.txt
68.4435,1.912e-17,O2_Holland(1993)_298K_49-103nm.txt
68.448462,1.96e-17,O2_Holland(1993)_298K_49-103nm.txt
68.453412,2.039e-17,O2_Holland(1993)_298K_49-103nm.txt
68.458362,2.115e-17,O2_Holland(1993)_298K_49-103nm.txt
68.463312,2.194e-17,O2_Holland(1993)_298K_49-103nm.txt
68.468268,2.311e-17,O2_Holland(1993)_298K_49-103nm.txt
68.473224,2.452e-17,O2_Holland(1993)_298K_49-103nm.txt
68.478174,2.577e-17,O2_Holland(1993)_298K_49-103nm.txt
68.483124,2.67e-17,O2_Holland(1993)_298K_49-103nm.txt
68.48808,2.707e-17,O2_Holland(1993)_298K_49-103nm.txt
68.49303,2.684e-17,O2_Holland(1993)_298K_49-103nm.txt
68.497986,2.611e-17,O2_Holland(1993)_298K_49-103nm.txt
68.502936,2.52e-17,O2_Holland(1993)_298K_49-103nm.txt
68.507892,2.446e-17,O2_Holland(1993)_298K_49-103nm.txt
68.512842,2.382e-17,O2_Holland(1993)_298K_49-103nm.txt
68.517792,2.339e-17,O2_Holland(1993)_298K_49-103nm.txt
68.522754,2.298e-17,O2_Holland(1993)_298K_49-103nm.txt
68.527704,2.226e-17,O2_Holland(1993)_298K_49-103nm.txt
68.532654,2.131e-17,O2_Holland(1993)_298K_49-103nm.txt
68.537604,2.033e-17,O2_Holland(1993)_298K_49-103nm.txt
68.54256,1.933e-17,O2_Holland(1993)_298K_49-103nm.txt
68.547516,1.862e-17,O2_Holland(1993)_298K_49-103nm.txt
68.552466,1.831e-17,O2_Holland(1993)_298K_49-103nm.txt
68.557416,1.831e-17,O2_Holland(1993)_298K_49-103nm.txt
68.562372,1.875e-17,O2_Holland(1993)_298K_49-103nm.txt
68.567322,1.924e-17,O2_Holland(1993)_298K_49-103nm.txt
68.572278,1.947e-17,O2_Holland(1993)_298K_49-103nm.txt
68.577228,1.941e-17,O2_Holland(1993)_298K_49-103nm.txt
68.582184,1.888e-17,O2_Holland(1993)_298K_49-103nm.txt
68.587134,1.8e-17,O2_Holland(1993)_298K_49-103nm.txt
68.592084,1.736e-17,O2_Holland(1993)_298K_49-103nm.txt
68.597046,1.677e-17,O2_Holland(1993)_298K_49-103nm.txt
68.601996,1.663e-17,O2_Holland(1993)_298K_49-103nm.txt
68.606946,1.644e-17,O2_Holland(1993)_298K_49-103nm.txt
68.611896,1.66e-17,O2_Holland(1993)_298K_49-103nm.txt
68.616852,1.712e-17,O2_Holland(1993)_298K_49-103nm.txt
68.621808,1.807e-17,O2_Holland(1993)_298K_49-103nm.txt
68.626758,1.968e-17,O2_Holland(1993)_298K_49-103nm.txt
68.631708,2.119e-17,O2_Holland(1993)_298K_49-103nm.txt
68.636664,2.228e-17,O2_Holland(1993)_298K_49-103nm.txt
68.641614,2.303e-17,O2_Holland(1993)_298K_49-103nm.txt
68.64657,2.303e-17,O2_Holland(1993)_298K_49-103nm.txt
68.65152,2.285e-17,O2_Holland(1993)_298K_49-103nm.txt
68.656476,2.281e-17,O2_Holland(1993)_298K_49-103nm.txt
68.661426,2.273e-17,O2_Holland(1993)_298K_49-103nm.txt
68.666376,2.267e-17,O2_Holland(1993)_298K_49-103nm.txt
68.671338,2.28e-17,O2_Holland(1993)_298K_49-103nm.txt
68.676288,2.285e-17,O2_Holland(1993)_298K_49-103nm.txt
68.681238,2.296e-17,O2_Holland(1993)_298K_49-103nm.txt
68.686188,2.312e-17,O2_Holland(1993)_298K_49-103nm.txt
68.691144,2.326e-17,O2_Holland(1993)_298K_49-103nm.txt
68.6961,2.342e-17,O2_Holland(1993)_298K_49-103nm.txt
68.70105,2.409e-17,O2_Holland(1993)_298K_49-103nm.txt
68.706,2.489e-17,O2_Holland(1993)_298K_49-103nm.txt
68.710956,2.609e-17,O2_Holland(1993)_298K_49-103nm.txt
68.715906,2.682e-17,O2_Holland(1993)_298K_49-103nm.txt
68.720862,2.685e-17,O2_Holland(1993)_298K_49-103nm.txt
68.725812,2.622e-17,O2_Holland(1993)_298K_49-103nm.txt
68.730768,2.5e-17,O2_Holland(1993)_298K_49-103nm.txt
68.735718,2.357e-17,O2_Holland(1993)_298K_49-103nm.txt
68.740668,2.251e-17,O2_Holland(1993)_298K_49-103nm.txt
68.74563,2.127e-17,O2_Holland(1993)_298K_49-103nm.txt
68.75058,2.016e-17,O2_Holland(1993)_298K_49-103nm.txt
68.75553,1.918e-17,O2_Holland(1993)_298K_49-103nm.txt
68.76048,1.838e-17,O2_Holland(1993)_298K_49-103nm.txt
68.765436,1.767e-17,O2_Holland(1993)_298K_49-103nm.txt
68.770392,1.718e-17,O2_Holland(1993)_298K_49-103nm.txt
68.775342,1.676e-17,O2_Holland(1993)_298K_49-103nm.txt
68.780292,1.659e-17,O2_Holland(1993)_298K_49-103nm.txt
68.785248,1.631e-17,O2_Holland(1993)_298K_49-103nm.txt
68.790198,1.634e-17,O2_Holland(1993)_298K_49-103nm.txt
68.795154,1.65e-17,O2_Holland(1993)_298K_49-103nm.txt
68.800104,1.668e-17,O2_Holland(1993)_298K_49-103nm.txt
68.80506,1.72e-17,O2_Holland(1993)_298K_49-103nm.txt
68.81001,1.828e-17,O2_Holland(1993)_298K_49-103nm.txt
68.81496,1.945e-17,O2_Holland(1993)_298K_49-103nm.txt
68.819922,2.073e-17,O2_Holland(1993)_298K_49-103nm.txt
68.824872,2.136e-17,O2_Holland(1993)_298K_49-103nm.txt
68.829822,2.127e-17,O2_Holland(1993)_298K_49-103nm.txt
68.834772,2.041e-17,O2_Holland(1993)_298K_49-103nm.txt
68.839728,1.939e-17,O2_Holland(1993)_298K_49-103nm.txt
68.844684,1.84e-17,O2_Holland(1993)_298K_49-103nm.txt
68.849634,1.765e-17,O2_Holland(1993)_298K_49-103nm.txt
68.854584,1.709e-17,O2_Holland(1993)_298K_49-103nm.txt
68.85954,1.683e-17,O2_Holland(1993)_298K_49-103nm.txt
68.86449,1.653e-17,O2_Holland(1993)_298K_49-103nm.txt
68.869446,1.641e-17,O2_Holland(1993)_298K_49-103nm.txt
68.874396,1.638e-17,O2_Holland(1993)_298K_49-103nm.txt
68.879352,1.641e-17,O2_Holland(1993)_298K_49-103nm.txt
68.884302,1.64e-17,O2_Holland(1993)_298K_49-103nm.txt
68.889252,1.617e-17,O2_Holland(1993)_298K_49-103nm.txt
68.894214,1.609e-17,O2_Holland(1993)_298K_49-103nm.txt
68.899164,1.591e-17,O2_Holland(1993)_298K_49-103nm.txt
68.904114,1.58e-17,O2_Holland(1993)_298K_49-103nm.txt
68.909064,1.585e-17,O2_Holland(1993)_298K_49-103nm.txt
68.91402,1.603e-17,O2_Holland(1993)_298K_49-103nm.txt
68.918976,1.639e-17,O2_Holland(1993)_298K_49-103nm.txt
68.923926,1.666e-17,O2_Holland(1993)_298K_49-103nm.txt
68.928876,1.694e-17,O2_Holland(1993)_298K_49-103nm.txt
68.933832,1.728e-17,O2_Holland(1993)_298K_49-103nm.txt
68.938782,1.756e-17,O2_Holland(1993)_298K_49-103nm.txt
68.943738,1.82e-17,O2_Holland(1993)_298K_49-103nm.txt
68.948688,1.943e-17,O2_Holland(1993)_298K_49-103nm.txt
68.953644,2.125e-17,O2_Holland(1993)_298K_49-103nm.txt
68.958594,2.29e-17,O2_Holland(1993)_298K_49-103nm.txt
68.963544,2.431e-17,O2_Holland(1993)_298K_49-103nm.txt
68.968506,2.516e-17,O2_Holland(1993)_298K_49-103nm.txt
68.973456,2.546e-17,O2_Holland(1993)_298K_49-103nm.txt
68.978406,2.541e-17,O2_Holland(1993)_298K_49-103nm.txt
68.983356,2.504e-17,O2_Holland(1993)_298K_49-103nm.txt
68.988312,2.458e-17,O2_Holland(1993)_298K_49-103nm.txt
68.993268,2.436e-17,O2_Holland(1993)_298K_49-103nm.txt
68.998218,2.401e-17,O2_Holland(1993)_298K_49-103nm.txt
69.003168,2.365e-17,O2_Holland(1993)_298K_49-103nm.txt
69.008124,2.353e-17,O2_Holland(1993)_298K_49-103nm.txt
69.013074,2.333e-17,O2_Holland(1993)_298K_49-103nm.txt
69.01803,2.323e-17,O2_Holland(1993)_298K_49-103nm.txt
69.02298,2.316e-17,O2_Holland(1993)_298K_49-103nm.txt
69.027936,2.299e-17,O2_Holland(1993)_298K_49-103nm.txt
69.032886,2.304e-17,O2_Holland(1993)_298K_49-103nm.txt
69.037836,2.306e-17,O2_Holland(1993)_298K_49-103nm.txt
69.042798,2.313e-17,O2_Holland(1993)_298K_49-103nm.txt
69.047748,2.315e-17,O2_Holland(1993)_298K_49-103nm.txt
69.052698,2.296e-17,O2_Holland(1993)_298K_49-103nm.txt
69.057648,2.298e-17,O2_Holland(1993)_298K_49-103nm.txt
69.062604,2.27e-17,O2_Holland(1993)_298K_49-103nm.txt
69.06756,2.25e-17,O2_Holland(1993)_298K_49-103nm.txt
69.07251,2.235e-17,O2_Holland(1993)_298K_49-103nm.txt
69.07746,2.206e-17,O2_Holland(1993)_298K_49-103nm.txt
69.082416,2.165e-17,O2_Holland(1993)_298K_49-103nm.txt
69.087366,2.123e-17,O2_Holland(1993)_298K_49-103nm.txt
69.092322,2.081e-17,O2_Holland(1993)_298K_49-103nm.txt
69.097272,2.034e-17,O2_Holland(1993)_298K_49-103nm.txt
69.102228,1.982e-17,O2_Holland(1993)_298K_49-103nm.txt
69.107178,1.95e-17,O2_Holland(1993)_298K_49-103nm.txt
69.112128,1.92e-17,O2_Holland(1993)_298K_49-103nm.txt
69.11709,1.891e-17,O2_Holland(1993)_298K_49-103nm.txt
69.12204,1.869e-17,O2_Holland(1993)_298K_49-103nm.txt
69.12699,1.833e-17,O2_Holland(1993)_298K_49-103nm.txt
69.13194,1.792e-17,O2_Holland(1993)_298K_49-103nm.txt
69.136896,1.761e-17,O2_Holland(1993)_298K_49-103nm.txt
69.141852,1.73e-17,O2_Holland(1993)_298K_49-103nm.txt
69.146802,1.713e-17,O2_Holland(1993)_298K_49-103nm.txt
69.151752,1.72e-17,O2_Holland(1993)_298K_49-103nm.txt
69.156708,1.768e-17,O2_Holland(1993)_298K_49-103nm.txt
69.161658,1.852e-17,O2_Holland(1993)_298K_49-103nm.txt
69.166614,1.958e-17,O2_Holland(1993)_298K_49-103nm.txt
69.171564,2.108e-17,O2_Holland(1993)_298K_49-103nm.txt
69.17652,2.291e-17,O2_Holland(1993)_298K_49-103nm.txt
69.18147,2.523e-17,O2_Holland(1993)_298K_49-103nm.txt
69.18642,2.748e-17,O2_Holland(1993)_298K_49-103nm.txt
69.191382,2.968e-17,O2_Holland(1993)_298K_49-103nm.txt
69.196332,3.151e-17,O2_Holland(1993)_298K_49-103nm.txt
69.201282,3.294e-17,O2_Holland(1993)_298K_49-103nm.txt
69.206232,3.393e-17,O2_Holland(1993)_298K_49-103nm.txt
69.211188,3.436e-17,O2_Holland(1993)_298K_49-103nm.txt
69.216144,3.441e-17,O2_Holland(1993)_298K_49-103nm.txt
69.221094,3.407e-17,O2_Holland(1993)_298K_49-103nm.txt
69.226044,3.333e-17,O2_Holland(1993)_298K_49-103nm.txt
69.231,3.25e-17,O2_Holland(1993)_298K_49-103nm.txt
69.23595,3.139e-17,O2_Holland(1993)_298K_49-103nm.txt
69.240906,3.012e-17,O2_Holland(1993)_298K_49-103nm.txt
69.245856,2.877e-17,O2_Holland(1993)_298K_49-103nm.txt
69.250812,2.756e-17,O2_Holland(1993)_298K_49-103nm.txt
69.255762,2.641e-17,O2_Holland(1993)_298K_49-103nm.txt
69.260712,2.522e-17,O2_Holland(1993)_298K_49-103nm.txt
69.265674,2.446e-17,O2_Holland(1993)_298K_49-103nm.txt
69.270624,2.365e-17,O2_Holland(1993)_298K_49-103nm.txt
69.275574,2.301e-17,O2_Holland(1993)_298K_49-103nm.txt
69.280524,2.225e-17,O2_Holland(1993)_298K_49-103nm.txt
69.28548,2.156e-17,O2_Holland(1993)_298K_49-103nm.txt
69.290436,2.109e-17,O2_Holland(1993)_298K_49-103nm.txt
69.295386,2.043e-17,O2_Holland(1993)_298K_49-103nm.txt
69.300336,2.002e-17,O2_Holland(1993)_298K_49-103nm.txt
69.305292,1.967e-17,O2_Holland(1993)_298K_49-103nm.txt
69.310242,1.935e-17,O2_Holland(1993)_298K_49-103nm.txt
69.315198,1.9e-17,O2_Holland(1993)_298K_49-103nm.txt
69.320154,1.885e-17,O2_Holland(1993)_298K_49-103nm.txt
69.325104,1.869e-17,O2_Holland(1993)_298K_49-103nm.txt
69.330054,1.87e-17,O2_Holland(1993)_298K_49-103nm.txt
69.335004,1.888e-17,O2_Holland(1993)_298K_49-103nm.txt
69.339966,1.899e-17,O2_Holland(1993)_298K_49-103nm.txt
69.344916,1.895e-17,O2_Holland(1993)_298K_49-103nm.txt
69.349866,1.894e-17,O2_Holland(1993)_298K_49-103nm.txt
69.354816,1.893e-17,O2_Holland(1993)_298K_49-103nm.txt
69.359772,1.881e-17,O2_Holland(1993)_298K_49-103nm.txt
69.364728,1.853e-17,O2_Holland(1993)_298K_49-103nm.txt
69.369678,1.833e-17,O2_Holland(1993)_298K_49-103nm.txt
69.374628,1.805e-17,O2_Holland(1993)_298K_49-103nm.txt
69.379584,1.804e-17,O2_Holland(1993)_298K_49-103nm.txt
69.384534,1.792e-17,O2_Holland(1993)_298K_49-103nm.txt
69.38949,1.797e-17,O2_Holland(1993)_298K_49-103nm.txt
69.394446,1.793e-17,O2_Holland(1993)_298K_49-103nm.txt
69.399396,1.79e-17,O2_Holland(1993)_298K_49-103nm.txt
69.404346,1.786e-17,O2_Holland(1993)_298K_49-103nm.txt
69.409296,1.772e-17,O2_Holland(1993)_298K_49-103nm.txt
69.414258,1.772e-17,O2_Holland(1993)_298K_49-103nm.txt
69.419208,1.774e-17,O2_Holland(1993)_298K_49-103nm.txt
69.424158,1.787e-17,O2_Holland(1993)_298K_49-103nm.txt
69.429108,1.817e-17,O2_Holland(1993)_298K_49-103nm.txt
69.434064,1.847e-17,O2_Holland(1993)_298K_49-103nm.txt
69.43902,1.907e-17,O2_Holland(1993)_298K_49-103nm.txt
69.44397,1.962e-17,O2_Holland(1993)_298K_49-103nm.txt
69.44892,2.02e-17,O2_Holland(1993)_298K_49-103nm.txt
69.453876,2.093e-17,O2_Holland(1993)_298K_49-103nm.txt
69.458826,2.173e-17,O2_Holland(1993)_298K_49-103nm.txt
69.463782,2.248e-17,O2_Holland(1993)_298K_49-103nm.txt
69.468738,2.304e-17,O2_Holland(1993)_298K_49-103nm.txt
69.473688,2.371e-17,O2_Holland(1993)_298K_49-103nm.txt
69.478638,2.449e-17,O2_Holland(1993)_298K_49-103nm.txt
69.483588,2.509e-17,O2_Holland(1993)_298K_49-103nm.txt
69.48855,2.621e-17,O2_Holland(1993)_298K_49-103nm.txt
69.4935,2.729e-17,O2_Holland(1993)_298K_49-103nm.txt
69.49845,2.848e-17,O2_Holland(1993)_298K_49-103nm.txt
69.5034,2.942e-17,O2_Holland(1993)_298K_49-103nm.txt
69.508356,3.021e-17,O2_Holland(1993)_298K_49-103nm.txt
69.513312,3.052e-17,O2_Holland(1993)_298K_49-103nm.txt
69.518262,3.015e-17,O2_Holland(1993)_298K_49-103nm.txt
69.523212,2.941e-17,O2_Holland(1993)_298K_49-103nm.txt
69.528168,2.809e-17,O2_Holland(1993)_298K_49-103nm.txt
69.533118,2.674e-17,O2_Holland(1993)_298K_49-103nm.txt
69.538074,2.544e-17,O2_Holland(1993)_298K_49-103nm.txt
69.54303,2.421e-17,O2_Holland(1993)_298K_49-103nm.txt
69.54798,2.303e-17,O2_Holland(1993)_298K_49-103nm.txt
69.55293,2.232e-17,O2_Holland(1993)_298K_49-103nm.txt
69.55788,2.154e-17,O2_Holland(1993)_298K_49-103nm.txt
69.562842,2.112e-17,O2_Holland(1993)_298K_49-103nm.txt
69.567792,2.07e-17,O2_Holland(1993)_298K_49-103nm.txt
69.572742,2.036e-17,O2_Holland(1993)_298K_49-103nm.txt
69.577692,2.012e-17,O2_Holland(1993)_298K_49-103nm.txt
69.582648,1.982e-17,O2_Holland(1993)_298K_49-103nm.txt
69.587604,1.971e-17,O2_Holland(1993)_298K_49-103nm.txt
69.592554,1.961e-17,O2_Holland(1993)_298K_49-103nm.txt
69.597504,1.945e-17,O2_Holland(1993)_298K_49-103nm.txt
69.60246,1.934e-17,O2_Holland(1993)_298K_49-103nm.txt
69.60741,1.913e-17,O2_Holland(1993)_298K_49-103nm.txt
69.612366,1.9e-17,O2_Holland(1993)_298K_49-103nm.txt
69.617322,1.901e-17,O2_Holland(1993)_298K_49-103nm.txt
69.622272,1.899e-17,O2_Holland(1993)_298K_49-103nm.txt
69.627222,1.899e-17,O2_Holland(1993)_298K_49-103nm.txt
69.632172,1.892e-17,O2_Holland(1993)_298K_49-103nm.txt
69.637134,1.901e-17,O2_Holland(1993)_298K_49-103nm.txt
69.642084,1.878e-17,O2_Holland(1993)_298K_49-103nm.txt
69.647034,1.904e-17,O2_Holland(1993)_298K_49-103nm.txt
69.651984,1.919e-17,O2_Holland(1993)_298K_49-103nm.txt
69.65694,1.943e-17,O2_Holland(1993)_298K_49-103nm.txt
69.661896,1.956e-17,O2_Holland(1993)_298K_49-103nm.txt
69.666846,2.014e-17,O2_Holland(1993)_298K_49-103nm.txt
69.671796,2.088e-17,O2_Holland(1993)_298K_49-103nm.txt
69.676752,2.177e-17,O2_Holland(1993)_298K_49-103nm.txt
69.681702,2.289e-17,O2_Holland(1993)_298K_49-103nm.txt
69.686658,2.421e-17,O2_Holland(1993)_298K_49-103nm.txt
69.691614,2.556e-17,O2_Holland(1993)_298K_49-103nm.txt
69.696564,2.686e-17,O2_Holland(1993)_298K_49-103nm.txt
69.701514,2.776e-17,O2_Holland(1993)_298K_49-103nm.txt
69.706464,2.853e-17,O2_Holland(1993)_298K_49-103nm.txt
69.711426,2.9e-17,O2_Holland(1993)_298K_49-103nm.txt
69.716376,2.947e-17,O2_Holland(1993)_298K_49-103nm.txt
69.721326,2.95e-17,O2_Holland(1993)_298K_49-103nm.txt
69.726276,2.942e-17,O2_Holland(1993)_298K_49-103nm.txt
69.731232,2.938e-17,O2_Holland(1993)_298K_49-103nm.txt
69.736188,2.943e-17,O2_Holland(1993)_298K_49-103nm.txt
69.741138,2.941e-17,O2_Holland(1993)_298K_49-103nm.txt
69.746088,2.957e-17,O2_Holland(1993)_298K_49-103nm.txt
69.751044,2.956e-17,O2_Holland(1993)_298K_49-103nm.txt
69.755994,2.977e-17,O2_Holland(1993)_298K_49-103nm.txt
69.76095,3.017e-17,O2_Holland(1993)_298K_49-103nm.txt
69.765906,3.075e-17,O2_Holland(1993)_298K_49-103nm.txt
69.770856,3.127e-17,O2_Holland(1993)_298K_49-103nm.txt
69.775806,3.198e-17,O2_Holland(1993)_298K_49-103nm.txt
69.780756,3.269e-17,O2_Holland(1993)_298K_49-103nm.txt
69.785718,3.323e-17,O2_Holland(1993)_298K_49-103nm.txt
69.790668,3.404e-17,O2_Holland(1993)_298K_49-103nm.txt
69.795618,3.47e-17,O2_Holland(1993)_298K_49-103nm.txt
69.800568,3.501e-17,O2_Holland(1993)_298K_49-103nm.txt
69.805524,3.533e-17,O2_Holland(1993)_298K_49-103nm.txt
69.81048,3.517e-17,O2_Holland(1993)_298K_49-103nm.txt
69.81543,3.476e-17,O2_Holland(1993)_298K_49-103nm.txt
69.82038,3.433e-17,O2_Holland(1993)_298K_49-103nm.txt
69.825336,3.362e-17,O2_Holland(1993)_298K_49-103nm.txt
69.830286,3.299e-17,O2_Holland(1993)_298K_49-103nm.txt
69.835242,3.208e-17,O2_Holland(1993)_298K_49-103nm.txt
69.840198,3.129e-17,O2_Holland(1993)_298K_49-103nm.txt
69.845148,3.045e-17,O2_Holland(1993)_298K_49-103nm.txt
69.850098,2.965e-17,O2_Holland(1993)_298K_49-103nm.txt
69.855048,2.903e-17,O2_Holland(1993)_298K_49-103nm.txt
69.86001,2.85e-17,O2_Holland(1993)_298K_49-103nm.txt
69.86496,2.792e-17,O2_Holland(1993)_298K_49-103nm.txt
69.86991,2.756e-17,O2_Holland(1993)_298K_49-103nm.txt
69.87486,2.722e-17,O2_Holland(1993)_298K_49-103nm.txt
69.879816,2.695e-17,O2_Holland(1993)_298K_49-103nm.txt
69.884772,2.687e-17,O2_Holland(1993)_298K_49-103nm.txt
69.889722,2.665e-17,O2_Holland(1993)_298K_49-103nm.txt
69.894672,2.647e-17,O2_Holland(1993)_298K_49-103nm.txt
69.899628,2.621e-17,O2_Holland(1993)_298K_49-103nm.txt
69.904578,2.617e-17,O2_Holland(1993)_298K_49-103nm.txt
69.909534,2.618e-17,O2_Holland(1993)_298K_49-103nm.txt
69.91449,2.602e-17,O2_Holland(1993)_298K_49-103nm.txt
69.91944,2.6e-17,O2_Holland(1993)_298K_49-103nm.txt
69.92439,2.559e-17,O2_Holland(1993)_298K_49-103nm.txt
69.92934,2.516e-17,O2_Holland(1993)_298K_49-103nm.txt
69.934302,2.451e-17,O2_Holland(1993)_298K_49-103nm.txt
69.939252,2.385e-17,O2_Holland(1993)_298K_49-103nm.txt
69.944202,2.329e-17,O2_Holland(1993)_298K_49-103nm.txt
69.949152,2.278e-17,O2_Holland(1993)_298K_49-103nm.txt
69.954108,2.251e-17,O2_Holland(1993)_298K_49-103nm.txt
69.959064,2.231e-17,O2_Holland(1993)_298K_49-103nm.txt
69.964014,2.236e-17,O2_Holland(1993)_298K_49-103nm.txt
69.968964,2.259e-17,O2_Holland(1993)_298K_49-103nm.txt
69.97392,2.292e-17,O2_Holland(1993)_298K_49-103nm.txt
69.97887,2.361e-17,O2_Holland(1993)_298K_49-103nm.txt
69.983826,2.446e-17,O2_Holland(1993)_298K_49-103nm.txt
69.988782,2.558e-17,O2_Holland(1993)_298K_49-103nm.txt
69.993732,2.69e-17,O2_Holland(1993)_298K_49-103nm.txt
69.998682,2.829e-17,O2_Holland(1993)_298K_49-103nm.txt
70.003632,2.973e-17,O2_Holland(1993)_298K_49-103nm.txt
70.008594,3.092e-17,O2_Holland(1993)_298K_49-103nm.txt
70.013544,3.189e-17,O2_Holland(1993)_298K_49-103nm.txt
70.018494,3.227e-17,O2_Holland(1993)_298K_49-103nm.txt
70.023444,3.221e-17,O2_Holland(1993)_298K_49-103nm.txt
70.0284,3.213e-17,O2_Holland(1993)_298K_49-103nm.txt
70.033356,3.249e-17,O2_Holland(1993)_298K_49-103nm.txt
70.038306,3.346e-17,O2_Holland(1993)_298K_49-103nm.txt
70.043256,3.46e-17,O2_Holland(1993)_298K_49-103nm.txt
70.048212,3.551e-17,O2_Holland(1993)_298K_49-103nm.txt
70.053162,3.546e-17,O2_Holland(1993)_298K_49-103nm.txt
70.058118,3.456e-17,O2_Holland(1993)_298K_49-103nm.txt
70.063074,3.291e-17,O2_Holland(1993)_298K_49-103nm.txt
70.068024,3.104e-17,O2_Holland(1993)_298K_49-103nm.txt
70.072974,2.916e-17,O2_Holland(1993)_298K_49-103nm.txt
70.077924,2.754e-17,O2_Holland(1993)_298K_49-103nm.txt
70.082886,2.613e-17,O2_Holland(1993)_298K_49-103nm.txt
70.087836,2.504e-17,O2_Holland(1993)_298K_49-103nm.txt
70.092786,2.409e-17,O2_Holland(1993)_298K_49-103nm.txt
70.097736,2.335e-17,O2_Holland(1993)_298K_49-103nm.txt
70.102692,2.265e-17,O2_Holland(1993)_298K_49-103nm.txt
70.107648,2.216e-17,O2_Holland(1993)_298K_49-103nm.txt
70.112598,2.161e-17,O2_Holland(1993)_298K_49-103nm.txt
70.117548,2.127e-17,O2_Holland(1993)_298K_49-103nm.txt
70.122504,2.104e-17,O2_Holland(1993)_298K_49-103nm.txt
70.127454,2.072e-17,O2_Holland(1993)_298K_49-103nm.txt
70.13241,2.048e-17,O2_Holland(1993)_298K_49-103nm.txt
70.137366,2.007e-17,O2_Holland(1993)_298K_49-103nm.txt
70.142316,1.98e-17,O2_Holland(1993)_298K_49-103nm.txt
70.147266,1.955e-17,O2_Holland(1993)_298K_49-103nm.txt
70.152216,1.938e-17,O2_Holland(1993)_298K_49-103nm.txt
70.157178,1.919e-17,O2_Holland(1993)_298K_49-103nm.txt
70.162128,1.904e-17,O2_Holland(1993)_298K_49-103nm.txt
70.167078,1.897e-17,O2_Holland(1993)_298K_49-103nm.txt
70.172028,1.892e-17,O2_Holland(1993)_298K_49-103nm.txt
70.176984,1.884e-17,O2_Holland(1993)_298K_49-103nm.txt
70.18194,1.884e-17,O2_Holland(1993)_298K_49-103nm.txt
70.18689,1.878e-17,O2_Holland(1993)_298K_49-103nm.txt
70.19184,1.89e-17,O2_Holland(1993)_298K_49-103nm.txt
70.196796,1.899e-17,O2_Holland(1993)_298K_49-103nm.txt
70.201746,1.923e-17,O2_Holland(1993)_298K_49-103nm.txt
70.206702,1.956e-17,O2_Holland(1993)_298K_49-103nm.txt
70.211658,1.983e-17,O2_Holland(1993)_298K_49-103nm.txt
70.216608,2.021e-17,O2_Holland(1993)_298K_49-103nm.txt
70.221558,2.063e-17,O2_Holland(1993)_298K_49-103nm.txt
70.226508,2.13e-17,O2_Holland(1993)_298K_49-103nm.txt
70.23147,2.217e-17,O2_Holland(1993)_298K_49-103nm.txt
70.23642,2.318e-17,O2_Holland(1993)_298K_49-103nm.txt
70.24137,2.431e-17,O2_Holland(1993)_298K_49-103nm.txt
70.24632,2.539e-17,O2_Holland(1993)_298K_49-103nm.txt
70.251276,2.646e-17,O2_Holland(1993)_298K_49-103nm.txt
70.256232,2.732e-17,O2_Holland(1993)_298K_49-103nm.txt
70.261182,2.785e-17,O2_Holland(1993)_298K_49-103nm.txt
70.266132,2.833e-17,O2_Holland(1993)_298K_49-103nm.txt
70.271088,2.854e-17,O2_Holland(1993)_298K_49-103nm.txt
70.276038,2.857e-17,O2_Holland(1993)_298K_49-103nm.txt
70.280994,2.821e-17,O2_Holland(1993)_298K_49-103nm.txt
70.28595,2.781e-17,O2_Holland(1993)_298K_49-103nm.txt
70.2909,2.721e-17,O2_Holland(1993)_298K_49-103nm.txt
70.29585,2.673e-17,O2_Holland(1993)_298K_49-103nm.txt
70.3008,2.628e-17,O2_Holland(1993)_298K_49-103nm.txt
70.305762,2.586e-17,O2_Holland(1993)_298K_49-103nm.txt
70.310712,2.549e-17,O2_Holland(1993)_298K_49-103nm.txt
70.315662,2.515e-17,O2_Holland(1993)_298K_49-103nm.txt
70.320612,2.506e-17,O2_Holland(1993)_298K_49-103nm.txt
70.325568,2.491e-17,O2_Holland(1993)_298K_49-103nm.txt
70.330524,2.49e-17,O2_Holland(1993)_298K_49-103nm.txt
70.335474,2.49e-17,O2_Holland(1993)_298K_49-103nm.txt
70.340424,2.502e-17,O2_Holland(1993)_298K_49-103nm.txt
70.34538,2.516e-17,O2_Holland(1993)_298K_49-103nm.txt
70.35033,2.518e-17,O2_Holland(1993)_298K_49-103nm.txt
70.355286,2.543e-17,O2_Holland(1993)_298K_49-103nm.txt
70.360242,2.561e-17,O2_Holland(1993)_298K_49-103nm.txt
70.365192,2.587e-17,O2_Holland(1993)_298K_49-103nm.txt
70.370142,2.604e-17,O2_Holland(1993)_298K_49-103nm.txt
70.375092,2.636e-17,O2_Holland(1993)_298K_49-103nm.txt
70.380054,2.67e-17,O2_Holland(1993)_298K_49-103nm.txt
70.385004,2.697e-17,O2_Holland(1993)_298K_49-103nm.txt
70.389954,2.746e-17,O2_Holland(1993)_298K_49-103nm.txt
70.394904,2.789e-17,O2_Holland(1993)_298K_49-103nm.txt
70.39986,2.835e-17,O2_Holland(1993)_298K_49-103nm.txt
70.404816,2.904e-17,O2_Holland(1993)_298K_49-103nm.txt
70.409766,2.985e-17,O2_Holland(1993)_298K_49-103nm.txt
70.414716,3.096e-17,O2_Holland(1993)_298K_49-103nm.txt
70.419672,3.235e-17,O2_Holland(1993)_298K_49-103nm.txt
70.424622,3.419e-17,O2_Holland(1993)_298K_49-103nm.txt
70.429578,3.653e-17,O2_Holland(1993)_298K_49-103nm.txt
70.434534,3.942e-17,O2_Holland(1993)_298K_49-103nm.txt
70.439484,4.333e-17,O2_Holland(1993)_298K_49-103nm.txt
70.444434,4.719e-17,O2_Holland(1993)_298K_49-103nm.txt
70.449383,5.212e-17,O2_Holland(1993)_298K_49-103nm.txt
70.454346,5.624e-17,O2_Holland(1993)_298K_49-103nm.txt
70.459296,5.908e-17,O2_Holland(1993)_298K_49-103nm.txt
70.464246,6.103e-17,O2_Holland(1993)_298K_49-103nm.txt
70.469196,6.144e-17,O2_Holland(1993)_298K_49-103nm.txt
70.474152,6.152e-17,O2_Holland(1993)_298K_49-103nm.txt
70.479108,6.069e-17,O2_Holland(1993)_298K_49-103nm.txt
70.484058,5.932e-17,O2_Holland(1993)_298K_49-103nm.txt
70.489008,5.766e-17,O2_Holland(1993)_298K_49-103nm.txt
70.493964,5.585e-17,O2_Holland(1993)_298K_49-103nm.txt
70.498914,5.371e-17,O2_Holland(1993)_298K_49-103nm.txt
70.50387,5.163e-17,O2_Holland(1993)_298K_49-103nm.txt
70.508826,4.962e-17,O2_Holland(1993)_298K_49-103nm.txt
70.513776,4.746e-17,O2_Holland(1993)_298K_49-103nm.txt
70.518726,4.537e-17,O2_Holland(1993)_298K_49-103nm.txt
70.523676,4.327e-17,O2_Holland(1993)_298K_49-103nm.txt
70.528638,4.124e-17,O2_Holland(1993)_298K_49-103nm.txt
70.533588,3.942e-17,O2_Holland(1993)_298K_49-103nm.txt
70.538538,3.777e-17,O2_Holland(1993)_298K_49-103nm.txt
70.543488,3.629e-17,O2_Holland(1993)_298K_49-103nm.txt
70.548444,3.495e-17,O2_Holland(1993)_298K_49-103nm.txt
70.5534,3.374e-17,O2_Holland(1993)_298K_49-103nm.txt
70.55835,3.262e-17,O2_Holland(1993)_298K_49-103nm.txt
70.5633,3.154e-17,O2_Holland(1993)_298K_49-103nm.txt
70.568256,3.055e-17,O2_Holland(1993)_298K_49-103nm.txt
70.573206,2.968e-17,O2_Holland(1993)_298K_49-103nm.txt
70.578162,2.881e-17,O2_Holland(1993)_298K_49-103nm.txt
70.583118,2.804e-17,O2_Holland(1993)_298K_49-103nm.txt
70.588068,2.736e-17,O2_Holland(1993)_298K_49-103nm.txt
70.593018,2.673e-17,O2_Holland(1993)_298K_49-103nm.txt
70.597968,2.628e-17,O2_Holland(1993)_298K_49-103nm.txt
70.60293,2.584e-17,O2_Holland(1993)_298K_49-103nm.txt
70.60788,2.533e-17,O2_Holland(1993)_298K_49-103nm.txt
70.61283,2.502e-17,O2_Holland(1993)_298K_49-103nm.txt
70.617779,2.458e-17,O2_Holland(1993)_298K_49-103nm.txt
70.622736,2.428e-17,O2_Holland(1993)_298K_49-103nm.txt
70.627692,2.4e-17,O2_Holland(1993)_298K_49-103nm.txt
70.632642,2.388e-17,O2_Holland(1993)_298K_49-103nm.txt
70.637592,2.378e-17,O2_Holland(1993)_298K_49-103nm.txt
70.642548,2.351e-17,O2_Holland(1993)_298K_49-103nm.txt
70.647498,2.351e-17,O2_Holland(1993)_298K_49-103nm.txt
70.652454,2.355e-17,O2_Holland(1993)_298K_49-103nm.txt
70.65741,2.359e-17,O2_Holland(1993)_298K_49-103nm.txt
70.66236,2.353e-17,O2_Holland(1993)_298K_49-103nm.txt
70.66731,2.371e-17,O2_Holland(1993)_298K_49-103nm.txt
70.672259,2.375e-17,O2_Holland(1993)_298K_49-103nm.txt
70.677222,2.383e-17,O2_Holland(1993)_298K_49-103nm.txt
70.682172,2.395e-17,O2_Holland(1993)_298K_49-103nm.txt
70.687122,2.404e-17,O2_Holland(1993)_298K_49-103nm.txt
70.692071,2.413e-17,O2_Holland(1993)_298K_49-103nm.txt
70.697028,2.428e-17,O2_Holland(1993)_298K_49-103nm.txt
70.701984,2.441e-17,O2_Holland(1993)_298K_49-103nm.txt
70.706934,2.454e-17,O2_Holland(1993)_298K_49-103nm.txt
70.711883,2.461e-17,O2_Holland(1993)_298K_49-103nm.txt
70.71684,2.472e-17,O2_Holland(1993)_298K_49-103nm.txt
70.72179,2.483e-17,O2_Holland(1993)_298K_49-103nm.txt
70.726746,2.499e-17,O2_Holland(1993)_298K_49-103nm.txt
70.731702,2.523e-17,O2_Holland(1993)_298K_49-103nm.txt
70.736652,2.545e-17,O2_Holland(1993)_298K_49-103nm.txt
70.741602,2.555e-17,O2_Holland(1993)_298K_49-103nm.txt
70.746551,2.558e-17,O2_Holland(1993)_298K_49-103nm.txt
70.751514,2.562e-17,O2_Holland(1993)_298K_49-103nm.txt
70.756464,2.564e-17,O2_Holland(1993)_298K_49-103nm.txt
70.761414,2.567e-17,O2_Holland(1993)_298K_49-103nm.txt
70.766364,2.559e-17,O2_Holland(1993)_298K_49-103nm.txt
70.77132,2.563e-17,O2_Holland(1993)_298K_49-103nm.txt
70.776276,2.552e-17,O2_Holland(1993)_298K_49-103nm.txt
70.781226,2.548e-17,O2_Holland(1993)_298K_49-103nm.txt
70.786176,2.535e-17,O2_Holland(1993)_298K_49-103nm.txt
70.791132,2.534e-17,O2_Holland(1993)_298K_49-103nm.txt
70.796082,2.529e-17,O2_Holland(1993)_298K_49-103nm.txt
70.801038,2.521e-17,O2_Holland(1993)_298K_49-103nm.txt
70.805994,2.524e-17,O2_Holland(1993)_298K_49-103nm.txt
70.810944,2.529e-17,O2_Holland(1993)_298K_49-103nm.txt
70.815894,2.521e-17,O2_Holland(1993)_298K_49-103nm.txt
70.820844,2.518e-17,O2_Holland(1993)_298K_49-103nm.txt
70.825806,2.507e-17,O2_Holland(1993)_298K_49-103nm.txt
70.830756,2.497e-17,O2_Holland(1993)_298K_49-103nm.txt
70.835706,2.489e-17,O2_Holland(1993)_298K_49-103nm.txt
70.840656,2.478e-17,O2_Holland(1993)_298K_49-103nm.txt
70.845612,2.487e-17,O2_Holland(1993)_298K_49-103nm.txt
70.850568,2.487e-17,O2_Holland(1993)_298K_49-103nm.txt
70.855518,2.5e-17,O2_Holland(1993)_298K_49-103nm.txt
70.860468,2.516e-17,O2_Holland(1993)_298K_49-103nm.txt
70.865424,2.54e-17,O2_Holland(1993)_298K_49-103nm.txt
70.870374,2.559e-17,O2_Holland(1993)_298K_49-103nm.txt
70.87533,2.564e-17,O2_Holland(1993)_298K_49-103nm.txt
70.880286,2.56e-17,O2_Holland(1993)_298K_49-103nm.txt
70.885236,2.543e-17,O2_Holland(1993)_298K_49-103nm.txt
70.890185,2.513e-17,O2_Holland(1993)_298K_49-103nm.txt
70.895136,2.497e-17,O2_Holland(1993)_298K_49-103nm.txt
70.900098,2.475e-17,O2_Holland(1993)_298K_49-103nm.txt
70.905048,2.469e-17,O2_Holland(1993)_298K_49-103nm.txt
70.909998,2.46e-17,O2_Holland(1993)_298K_49-103nm.txt
70.914948,2.451e-17,O2_Holland(1993)_298K_49-103nm.txt
70.919904,2.481e-17,O2_Holland(1993)_298K_49-103nm.txt
70.92486,2.462e-17,O2_Holland(1993)_298K_49-103nm.txt
70.92981,2.477e-17,O2_Holland(1993)_298K_49-103nm.txt
70.934759,2.474e-17,O2_Holland(1993)_298K_49-103nm.txt
70.939716,2.474e-17,O2_Holland(1993)_298K_49-103nm.txt
70.944665,2.475e-17,O2_Holland(1993)_298K_49-103nm.txt
70.949622,2.467e-17,O2_Holland(1993)_298K_49-103nm.txt
70.954578,2.458e-17,O2_Holland(1993)_298K_49-103nm.txt
70.959528,2.446e-17,O2_Holland(1993)_298K_49-103nm.txt
70.964477,2.438e-17,O2_Holland(1993)_298K_49-103nm.txt
70.969427,2.439e-17,O2_Holland(1993)_298K_49-103nm.txt
70.97439,2.458e-17,O2_Holland(1993)_298K_49-103nm.txt
70.97934,2.497e-17,O2_Holland(1993)_298K_49-103nm.txt
70.98429,2.526e-17,O2_Holland(1993)_298K_49-103nm.txt
70.989239,2.562e-17,O2_Holland(1993)_298K_49-103nm.txt
70.994196,2.589e-17,O2_Holland(1993)_298K_49-103nm.txt
70.999152,2.602e-17,O2_Holland(1993)_298K_49-103nm.txt
71.004102,2.64e-17,O2_Holland(1993)_298K_49-103nm.txt
71.009051,2.722e-17,O2_Holland(1993)_298K_49-103nm.txt
71.014008,2.91e-17,O2_Holland(1993)_298K_49-103nm.txt
71.018957,3.198e-17,O2_Holland(1993)_298K_49-103nm.txt
71.023914,3.535e-17,O2_Holland(1993)_298K_49-103nm.txt
71.02887,3.829e-17,O2_Holland(1993)_298K_49-103nm.txt
71.03382,4.049e-17,O2_Holland(1993)_298K_49-103nm.txt
71.03877,4.142e-17,O2_Holland(1993)_298K_49-103nm.txt
71.043719,4.103e-17,O2_Holland(1993)_298K_49-103nm.txt
71.048682,3.975e-17,O2_Holland(1993)_298K_49-103nm.txt
71.053632,3.815e-17,O2_Holland(1993)_298K_49-103nm.txt
71.058582,3.659e-17,O2_Holland(1993)_298K_49-103nm.txt
71.063531,3.508e-17,O2_Holland(1993)_298K_49-103nm.txt
71.068488,3.389e-17,O2_Holland(1993)_298K_49-103nm.txt
71.073444,3.279e-17,O2_Holland(1993)_298K_49-103nm.txt
71.078394,3.216e-17,O2_Holland(1993)_298K_49-103nm.txt
71.083344,3.157e-17,O2_Holland(1993)_298K_49-103nm.txt
71.0883,3.128e-17,O2_Holland(1993)_298K_49-103nm.txt
71.09325,3.115e-17,O2_Holland(1993)_298K_49-103nm.txt
71.098206,3.093e-17,O2_Holland(1993)_298K_49-103nm.txt
71.103162,3.096e-17,O2_Holland(1993)_298K_49-103nm.txt
71.108112,3.099e-17,O2_Holland(1993)_298K_49-103nm.txt
71.113062,3.104e-17,O2_Holland(1993)_298K_49-103nm.txt
71.118012,3.103e-17,O2_Holland(1993)_298K_49-103nm.txt
71.122974,3.121e-17,O2_Holland(1993)_298K_49-103nm.txt
71.127924,3.127e-17,O2_Holland(1993)_298K_49-103nm.txt
71.132874,3.153e-17,O2_Holland(1993)_298K_49-103nm.txt
71.137824,3.18e-17,O2_Holland(1993)_298K_49-103nm.txt
71.142779,3.214e-17,O2_Holland(1993)_298K_49-103nm.txt
71.147736,3.247e-17,O2_Holland(1993)_298K_49-103nm.txt
71.152685,3.283e-17,O2_Holland(1993)_298K_49-103nm.txt
71.157636,3.308e-17,O2_Holland(1993)_298K_49-103nm.txt
71.162592,3.337e-17,O2_Holland(1993)_298K_49-103nm.txt
71.167542,3.357e-17,O2_Holland(1993)_298K_49-103nm.txt
71.172498,3.378e-17,O2_Holland(1993)_298K_49-103nm.txt
71.177454,3.403e-17,O2_Holland(1993)_298K_49-103nm.txt
71.182404,3.426e-17,O2_Holland(1993)_298K_49-103nm.txt
71.187353,3.441e-17,O2_Holland(1993)_298K_49-103nm.txt
71.192304,3.454e-17,O2_Holland(1993)_298K_49-103nm.txt
71.197266,3.474e-17,O2_Holland(1993)_298K_49-103nm.txt
71.202216,3.494e-17,O2_Holland(1993)_298K_49-103nm.txt
71.207165,3.513e-17,O2_Holland(1993)_298K_49-103nm.txt
71.212116,3.524e-17,O2_Holland(1993)_298K_49-103nm.txt
71.217071,3.541e-17,O2_Holland(1993)_298K_49-103nm.txt
71.222028,3.541e-17,O2_Holland(1993)_298K_49-103nm.txt
71.226977,3.553e-17,O2_Holland(1993)_298K_49-103nm.txt
71.231927,3.564e-17,O2_Holland(1993)_298K_49-103nm.txt
71.236883,3.567e-17,O2_Holland(1993)_298K_49-103nm.txt
71.241833,3.578e-17,O2_Holland(1993)_298K_49-103nm.txt
71.24679,3.584e-17,O2_Holland(1993)_298K_49-103nm.txt
71.251746,3.584e-17,O2_Holland(1993)_298K_49-103nm.txt
71.256696,3.586e-17,O2_Holland(1993)_298K_49-103nm.txt
71.261645,3.571e-17,O2_Holland(1993)_298K_49-103nm.txt
71.266596,3.568e-17,O2_Holland(1993)_298K_49-103nm.txt
71.271558,3.56e-17,O2_Holland(1993)_298K_49-103nm.txt
71.276508,3.55e-17,O2_Holland(1993)_298K_49-103nm.txt
71.281457,3.526e-17,O2_Holland(1993)_298K_49-103nm.txt
71.286407,3.503e-17,O2_Holland(1993)_298K_49-103nm.txt
71.291364,3.489e-17,O2_Holland(1993)_298K_49-103nm.txt
71.29632,3.471e-17,O2_Holland(1993)_298K_49-103nm.txt
71.30127,3.437e-17,O2_Holland(1993)_298K_49-103nm.txt
71.306219,3.415e-17,O2_Holland(1993)_298K_49-103nm.txt
71.311176,3.394e-17,O2_Holland(1993)_298K_49-103nm.txt
71.316125,3.366e-17,O2_Holland(1993)_298K_49-103nm.txt
71.321082,3.331e-17,O2_Holland(1993)_298K_49-103nm.txt
71.326038,3.299e-17,O2_Holland(1993)_298K_49-103nm.txt
71.330988,3.267e-17,O2_Holland(1993)_298K_49-103nm.txt
71.335938,3.255e-17,O2_Holland(1993)_298K_49-103nm.txt
71.340887,3.23e-17,O2_Holland(1993)_298K_49-103nm.txt
71.34585,3.218e-17,O2_Holland(1993)_298K_49-103nm.txt
71.3508,3.216e-17,O2_Holland(1993)_298K_49-103nm.txt
71.35575,3.218e-17,O2_Holland(1993)_298K_49-103nm.txt
71.360699,3.21e-17,O2_Holland(1993)_298K_49-103nm.txt
71.365656,3.209e-17,O2_Holland(1993)_298K_49-103nm.txt
71.370612,3.212e-17,O2_Holland(1993)_298K_49-103nm.txt
71.375562,3.216e-17,O2_Holland(1993)_298K_49-103nm.txt
71.380512,3.233e-17,O2_Holland(1993)_298K_49-103nm.txt
71.385468,3.255e-17,O2_Holland(1993)_298K_49-103nm.txt
71.390418,3.289e-17,O2_Holland(1993)_298K_49-103nm.txt
71.395374,3.337e-17,O2_Holland(1993)_298K_49-103nm.txt
71.40033,3.387e-17,O2_Holland(1993)_298K_49-103nm.txt
71.405279,3.438e-17,O2_Holland(1993)_298K_49-103nm.txt
71.41023,3.456e-17,O2_Holland(1993)_298K_49-103nm.txt
71.415179,3.475e-17,O2_Holland(1993)_298K_49-103nm.txt
71.420142,3.461e-17,O2_Holland(1993)_298K_49-103nm.txt
71.425092,3.446e-17,O2_Holland(1993)_298K_49-103nm.txt
71.430042,3.411e-17,O2_Holland(1993)_298K_49-103nm.txt
71.434992,3.376e-17,O2_Holland(1993)_298K_49-103nm.txt
71.439948,3.342e-17,O2_Holland(1993)_298K_49-103nm.txt
71.444904,3.311e-17,O2_Holland(1993)_298K_49-103nm.txt
71.449853,3.281e-17,O2_Holland(1993)_298K_49-103nm.txt
71.454804,3.255e-17,O2_Holland(1993)_298K_49-103nm.txt
71.459759,3.228e-17,O2_Holland(1993)_298K_49-103nm.txt
71.46471,3.215e-17,O2_Holland(1993)_298K_49-103nm.txt
71.469665,3.183e-17,O2_Holland(1993)_298K_49-103nm.txt
71.474622,3.16e-17,O2_Holland(1993)_298K_49-103nm.txt
71.479571,3.133e-17,O2_Holland(1993)_298K_49-103nm.txt
71.484522,3.133e-17,O2_Holland(1993)_298K_49-103nm.txt
71.489471,3.107e-17,O2_Holland(1993)_298K_49-103nm.txt
71.494434,3.084e-17,O2_Holland(1993)_298K_49-103nm.txt
71.499383,3.053e-17,O2_Holland(1993)_298K_49-103nm.txt
71.504333,3.024e-17,O2_Holland(1993)_298K_49-103nm.txt
71.509283,2.982e-17,O2_Holland(1993)_298K_49-103nm.txt
71.514239,2.947e-17,O2_Holland(1993)_298K_49-103nm.txt
71.519196,2.91e-17,O2_Holland(1993)_298K_49-103nm.txt
71.524145,2.892e-17,O2_Holland(1993)_298K_49-103nm.txt
71.529096,2.89e-17,O2_Holland(1993)_298K_49-103nm.txt
71.534051,2.89e-17,O2_Holland(1993)_298K_49-103nm.txt
71.539001,2.882e-17,O2_Holland(1993)_298K_49-103nm.txt
71.543957,2.871e-17,O2_Holland(1993)_298K_49-103nm.txt
71.548914,2.846e-17,O2_Holland(1993)_298K_49-103nm.txt
71.553864,2.805e-17,O2_Holland(1993)_298K_49-103nm.txt
71.558813,2.776e-17,O2_Holland(1993)_298K_49-103nm.txt
71.563763,2.771e-17,O2_Holland(1993)_298K_49-103nm.txt
71.568726,2.78e-17,O2_Holland(1993)_298K_49-103nm.txt
71.573676,2.811e-17,O2_Holland(1993)_298K_49-103nm.txt
71.578625,2.83e-17,O2_Holland(1993)_298K_49-103nm.txt
71.583575,2.842e-17,O2_Holland(1993)_298K_49-103nm.txt
71.588531,2.837e-17,O2_Holland(1993)_298K_49-103nm.txt
71.593488,2.835e-17,O2_Holland(1993)_298K_49-103nm.txt
71.598438,2.834e-17,O2_Holland(1993)_298K_49-103nm.txt
71.603387,2.835e-17,O2_Holland(1993)_298K_49-103nm.txt
71.608344,2.847e-17,O2_Holland(1993)_298K_49-103nm.txt
71.613293,2.871e-17,O2_Holland(1993)_298K_49-103nm.txt
71.61825,2.887e-17,O2_Holland(1993)_298K_49-103nm.txt
71.623206,2.899e-17,O2_Holland(1993)_298K_49-103nm.txt
71.628156,2.919e-17,O2_Holland(1993)_298K_49-103nm.txt
71.633105,2.918e-17,O2_Holland(1993)_298K_49-103nm.txt
71.638055,2.931e-17,O2_Holland(1993)_298K_49-103nm.txt
71.643018,2.912e-17,O2_Holland(1993)_298K_49-103nm.txt
71.647968,2.905e-17,O2_Holland(1993)_298K_49-103nm.txt
71.652918,2.887e-17,O2_Holland(1993)_298K_49-103nm.txt
71.657867,2.882e-17,O2_Holland(1993)_298K_49-103nm.txt
71.662824,2.863e-17,O2_Holland(1993)_298K_49-103nm.txt
71.667779,2.851e-17,O2_Holland(1993)_298K_49-103nm.txt
71.67273,2.828e-17,O2_Holland(1993)_298K_49-103nm.txt
71.677679,2.808e-17,O2_Holland(1993)_298K_49-103nm.txt
71.682636,2.776e-17,O2_Holland(1993)_298K_49-103nm.txt
71.687585,2.769e-17,O2_Holland(1993)_298K_49-103nm.txt
71.692542,2.738e-17,O2_Holland(1993)_298K_49-103nm.txt
71.697498,2.724e-17,O2_Holland(1993)_298K_49-103nm.txt
71.702448,2.707e-17,O2_Holland(1993)_298K_49-103nm.txt
71.707398,2.7e-17,O2_Holland(1993)_298K_49-103nm.txt
71.712347,2.689e-17,O2_Holland(1993)_298K_49-103nm.txt
71.71731,2.687e-17,O2_Holland(1993)_298K_49-103nm.txt
71.722259,2.694e-17,O2_Holland(1993)_298K_49-103nm.txt
71.72721,2.695e-17,O2_Holland(1993)_298K_49-103nm.txt
71.732159,2.692e-17,O2_Holland(1993)_298K_49-103nm.txt
71.737116,2.687e-17,O2_Holland(1993)_298K_49-103nm.txt
71.742071,2.687e-17,O2_Holland(1993)_298K_49-103nm.txt
71.747022,2.683e-17,O2_Holland(1993)_298K_49-103nm.txt
71.751971,2.67e-17,O2_Holland(1993)_298K_49-103nm.txt
71.756927,2.674e-17,O2_Holland(1993)_298K_49-103nm.txt
71.761877,2.681e-17,O2_Holland(1993)_298K_49-103nm.txt
71.766833,2.699e-17,O2_Holland(1993)_298K_49-103nm.txt
71.77179,2.721e-17,O2_Holland(1993)_298K_49-103nm.txt
71.776739,2.768e-17,O2_Holland(1993)_298K_49-103nm.txt
71.78169,2.794e-17,O2_Holland(1993)_298K_49-103nm.txt
71.786639,2.809e-17,O2_Holland(1993)_298K_49-103nm.txt
71.791602,2.815e-17,O2_Holland(1993)_298K_49-103nm.txt
71.796551,2.804e-17,O2_Holland(1993)_298K_49-103nm.txt
71.801501,2.775e-17,O2_Holland(1993)_298K_49-103nm.txt
71.806451,2.751e-17,O2_Holland(1993)_298K_49-103nm.txt
71.811407,2.732e-17,O2_Holland(1993)_298K_49-103nm.txt
71.816364,2.705e-17,O2_Holland(1993)_298K_49-103nm.txt
71.821313,2.681e-17,O2_Holland(1993)_298K_49-103nm.txt
71.82627,2.667e-17,O2_Holland(1993)_298K_49-103nm.txt
71.831219,2.658e-17,O2_Holland(1993)_298K_49-103nm.txt
71.836169,2.645e-17,O2_Holland(1993)_298K_49-103nm.txt
71.841125,2.632e-17,O2_Holland(1993)_298K_49-103nm.txt
71.846082,2.628e-17,O2_Holland(1993)_298K_49-103nm.txt
71.851031,2.627e-17,O2_Holland(1993)_298K_49-103nm.txt
71.855981,2.618e-17,O2_Holland(1993)_298K_49-103nm.txt
71.860931,2.599e-17,O2_Holland(1993)_298K_49-103nm.txt
71.865894,2.565e-17,O2_Holland(1993)_298K_49-103nm.txt
71.870844,2.539e-17,O2_Holland(1993)_298K_49-103nm.txt
71.875793,2.507e-17,O2_Holland(1993)_298K_49-103nm.txt
71.880743,2.49e-17,O2_Holland(1993)_298K_49-103nm.txt
71.885699,2.473e-17,O2_Holland(1993)_298K_49-103nm.txt
71.890656,2.457e-17,O2_Holland(1993)_298K_49-103nm.txt
71.895605,2.459e-17,O2_Holland(1993)_298K_49-103nm.txt
71.900562,2.463e-17,O2_Holland(1993)_298K_49-103nm.txt
71.905512,2.465e-17,O2_Holland(1993)_298K_49-103nm.txt
71.910461,2.476e-17,O2_Holland(1993)_298K_49-103nm.txt
71.915418,2.47e-17,O2_Holland(1993)_298K_49-103nm.txt
71.920374,2.475e-17,O2_Holland(1993)_298K_49-103nm.txt
71.925324,2.469e-17,O2_Holland(1993)_298K_49-103nm.txt
71.930273,2.47e-17,O2_Holland(1993)_298K_49-103nm.txt
71.935223,2.488e-17,O2_Holland(1993)_298K_49-103nm.txt
71.940185,2.503e-17,O2_Holland(1993)_298K_49-103nm.txt
71.945136,2.535e-17,O2_Holland(1993)_298K_49-103nm.txt
71.950085,2.58e-17,O2_Holland(1993)_298K_49-103nm.txt
71.955035,2.647e-17,O2_Holland(1993)_298K_49-103nm.txt
71.959992,2.745e-17,O2_Holland(1993)_298K_49-103nm.txt
71.964948,2.88e-17,O2_Holland(1993)_298K_49-103nm.txt
71.969898,3.046e-17,O2_Holland(1993)_298K_49-103nm.txt
71.974853,3.219e-17,O2_Holland(1993)_298K_49-103nm.txt
71.979804,3.352e-17,O2_Holland(1993)_298K_49-103nm.txt
71.984753,3.427e-17,O2_Holland(1993)_298K_49-103nm.txt
71.98971,3.449e-17,O2_Holland(1993)_298K_49-103nm.txt
71.994665,3.421e-17,O2_Holland(1993)_298K_49-103nm.txt
71.999616,3.339e-17,O2_Holland(1993)_298K_49-103nm.txt
72.004565,3.241e-17,O2_Holland(1993)_298K_49-103nm.txt
72.009515,3.141e-17,O2_Holland(1993)_298K_49-103nm.txt
72.014477,3.047e-17,O2_Holland(1993)_298K_49-103nm.txt
72.019427,2.959e-17,O2_Holland(1993)_298K_49-103nm.txt
72.024377,2.882e-17,O2_Holland(1993)_298K_49-103nm.txt
72.029327,2.818e-17,O2_Holland(1993)_298K_49-103nm.txt
72.034283,2.762e-17,O2_Holland(1993)_298K_49-103nm.txt
72.039239,2.708e-17,O2_Holland(1993)_298K_49-103nm.txt
72.04419,2.677e-17,O2_Holland(1993)_298K_49-103nm.txt
72.049145,2.642e-17,O2_Holland(1993)_298K_49-103nm.txt
72.054096,2.624e-17,O2_Holland(1993)_298K_49-103nm.txt
72.059045,2.614e-17,O2_Holland(1993)_298K_49-103nm.txt
72.064001,2.609e-17,O2_Holland(1993)_298K_49-103nm.txt
72.068957,2.601e-17,O2_Holland(1993)_298K_49-103nm.txt
72.073907,2.598e-17,O2_Holland(1993)_298K_49-103nm.txt
72.078857,2.6e-17,O2_Holland(1993)_298K_49-103nm.txt
72.083807,2.593e-17,O2_Holland(1993)_298K_49-103nm.txt
72.08877,2.589e-17,O2_Holland(1993)_298K_49-103nm.txt
72.093719,2.571e-17,O2_Holland(1993)_298K_49-103nm.txt
72.098669,2.565e-17,O2_Holland(1993)_298K_49-103nm.txt
72.103619,2.55e-17,O2_Holland(1993)_298K_49-103nm.txt
72.108575,2.536e-17,O2_Holland(1993)_298K_49-103nm.txt
72.113531,2.537e-17,O2_Holland(1993)_298K_49-103nm.txt
72.118481,2.535e-17,O2_Holland(1993)_298K_49-103nm.txt
72.123438,2.507e-17,O2_Holland(1993)_298K_49-103nm.txt
72.128387,2.555e-17,O2_Holland(1993)_298K_49-103nm.txt
72.133337,2.56e-17,O2_Holland(1993)_298K_49-103nm.txt
72.138293,2.563e-17,O2_Holland(1993)_298K_49-103nm.txt
72.14325,2.558e-17,O2_Holland(1993)_298K_49-103nm.txt
72.148199,2.564e-17,O2_Holland(1993)_298K_49-103nm.txt
72.153149,2.567e-17,O2_Holland(1993)_298K_49-103nm.txt
72.158099,2.574e-17,O2_Holland(1993)_298K_49-103nm.txt
72.163062,2.568e-17,O2_Holland(1993)_298K_49-103nm.txt
72.168012,2.578e-17,O2_Holland(1993)_298K_49-103nm.txt
72.172961,2.575e-17,O2_Holland(1993)_298K_49-103nm.txt
72.177911,2.572e-17,O2_Holland(1993)_298K_49-103nm.txt
72.182867,2.572e-17,O2_Holland(1993)_298K_49-103nm.txt
72.187824,2.567e-17,O2_Holland(1993)_298K_49-103nm.txt
72.192773,2.569e-17,O2_Holland(1993)_298K_49-103nm.txt
72.19773,2.579e-17,O2_Holland(1993)_298K_49-103nm.txt
72.202679,2.571e-17,O2_Holland(1993)_298K_49-103nm.txt
72.207629,2.574e-17,O2_Holland(1993)_298K_49-103nm.txt
72.212585,2.563e-17,O2_Holland(1993)_298K_49-103nm.txt
72.217542,2.563e-17,O2_Holland(1993)_298K_49-103nm.txt
72.222492,2.556e-17,O2_Holland(1993)_298K_49-103nm.txt
72.227441,2.562e-17,O2_Holland(1993)_298K_49-103nm.txt
72.232391,2.571e-17,O2_Holland(1993)_298K_49-103nm.txt
72.237353,2.556e-17,O2_Holland(1993)_298K_49-103nm.txt
72.242304,2.559e-17,O2_Holland(1993)_298K_49-103nm.txt
72.247253,2.573e-17,O2_Holland(1993)_298K_49-103nm.txt
72.252203,2.585e-17,O2_Holland(1993)_298K_49-103nm.txt
72.257159,2.603e-17,O2_Holland(1993)_298K_49-103nm.txt
72.262116,2.609e-17,O2_Holland(1993)_298K_49-103nm.txt
72.267065,2.613e-17,O2_Holland(1993)_298K_49-103nm.txt
72.272022,2.619e-17,O2_Holland(1993)_298K_49-103nm.txt
72.276971,2.595e-17,O2_Holland(1993)_298K_49-103nm.txt
72.281921,2.58e-17,O2_Holland(1993)_298K_49-103nm.txt
72.286877,2.567e-17,O2_Holland(1993)_298K_49-103nm.txt
72.291833,2.534e-17,O2_Holland(1993)_298K_49-103nm.txt
72.296783,2.517e-17,O2_Holland(1993)_298K_49-103nm.txt
72.301733,2.511e-17,O2_Holland(1993)_298K_49-103nm.txt
72.306683,2.504e-17,O2_Holland(1993)_298K_49-103nm.txt
72.311645,2.493e-17,O2_Holland(1993)_298K_49-103nm.txt
72.316596,2.481e-17,O2_Holland(1993)_298K_49-103nm.txt
72.321545,2.469e-17,O2_Holland(1993)_298K_49-103nm.txt
72.326495,2.463e-17,O2_Holland(1993)_298K_49-103nm.txt
72.331451,2.452e-17,O2_Holland(1993)_298K_49-103nm.txt
72.336407,2.46e-17,O2_Holland(1993)_298K_49-103nm.txt
72.341357,2.473e-17,O2_Holland(1993)_298K_49-103nm.txt
72.346313,2.482e-17,O2_Holland(1993)_298K_49-103nm.txt
72.351263,2.492e-17,O2_Holland(1993)_298K_49-103nm.txt
72.356213,2.508e-17,O2_Holland(1993)_298K_49-103nm.txt
72.361169,2.523e-17,O2_Holland(1993)_298K_49-103nm.txt
72.366125,2.549e-17,O2_Holland(1993)_298K_49-103nm.txt
72.371075,2.571e-17,O2_Holland(1993)_298K_49-103nm.txt
72.376025,2.594e-17,O2_Holland(1993)_298K_49-103nm.txt
72.380975,2.617e-17,O2_Holland(1993)_298K_49-103nm.txt
72.385938,2.644e-17,O2_Holland(1993)_298K_49-103nm.txt
72.390887,2.66e-17,O2_Holland(1993)_298K_49-103nm.txt
72.395837,2.676e-17,O2_Holland(1993)_298K_49-103nm.txt
72.400787,2.659e-17,O2_Holland(1993)_298K_49-103nm.txt
72.405743,2.662e-17,O2_Holland(1993)_298K_49-103nm.txt
72.410699,2.636e-17,O2_Holland(1993)_298K_49-103nm.txt
72.415649,2.619e-17,O2_Holland(1993)_298K_49-103nm.txt
72.420605,2.596e-17,O2_Holland(1993)_298K_49-103nm.txt
72.425555,2.58e-17,O2_Holland(1993)_298K_49-103nm.txt
72.430505,2.557e-17,O2_Holland(1993)_298K_49-103nm.txt
72.435461,2.553e-17,O2_Holland(1993)_298K_49-103nm.txt
72.440418,2.533e-17,O2_Holland(1993)_298K_49-103nm.txt
72.445367,2.533e-17,O2_Holland(1993)_298K_49-103nm.txt
72.450317,2.535e-17,O2_Holland(1993)_298K_49-103nm.txt
72.455267,2.54e-17,O2_Holland(1993)_298K_49-103nm.txt
72.46023,2.531e-17,O2_Holland(1993)_298K_49-103nm.txt
72.465179,2.53e-17,O2_Holland(1993)_298K_49-103nm.txt
72.470129,2.518e-17,O2_Holland(1993)_298K_49-103nm.txt
72.475079,2.508e-17,O2_Holland(1993)_298K_49-103nm.txt
72.480035,2.519e-17,O2_Holland(1993)_298K_49-103nm.txt
72.484992,2.51e-17,O2_Holland(1993)_298K_49-103nm.txt
72.489941,2.513e-17,O2_Holland(1993)_298K_49-103nm.txt
72.494898,2.51e-17,O2_Holland(1993)_298K_49-103nm.txt
72.499847,2.507e-17,O2_Holland(1993)_298K_49-103nm.txt
72.504797,2.496e-17,O2_Holland(1993)_298K_49-103nm.txt
72.509753,2.481e-17,O2_Holland(1993)_298K_49-103nm.txt
72.51471,2.471e-17,O2_Holland(1993)_298K_49-103nm.txt
72.519659,2.458e-17,O2_Holland(1993)_298K_49-103nm.txt
72.524609,2.453e-17,O2_Holland(1993)_298K_49-103nm.txt
72.529559,2.452e-17,O2_Holland(1993)_298K_49-103nm.txt
72.534522,2.444e-17,O2_Holland(1993)_298K_49-103nm.txt
72.539471,2.463e-17,O2_Holland(1993)_298K_49-103nm.txt
72.544421,2.494e-17,O2_Holland(1993)_298K_49-103nm.txt
72.549371,2.554e-17,O2_Holland(1993)_298K_49-103nm.txt
72.554327,2.672e-17,O2_Holland(1993)_298K_49-103nm.txt
72.559283,2.895e-17,O2_Holland(1993)_298K_49-103nm.txt
72.564233,3.235e-17,O2_Holland(1993)_298K_49-103nm.txt
72.56919,3.69e-17,O2_Holland(1993)_298K_49-103nm.txt
72.574139,4.169e-17,O2_Holland(1993)_298K_49-103nm.txt
72.579089,4.607e-17,O2_Holland(1993)_298K_49-103nm.txt
72.584045,4.914e-17,O2_Holland(1993)_298K_49-103nm.txt
72.589001,5.105e-17,O2_Holland(1993)_298K_49-103nm.txt
72.593951,5.129e-17,O2_Holland(1993)_298K_49-103nm.txt
72.598901,5.009e-17,O2_Holland(1993)_298K_49-103nm.txt
72.603851,4.811e-17,O2_Holland(1993)_298K_49-103nm.txt
72.608813,4.564e-17,O2_Holland(1993)_298K_49-103nm.txt
72.613763,4.325e-17,O2_Holland(1993)_298K_49-103nm.txt
72.618713,4.108e-17,O2_Holland(1993)_298K_49-103nm.txt
72.623663,3.92e-17,O2_Holland(1993)_298K_49-103nm.txt
72.628619,3.756e-17,O2_Holland(1993)_298K_49-103nm.txt
72.633575,3.615e-17,O2_Holland(1993)_298K_49-103nm.txt
72.638525,3.498e-17,O2_Holland(1993)_298K_49-103nm.txt
72.643481,3.41e-17,O2_Holland(1993)_298K_49-103nm.txt
72.648431,3.33e-17,O2_Holland(1993)_298K_49-103nm.txt
72.653381,3.271e-17,O2_Holland(1993)_298K_49-103nm.txt
72.658337,3.217e-17,O2_Holland(1993)_298K_49-103nm.txt
72.663293,3.18e-17,O2_Holland(1993)_298K_49-103nm.txt
72.668243,3.124e-17,O2_Holland(1993)_298K_49-103nm.txt
72.673193,3.089e-17,O2_Holland(1993)_298K_49-103nm.txt
72.678143,3.06e-17,O2_Holland(1993)_298K_49-103nm.txt
72.683105,3.035e-17,O2_Holland(1993)_298K_49-103nm.txt
72.688055,3.022e-17,O2_Holland(1993)_298K_49-103nm.txt
72.693005,2.999e-17,O2_Holland(1993)_298K_49-103nm.txt
72.697955,2.999e-17,O2_Holland(1993)_298K_49-103nm.txt
72.702911,2.986e-17,O2_Holland(1993)_298K_49-103nm.txt
72.707867,2.98e-17,O2_Holland(1993)_298K_49-103nm.txt
72.712817,2.968e-17,O2_Holland(1993)_298K_49-103nm.txt
72.717773,2.96e-17,O2_Holland(1993)_298K_49-103nm.txt
72.722723,2.962e-17,O2_Holland(1993)_298K_49-103nm.txt
72.727673,2.967e-17,O2_Holland(1993)_298K_49-103nm.txt
72.732629,2.978e-17,O2_Holland(1993)_298K_49-103nm.txt
72.737585,2.978e-17,O2_Holland(1993)_298K_49-103nm.txt
72.742535,3.002e-17,O2_Holland(1993)_298K_49-103nm.txt
72.747485,3.012e-17,O2_Holland(1993)_298K_49-103nm.txt
72.752435,3.016e-17,O2_Holland(1993)_298K_49-103nm.txt
72.757398,3.018e-17,O2_Holland(1993)_298K_49-103nm.txt
72.762347,3.017e-17,O2_Holland(1993)_298K_49-103nm.txt
72.767297,3.012e-17,O2_Holland(1993)_298K_49-103nm.txt
72.772247,3.006e-17,O2_Holland(1993)_298K_49-103nm.txt
72.777203,2.991e-17,O2_Holland(1993)_298K_49-103nm.txt
72.782159,2.979e-17,O2_Holland(1993)_298K_49-103nm.txt
72.787109,2.983e-17,O2_Holland(1993)_298K_49-103nm.txt
72.792065,2.98e-17,O2_Holland(1993)_298K_49-103nm.txt
72.797015,2.972e-17,O2_Holland(1993)_298K_49-103nm.txt
72.801965,2.965e-17,O2_Holland(1993)_298K_49-103nm.txt
72.806921,2.962e-17,O2_Holland(1993)_298K_49-103nm.txt
72.811877,2.955e-17,O2_Holland(1993)_298K_49-103nm.txt
72.816827,2.955e-17,O2_Holland(1993)_298K_49-103nm.txt
72.821777,2.944e-17,O2_Holland(1993)_298K_49-103nm.txt
72.826727,2.938e-17,O2_Holland(1993)_298K_49-103nm.txt
72.83169,2.928e-17,O2_Holland(1993)_298K_49-103nm.txt
72.836639,2.903e-17,O2_Holland(1993)_298K_49-103nm.txt
72.841589,2.894e-17,O2_Holland(1993)_298K_49-103nm.txt
72.846539,2.884e-17,O2_Holland(1993)_298K_49-103nm.txt
72.851495,2.857e-17,O2_Holland(1993)_298K_49-103nm.txt
72.856451,2.83e-17,O2_Holland(1993)_298K_49-103nm.txt
72.861401,2.805e-17,O2_Holland(1993)_298K_49-103nm.txt
72.866357,2.783e-17,O2_Holland(1993)_298K_49-103nm.txt
72.871307,2.768e-17,O2_Holland(1993)_298K_49-103nm.txt
72.876257,2.761e-17,O2_Holland(1993)_298K_49-103nm.txt
72.881213,2.75e-17,O2_Holland(1993)_298K_49-103nm.txt
72.886169,2.743e-17,O2_Holland(1993)_298K_49-103nm.txt
72.891119,2.748e-17,O2_Holland(1993)_298K_49-103nm.txt
72.896069,2.757e-17,O2_Holland(1993)_298K_49-103nm.txt
72.901019,2.772e-17,O2_Holland(1993)_298K_49-103nm.txt
72.905981,2.792e-17,O2_Holland(1993)_298K_49-103nm.txt
72.910931,2.808e-17,O2_Holland(1993)_298K_49-103nm.txt
72.915881,2.827e-17,O2_Holland(1993)_298K_49-103nm.txt
72.920831,2.836e-17,O2_Holland(1993)_298K_49-103nm.txt
72.925787,2.845e-17,O2_Holland(1993)_298K_49-103nm.txt
72.930743,2.853e-17,O2_Holland(1993)_298K_49-103nm.txt
72.935693,2.849e-17,O2_Holland(1993)_298K_49-103nm.txt
72.940649,2.851e-17,O2_Holland(1993)_298K_49-103nm.txt
72.945599,2.846e-17,O2_Holland(1993)_298K_49-103nm.txt
72.950549,2.851e-17,O2_Holland(1993)_298K_49-103nm.txt
72.955505,2.852e-17,O2_Holland(1993)_298K_49-103nm.txt
72.960461,2.861e-17,O2_Holland(1993)_298K_49-103nm.txt
72.965411,2.874e-17,O2_Holland(1993)_298K_49-103nm.txt
72.970361,2.897e-17,O2_Holland(1993)_298K_49-103nm.txt
72.975311,2.936e-17,O2_Holland(1993)_298K_49-103nm.txt
72.980273,2.982e-17,O2_Holland(1993)_298K_49-103nm.txt
72.985223,3.011e-17,O2_Holland(1993)_298K_49-103nm.txt
72.990173,3.042e-17,O2_Holland(1993)_298K_49-103nm.txt
72.995123,3.059e-17,O2_Holland(1993)_298K_49-103nm.txt
73.000079,3.064e-17,O2_Holland(1993)_298K_49-103nm.txt
73.005035,3.087e-17,O2_Holland(1993)_298K_49-103nm.txt
73.009985,3.107e-17,O2_Holland(1993)_298K_49-103nm.txt
73.014941,3.149e-17,O2_Holland(1993)_298K_49-103nm.txt
73.019891,3.18e-17,O2_Holland(1993)_298K_49-103nm.txt
73.024841,3.21e-17,O2_Holland(1993)_298K_49-103nm.txt
73.029797,3.253e-17,O2_Holland(1993)_298K_49-103nm.txt
73.034753,3.29e-17,O2_Holland(1993)_298K_49-103nm.txt
73.039703,3.331e-17,O2_Holland(1993)_298K_49-103nm.txt
73.044653,3.363e-17,O2_Holland(1993)_298K_49-103nm.txt
73.049603,3.393e-17,O2_Holland(1993)_298K_49-103nm.txt
73.054565,3.4e-17,O2_Holland(1993)_298K_49-103nm.txt
73.059515,3.403e-17,O2_Holland(1993)_298K_49-103nm.txt
73.064465,3.396e-17,O2_Holland(1993)_298K_49-103nm.txt
73.069415,3.386e-17,O2_Holland(1993)_298K_49-103nm.txt
73.074371,3.393e-17,O2_Holland(1993)_298K_49-103nm.txt
73.079327,3.395e-17,O2_Holland(1993)_298K_49-103nm.txt
73.084277,3.41e-17,O2_Holland(1993)_298K_49-103nm.txt
73.089233,3.402e-17,O2_Holland(1993)_298K_49-103nm.txt
73.094183,3.403e-17,O2_Holland(1993)_298K_49-103nm.txt
73.099133,3.368e-17,O2_Holland(1993)_298K_49-103nm.txt
73.104089,3.344e-17,O2_Holland(1993)_298K_49-103nm.txt
73.109045,3.316e-17,O2_Holland(1993)_298K_49-103nm.txt
73.113995,3.289e-17,O2_Holland(1993)_298K_49-103nm.txt
73.118945,3.255e-17,O2_Holland(1993)_298K_49-103nm.txt
73.123895,3.228e-17,O2_Holland(1993)_298K_49-103nm.txt
73.128857,3.203e-17,O2_Holland(1993)_298K_49-103nm.txt
73.133807,3.185e-17,O2_Holland(1993)_298K_49-103nm.txt
73.138757,3.159e-17,O2_Holland(1993)_298K_49-103nm.txt
73.143707,3.119e-17,O2_Holland(1993)_298K_49-103nm.txt
73.148663,3.095e-17,O2_Holland(1993)_298K_49-103nm.txt
73.153619,3.069e-17,O2_Holland(1993)_298K_49-103nm.txt
73.158569,3.045e-17,O2_Holland(1993)_298K_49-103nm.txt
73.163525,3.031e-17,O2_Holland(1993)_298K_49-103nm.txt
73.168475,3.015e-17,O2_Holland(1993)_298K_49-103nm.txt
73.173425,3.006e-17,O2_Holland(1993)_298K_49-103nm.txt
73.178381,3.031e-17,O2_Holland(1993)_298K_49-103nm.txt
73.183337,3.098e-17,O2_Holland(1993)_298K_49-103nm.txt
73.188287,3.276e-17,O2_Holland(1993)_298K_49-103nm.txt
73.193237,3.559e-17,O2_Holland(1993)_298K_49-103nm.txt
73.198187,3.983e-17,O2_Holland(1993)_298K_49-103nm.txt
73.203149,4.506e-17,O2_Holland(1993)_298K_49-103nm.txt
73.208099,4.997e-17,O2_Holland(1993)_298K_49-103nm.txt
73.213049,5.335e-17,O2_Holland(1993)_298K_49-103nm.txt
73.217999,5.484e-17,O2_Holland(1993)_298K_49-103nm.txt
73.222955,5.422e-17,O2_Holland(1993)_298K_49-103nm.txt
73.227911,5.222e-17,O2_Holland(1993)_298K_49-103nm.txt
73.232861,4.944e-17,O2_Holland(1993)_298K_49-103nm.txt
73.237817,4.663e-17,O2_Holland(1993)_298K_49-103nm.txt
73.242767,4.404e-17,O2_Holland(1993)_298K_49-103nm.txt
73.247717,4.186e-17,O2_Holland(1993)_298K_49-103nm.txt
73.252673,3.984e-17,O2_Holland(1993)_298K_49-103nm.txt
73.257629,3.815e-17,O2_Holland(1993)_298K_49-103nm.txt
73.262579,3.675e-17,O2_Holland(1993)_298K_49-103nm.txt
73.267529,3.555e-17,O2_Holland(1993)_298K_49-103nm.txt
73.272479,3.458e-17,O2_Holland(1993)_298K_49-103nm.txt
73.277441,3.38e-17,O2_Holland(1993)_298K_49-103nm.txt
73.282391,3.325e-17,O2_Holland(1993)_298K_49-103nm.txt
73.287341,3.278e-17,O2_Holland(1993)_298K_49-103nm.txt
73.292291,3.255e-17,O2_Holland(1993)_298K_49-103nm.txt
73.297247,3.245e-17,O2_Holland(1993)_298K_49-103nm.txt
73.302203,3.239e-17,O2_Holland(1993)_298K_49-103nm.txt
73.307153,3.246e-17,O2_Holland(1993)_298K_49-103nm.txt
73.312109,3.26e-17,O2_Holland(1993)_298K_49-103nm.txt
73.317059,3.278e-17,O2_Holland(1993)_298K_49-103nm.txt
73.322009,3.291e-17,O2_Holland(1993)_298K_49-103nm.txt
73.326965,3.299e-17,O2_Holland(1993)_298K_49-103nm.txt
73.331921,3.309e-17,O2_Holland(1993)_298K_49-103nm.txt
73.336871,3.315e-17,O2_Holland(1993)_298K_49-103nm.txt
73.341821,3.333e-17,O2_Holland(1993)_298K_49-103nm.txt
73.346771,3.342e-17,O2_Holland(1993)_298K_49-103nm.txt
73.351733,3.349e-17,O2_Holland(1993)_298K_49-103nm.txt
73.356683,3.365e-17,O2_Holland(1993)_298K_49-103nm.txt
73.361633,3.373e-17,O2_Holland(1993)_298K_49-103nm.txt
73.366583,3.372e-17,O2_Holland(1993)_298K_49-103nm.txt
73.371539,3.379e-17,O2_Holland(1993)_298K_49-103nm.txt
73.376495,3.396e-17,O2_Holland(1993)_298K_49-103nm.txt
73.381445,3.404e-17,O2_Holland(1993)_298K_49-103nm.txt
73.386401,3.421e-17,O2_Holland(1993)_298K_49-103nm.txt
73.391351,3.438e-17,O2_Holland(1993)_298K_49-103nm.txt
73.396301,3.451e-17,O2_Holland(1993)_298K_49-103nm.txt
73.401257,3.466e-17,O2_Holland(1993)_298K_49-103nm.txt
73.406213,3.478e-17,O2_Holland(1993)_298K_49-103nm.txt
73.411163,3.483e-17,O2_Holland(1993)_298K_49-103nm.txt
73.416113,3.494e-17,O2_Holland(1993)_298K_49-103nm.txt
73.421063,3.501e-17,O2_Holland(1993)_298K_49-103nm.txt
73.426025,3.499e-17,O2_Holland(1993)_298K_49-103nm.txt
73.430975,3.512e-17,O2_Holland(1993)_298K_49-103nm.txt
73.435925,3.516e-17,O2_Holland(1993)_298K_49-103nm.txt
73.440875,3.534e-17,O2_Holland(1993)_298K_49-103nm.txt
73.445831,3.568e-17,O2_Holland(1993)_298K_49-103nm.txt
73.450787,3.605e-17,O2_Holland(1993)_298K_49-103nm.txt
73.455737,3.638e-17,O2_Holland(1993)_298K_49-103nm.txt
73.460693,3.666e-17,O2_Holland(1993)_298K_49-103nm.txt
73.465643,3.672e-17,O2_Holland(1993)_298K_49-103nm.txt
73.470593,3.678e-17,O2_Holland(1993)_298K_49-103nm.txt
73.475549,3.683e-17,O2_Holland(1993)_298K_49-103nm.txt
73.480505,3.685e-17,O2_Holland(1993)_298K_49-103nm.txt
73.485455,3.685e-17,O2_Holland(1993)_298K_49-103nm.txt
73.490405,3.692e-17,O2_Holland(1993)_298K_49-103nm.txt
73.495355,3.685e-17,O2_Holland(1993)_298K_49-103nm.txt
73.500317,3.682e-17,O2_Holland(1993)_298K_49-103nm.txt
73.505267,3.698e-17,O2_Holland(1993)_298K_49-103nm.txt
73.510217,3.703e-17,O2_Holland(1993)_298K_49-103nm.txt
73.515167,3.7e-17,O2_Holland(1993)_298K_49-103nm.txt
73.520123,3.697e-17,O2_Holland(1993)_298K_49-103nm.txt
73.525079,3.697e-17,O2_Holland(1993)_298K_49-103nm.txt
73.530029,3.694e-17,O2_Holland(1993)_298K_49-103nm.txt
73.534985,3.701e-17,O2_Holland(1993)_298K_49-103nm.txt
73.539935,3.695e-17,O2_Holland(1993)_298K_49-103nm.txt
73.544885,3.687e-17,O2_Holland(1993)_298K_49-103nm.txt
73.549841,3.664e-17,O2_Holland(1993)_298K_49-103nm.txt
73.554797,3.64e-17,O2_Holland(1993)_298K_49-103nm.txt
73.559747,3.617e-17,O2_Holland(1993)_298K_49-103nm.txt
73.564697,3.585e-17,O2_Holland(1993)_298K_49-103nm.txt
73.569647,3.56e-17,O2_Holland(1993)_298K_49-103nm.txt
73.574609,3.543e-17,O2_Holland(1993)_298K_49-103nm.txt
73.579559,3.524e-17,O2_Holland(1993)_298K_49-103nm.txt
73.584509,3.518e-17,O2_Holland(1993)_298K_49-103nm.txt
73.589459,3.506e-17,O2_Holland(1993)_298K_49-103nm.txt
73.594415,3.491e-17,O2_Holland(1993)_298K_49-103nm.txt
73.599371,3.483e-17,O2_Holland(1993)_298K_49-103nm.txt
73.604321,3.475e-17,O2_Holland(1993)_298K_49-103nm.txt
73.609277,3.456e-17,O2_Holland(1993)_298K_49-103nm.txt
73.614227,3.438e-17,O2_Holland(1993)_298K_49-103nm.txt
73.619177,3.41e-17,O2_Holland(1993)_298K_49-103nm.txt
73.624133,3.4e-17,O2_Holland(1993)_298K_49-103nm.txt
73.629089,3.369e-17,O2_Holland(1993)_298K_49-103nm.txt
73.634039,3.344e-17,O2_Holland(1993)_298K_49-103nm.txt
73.638989,3.319e-17,O2_Holland(1993)_298K_49-103nm.txt
73.643939,3.307e-17,O2_Holland(1993)_298K_49-103nm.txt
73.648901,3.297e-17,O2_Holland(1993)_298K_49-103nm.txt
73.653851,3.293e-17,O2_Holland(1993)_298K_49-103nm.txt
73.658801,3.289e-17,O2_Holland(1993)_298K_49-103nm.txt
73.663751,3.284e-17,O2_Holland(1993)_298K_49-103nm.txt
73.668707,3.273e-17,O2_Holland(1993)_298K_49-103nm.txt
73.673663,3.266e-17,O2_Holland(1993)_298K_49-103nm.txt
73.678613,3.25e-17,O2_Holland(1993)_298K_49-103nm.txt
73.683569,3.253e-17,O2_Holland(1993)_298K_49-103nm.txt
73.688519,3.243e-17,O2_Holland(1993)_298K_49-103nm.txt
73.693469,3.239e-17,O2_Holland(1993)_298K_49-103nm.txt
73.698425,3.239e-17,O2_Holland(1993)_298K_49-103nm.txt
73.703381,3.24e-17,O2_Holland(1993)_298K_49-103nm.txt
73.708331,3.255e-17,O2_Holland(1993)_298K_49-103nm.txt
73.713281,3.285e-17,O2_Holland(1993)_298K_49-103nm.txt
73.718231,3.313e-17,O2_Holland(1993)_298K_49-103nm.txt
73.723193,3.34e-17,O2_Holland(1993)_298K_49-103nm.txt
73.728143,3.361e-17,O2_Holland(1993)_298K_49-103nm.txt
73.733093,3.378e-17,O2_Holland(1993)_298K_49-103nm.txt
73.738043,3.393e-17,O2_Holland(1993)_298K_49-103nm.txt
73.742999,3.411e-17,O2_Holland(1993)_298K_49-103nm.txt
73.747955,3.405e-17,O2_Holland(1993)_298K_49-103nm.txt
73.752905,3.383e-17,O2_Holland(1993)_298K_49-103nm.txt
73.757861,3.351e-17,O2_Holland(1993)_298K_49-103nm.txt
73.762811,3.33e-17,O2_Holland(1993)_298K_49-103nm.txt
73.767761,3.295e-17,O2_Holland(1993)_298K_49-103nm.txt
73.772717,3.266e-17,O2_Holland(1993)_298K_49-103nm.txt
73.777673,3.226e-17,O2_Holland(1993)_298K_49-103nm.txt
73.782623,3.196e-17,O2_Holland(1993)_298K_49-103nm.txt
73.787573,3.156e-17,O2_Holland(1993)_298K_49-103nm.txt
73.792523,3.11e-17,O2_Holland(1993)_298K_49-103nm.txt
73.797485,3.077e-17,O2_Holland(1993)_298K_49-103nm.txt
73.802435,3.044e-17,O2_Holland(1993)_298K_49-103nm.txt
73.807385,3.006e-17,O2_Holland(1993)_298K_49-103nm.txt
73.812335,2.975e-17,O2_Holland(1993)_298K_49-103nm.txt
73.817291,2.939e-17,O2_Holland(1993)_298K_49-103nm.txt
73.822247,2.914e-17,O2_Holland(1993)_298K_49-103nm.txt
73.827197,2.9e-17,O2_Holland(1993)_298K_49-103nm.txt
73.832153,2.892e-17,O2_Holland(1993)_298K_49-103nm.txt
73.837103,2.88e-17,O2_Holland(1993)_298K_49-103nm.txt
73.842053,2.873e-17,O2_Holland(1993)_298K_49-103nm.txt
73.847009,2.84e-17,O2_Holland(1993)_298K_49-103nm.txt
73.851965,2.803e-17,O2_Holland(1993)_298K_49-103nm.txt
73.856915,2.754e-17,O2_Holland(1993)_298K_49-103nm.txt
73.861865,2.69e-17,O2_Holland(1993)_298K_49-103nm.txt
73.866815,2.616e-17,O2_Holland(1993)_298K_49-103nm.txt
73.871777,2.567e-17,O2_Holland(1993)_298K_49-103nm.txt
73.876727,2.52e-17,O2_Holland(1993)_298K_49-103nm.txt
73.881677,2.491e-17,O2_Holland(1993)_298K_49-103nm.txt
73.886627,2.473e-17,O2_Holland(1993)_298K_49-103nm.txt
73.891583,2.457e-17,O2_Holland(1993)_298K_49-103nm.txt
73.896539,2.446e-17,O2_Holland(1993)_298K_49-103nm.txt
73.901489,2.467e-17,O2_Holland(1993)_298K_49-103nm.txt
73.906445,2.475e-17,O2_Holland(1993)_298K_49-103nm.txt
73.911395,2.483e-17,O2_Holland(1993)_298K_49-103nm.txt
73.916345,2.501e-17,O2_Holland(1993)_298K_49-103nm.txt
73.921301,2.496e-17,O2_Holland(1993)_298K_49-103nm.txt
73.926257,2.495e-17,O2_Holland(1993)_298K_49-103nm.txt
73.931207,2.489e-17,O2_Holland(1993)_298K_49-103nm.txt
73.936157,2.492e-17,O2_Holland(1993)_298K_49-103nm.txt
73.941107,2.487e-17,O2_Holland(1993)_298K_49-103nm.txt
73.946069,2.488e-17,O2_Holland(1993)_298K_49-103nm.txt
73.951019,2.483e-17,O2_Holland(1993)_298K_49-103nm.txt
73.955969,2.475e-17,O2_Holland(1993)_298K_49-103nm.txt
73.960919,2.477e-17,O2_Holland(1993)_298K_49-103nm.txt
73.965875,2.469e-17,O2_Holland(1993)_298K_49-103nm.txt
73.970831,2.467e-17,O2_Holland(1993)_298K_49-103nm.txt
73.975781,2.452e-17,O2_Holland(1993)_298K_49-103nm.txt
73.980737,2.447e-17,O2_Holland(1993)_298K_49-103nm.txt
73.985687,2.442e-17,O2_Holland(1993)_298K_49-103nm.txt
73.990637,2.428e-17,O2_Holland(1993)_298K_49-103nm.txt
73.995593,2.404e-17,O2_Holland(1993)_298K_49-103nm.txt
74.000549,2.364e-17,O2_Holland(1993)_298K_49-103nm.txt
74.005499,2.317e-17,O2_Holland(1993)_298K_49-103nm.txt
74.010449,2.285e-17,O2_Holland(1993)_298K_49-103nm.txt
74.015399,2.244e-17,O2_Holland(1993)_298K_49-103nm.txt
74.020361,2.214e-17,O2_Holland(1993)_298K_49-103nm.txt
74.025311,2.196e-17,O2_Holland(1993)_298K_49-103nm.txt
74.030261,2.186e-17,O2_Holland(1993)_298K_49-103nm.txt
74.035211,2.165e-17,O2_Holland(1993)_298K_49-103nm.txt
74.040167,2.152e-17,O2_Holland(1993)_298K_49-103nm.txt
74.045123,2.133e-17,O2_Holland(1993)_298K_49-103nm.txt
74.050073,2.109e-17,O2_Holland(1993)_298K_49-103nm.txt
74.055029,2.073e-17,O2_Holland(1993)_298K_49-103nm.txt
74.059979,2.056e-17,O2_Holland(1993)_298K_49-103nm.txt
74.064929,2.03e-17,O2_Holland(1993)_298K_49-103nm.txt
74.069885,2.016e-17,O2_Holland(1993)_298K_49-103nm.txt
74.074841,2.001e-17,O2_Holland(1993)_298K_49-103nm.txt
74.079791,1.987e-17,O2_Holland(1993)_298K_49-103nm.txt
74.084741,1.98e-17,O2_Holland(1993)_298K_49-103nm.txt
74.089691,1.971e-17,O2_Holland(1993)_298K_49-103nm.txt
74.094653,1.965e-17,O2_Holland(1993)_298K_49-103nm.txt
74.099603,1.967e-17,O2_Holland(1993)_298K_49-103nm.txt
74.104553,1.967e-17,O2_Holland(1993)_298K_49-103nm.txt
74.109503,1.982e-17,O2_Holland(1993)_298K_49-103nm.txt
74.114459,1.987e-17,O2_Holland(1993)_298K_49-103nm.txt
74.119415,1.994e-17,O2_Holland(1993)_298K_49-103nm.txt
74.124365,2.009e-17,O2_Holland(1993)_298K_49-103nm.txt
74.129321,2.032e-17,O2_Holland(1993)_298K_49-103nm.txt
74.134271,2.062e-17,O2_Holland(1993)_298K_49-103nm.txt
74.139221,2.084e-17,O2_Holland(1993)_298K_49-103nm.txt
74.144177,2.111e-17,O2_Holland(1993)_298K_49-103nm.txt
74.149133,2.134e-17,O2_Holland(1993)_298K_49-103nm.txt
74.154083,2.161e-17,O2_Holland(1993)_298K_49-103nm.txt
74.159033,2.204e-17,O2_Holland(1993)_298K_49-103nm.txt
74.163983,2.225e-17,O2_Holland(1993)_298K_49-103nm.txt
74.168945,2.243e-17,O2_Holland(1993)_298K_49-103nm.txt
74.173895,2.241e-17,O2_Holland(1993)_298K_49-103nm.txt
74.178845,2.233e-17,O2_Holland(1993)_298K_49-103nm.txt
74.183795,2.211e-17,O2_Holland(1993)_298K_49-103nm.txt
74.188751,2.184e-17,O2_Holland(1993)_298K_49-103nm.txt
74.193707,2.161e-17,O2_Holland(1993)_298K_49-103nm.txt
74.198657,2.134e-17,O2_Holland(1993)_298K_49-103nm.txt
74.203613,2.118e-17,O2_Holland(1993)_298K_49-103nm.txt
74.208563,2.089e-17,O2_Holland(1993)_298K_49-103nm.txt
74.213513,2.059e-17,O2_Holland(1993)_298K_49-103nm.txt
74.218469,2.055e-17,O2_Holland(1993)_298K_49-103nm.txt
74.223425,2.049e-17,O2_Holland(1993)_298K_49-103nm.txt
74.228375,2.051e-17,O2_Holland(1993)_298K_49-103nm.txt
74.233325,2.044e-17,O2_Holland(1993)_298K_49-103nm.txt
74.238275,2.042e-17,O2_Holland(1993)_298K_49-103nm.txt
74.243237,2.045e-17,O2_Holland(1993)_298K_49-103nm.txt
74.248187,2.031e-17,O2_Holland(1993)_298K_49-103nm.txt
74.253137,2.012e-17,O2_Holland(1993)_298K_49-103nm.txt
74.258093,1.986e-17,O2_Holland(1993)_298K_49-103nm.txt
74.263043,1.95e-17,O2_Holland(1993)_298K_49-103nm.txt
74.267999,1.914e-17,O2_Holland(1993)_298K_49-103nm.txt
74.272949,1.879e-17,O2_Holland(1993)_298K_49-103nm.txt
74.277905,1.856e-17,O2_Holland(1993)_298K_49-103nm.txt
74.282855,1.829e-17,O2_Holland(1993)_298K_49-103nm.txt
74.287805,1.82e-17,O2_Holland(1993)_298K_49-103nm.txt
74.292761,1.798e-17,O2_Holland(1993)_298K_49-103nm.txt
74.297717,1.785e-17,O2_Holland(1993)_298K_49-103nm.txt
74.302667,1.788e-17,O2_Holland(1993)_298K_49-103nm.txt
74.307617,1.784e-17,O2_Holland(1993)_298K_49-103nm.txt
74.312567,1.784e-17,O2_Holland(1993)_298K_49-103nm.txt
74.317529,1.792e-17,O2_Holland(1993)_298K_49-103nm.txt
74.322479,1.801e-17,O2_Holland(1993)_298K_49-103nm.txt
74.327429,1.788e-17,O2_Holland(1993)_298K_49-103nm.txt
74.335205,1.855e-17,O2_Holland(1993)_298K_49-103nm.txt
74.340198,1.872e-17,O2_Holland(1993)_298K_49-103nm.txt
74.34519,1.876e-17,O2_Holland(1993)_298K_49-103nm.txt
74.350189,1.882e-17,O2_Holland(1993)_298K_49-103nm.txt
74.355182,1.897e-17,O2_Holland(1993)_298K_49-103nm.txt
74.360168,1.901e-17,O2_Holland(1993)_298K_49-103nm.txt
74.365161,1.935e-17,O2_Holland(1993)_298K_49-103nm.txt
74.370154,1.953e-17,O2_Holland(1993)_298K_49-103nm.txt
74.375153,1.946e-17,O2_Holland(1993)_298K_49-103nm.txt
74.380145,1.975e-17,O2_Holland(1993)_298K_49-103nm.txt
74.385132,1.979e-17,O2_Holland(1993)_298K_49-103nm.txt
74.390125,1.971e-17,O2_Holland(1993)_298K_49-103nm.txt
74.395117,2.005e-17,O2_Holland(1993)_298K_49-103nm.txt
74.400116,1.999e-17,O2_Holland(1993)_298K_49-103nm.txt
74.405102,2.007e-17,O2_Holland(1993)_298K_49-103nm.txt
74.410095,2.027e-17,O2_Holland(1993)_298K_49-103nm.txt
74.415088,2.063e-17,O2_Holland(1993)_298K_49-103nm.txt
74.420081,2.059e-17,O2_Holland(1993)_298K_49-103nm.txt
74.425079,2.063e-17,O2_Holland(1993)_298K_49-103nm.txt
74.430066,2.082e-17,O2_Holland(1993)_298K_49-103nm.txt
74.435059,2.09e-17,O2_Holland(1993)_298K_49-103nm.txt
74.440051,2.096e-17,O2_Holland(1993)_298K_49-103nm.txt
74.445044,2.108e-17,O2_Holland(1993)_298K_49-103nm.txt
74.450043,2.097e-17,O2_Holland(1993)_298K_49-103nm.txt
74.455029,2.085e-17,O2_Holland(1993)_298K_49-103nm.txt
74.460022,2.051e-17,O2_Holland(1993)_298K_49-103nm.txt
74.465015,2.018e-17,O2_Holland(1993)_298K_49-103nm.txt
74.470007,2.007e-17,O2_Holland(1993)_298K_49-103nm.txt
74.475006,2.015e-17,O2_Holland(1993)_298K_49-103nm.txt
74.479993,2.004e-17,O2_Holland(1993)_298K_49-103nm.txt
74.484985,2.001e-17,O2_Holland(1993)_298K_49-103nm.txt
74.489978,1.999e-17,O2_Holland(1993)_298K_49-103nm.txt
74.494971,1.978e-17,O2_Holland(1993)_298K_49-103nm.txt
74.499969,1.973e-17,O2_Holland(1993)_298K_49-103nm.txt
74.504956,1.95e-17,O2_Holland(1993)_298K_49-103nm.txt
74.509949,1.922e-17,O2_Holland(1993)_298K_49-103nm.txt
74.514941,1.905e-17,O2_Holland(1993)_298K_49-103nm.txt
74.519934,1.901e-17,O2_Holland(1993)_298K_49-103nm.txt
74.524933,1.89e-17,O2_Holland(1993)_298K_49-103nm.txt
74.529919,1.896e-17,O2_Holland(1993)_298K_49-103nm.txt
74.534912,1.899e-17,O2_Holland(1993)_298K_49-103nm.txt
74.539905,1.877e-17,O2_Holland(1993)_298K_49-103nm.txt
74.544898,1.889e-17,O2_Holland(1993)_298K_49-103nm.txt
74.549896,1.873e-17,O2_Holland(1993)_298K_49-103nm.txt
74.554883,1.87e-17,O2_Holland(1993)_298K_49-103nm.txt
74.559875,1.856e-17,O2_Holland(1993)_298K_49-103nm.txt
74.564868,1.853e-17,O2_Holland(1993)_298K_49-103nm.txt
74.569861,1.853e-17,O2_Holland(1993)_298K_49-103nm.txt
74.57486,1.87e-17,O2_Holland(1993)_298K_49-103nm.txt
74.579846,1.837e-17,O2_Holland(1993)_298K_49-103nm.txt
74.584839,1.836e-17,O2_Holland(1993)_298K_49-103nm.txt
74.589832,1.844e-17,O2_Holland(1993)_298K_49-103nm.txt
74.594824,1.862e-17,O2_Holland(1993)_298K_49-103nm.txt
74.599817,1.875e-17,O2_Holland(1993)_298K_49-103nm.txt
74.60481,1.904e-17,O2_Holland(1993)_298K_49-103nm.txt
74.609802,1.95e-17,O2_Holland(1993)_298K_49-103nm.txt
74.614795,1.991e-17,O2_Holland(1993)_298K_49-103nm.txt
74.619788,2.012e-17,O2_Holland(1993)_298K_49-103nm.txt
74.62478,2.038e-17,O2_Holland(1993)_298K_49-103nm.txt
74.629773,2.071e-17,O2_Holland(1993)_298K_49-103nm.txt
74.634766,2.113e-17,O2_Holland(1993)_298K_49-103nm.txt
74.639758,2.141e-17,O2_Holland(1993)_298K_49-103nm.txt
74.644751,2.145e-17,O2_Holland(1993)_298K_49-103nm.txt
74.649744,2.108e-17,O2_Holland(1993)_298K_49-103nm.txt
74.654736,2.07e-17,O2_Holland(1993)_298K_49-103nm.txt
74.659729,2.078e-17,O2_Holland(1993)_298K_49-103nm.txt
74.664722,2.047e-17,O2_Holland(1993)_298K_49-103nm.txt
74.669714,2.019e-17,O2_Holland(1993)_298K_49-103nm.txt
74.674707,2.039e-17,O2_Holland(1993)_298K_49-103nm.txt
74.6797,2.005e-17,O2_Holland(1993)_298K_49-103nm.txt
74.684692,1.959e-17,O2_Holland(1993)_298K_49-103nm.txt
74.689685,1.933e-17,O2_Holland(1993)_298K_49-103nm.txt
74.694678,1.878e-17,O2_Holland(1993)_298K_49-103nm.txt
74.69967,1.851e-17,O2_Holland(1993)_298K_49-103nm.txt
74.704663,1.835e-17,O2_Holland(1993)_298K_49-103nm.txt
74.709656,1.774e-17,O2_Holland(1993)_298K_49-103nm.txt
74.714648,1.742e-17,O2_Holland(1993)_298K_49-103nm.txt
74.719641,1.712e-17,O2_Holland(1993)_298K_49-103nm.txt
74.724634,1.668e-17,O2_Holland(1993)_298K_49-103nm.txt
74.729626,1.624e-17,O2_Holland(1993)_298K_49-103nm.txt
74.734619,1.607e-17,O2_Holland(1993)_298K_49-103nm.txt
74.739612,1.569e-17,O2_Holland(1993)_298K_49-103nm.txt
74.744605,1.569e-17,O2_Holland(1993)_298K_49-103nm.txt
74.749597,1.578e-17,O2_Holland(1993)_298K_49-103nm.txt
74.75459,1.551e-17,O2_Holland(1993)_298K_49-103nm.txt
74.759582,1.569e-17,O2_Holland(1993)_298K_49-103nm.txt
74.764575,1.561e-17,O2_Holland(1993)_298K_49-103nm.txt
74.769568,1.529e-17,O2_Holland(1993)_298K_49-103nm.txt
74.77456,1.553e-17,O2_Holland(1993)_298K_49-103nm.txt
74.779553,1.544e-17,O2_Holland(1993)_298K_49-103nm.txt
74.784546,1.567e-17,O2_Holland(1993)_298K_49-103nm.txt
74.789539,1.58e-17,O2_Holland(1993)_298K_49-103nm.txt
74.794525,1.582e-17,O2_Holland(1993)_298K_49-103nm.txt
74.799524,1.61e-17,O2_Holland(1993)_298K_49-103nm.txt
74.804517,1.621e-17,O2_Holland(1993)_298K_49-103nm.txt
74.809509,1.665e-17,O2_Holland(1993)_298K_49-103nm.txt
74.814502,1.688e-17,O2_Holland(1993)_298K_49-103nm.txt
74.819489,1.696e-17,O2_Holland(1993)_298K_49-103nm.txt
74.824487,1.714e-17,O2_Holland(1993)_298K_49-103nm.txt
74.82948,1.73e-17,O2_Holland(1993)_298K_49-103nm.txt
74.834473,1.767e-17,O2_Holland(1993)_298K_49-103nm.txt
74.839465,1.772e-17,O2_Holland(1993)_298K_49-103nm.txt
74.844452,1.805e-17,O2_Holland(1993)_298K_49-103nm.txt
74.849451,1.845e-17,O2_Holland(1993)_298K_49-103nm.txt
74.854443,1.877e-17,O2_Holland(1993)_298K_49-103nm.txt
74.859436,1.947e-17,O2_Holland(1993)_298K_49-103nm.txt
74.864429,1.97e-17,O2_Holland(1993)_298K_49-103nm.txt
74.869415,2.004e-17,O2_Holland(1993)_298K_49-103nm.txt
74.874414,2.045e-17,O2_Holland(1993)_298K_49-103nm.txt
74.879407,2.099e-17,O2_Holland(1993)_298K_49-103nm.txt
74.884399,2.134e-17,O2_Holland(1993)_298K_49-103nm.txt
74.889392,2.229e-17,O2_Holland(1993)_298K_49-103nm.txt
74.894379,2.319e-17,O2_Holland(1993)_298K_49-103nm.txt
74.899377,2.38e-17,O2_Holland(1993)_298K_49-103nm.txt
74.90437,2.423e-17,O2_Holland(1993)_298K_49-103nm.txt
74.909363,2.424e-17,O2_Holland(1993)_298K_49-103nm.txt
74.914355,2.482e-17,O2_Holland(1993)_298K_49-103nm.txt
74.919342,2.498e-17,O2_Holland(1993)_298K_49-103nm.txt
74.924341,2.507e-17,O2_Holland(1993)_298K_49-103nm.txt
74.929333,2.517e-17,O2_Holland(1993)_298K_49-103nm.txt
74.934326,2.497e-17,O2_Holland(1993)_298K_49-103nm.txt
74.939319,2.472e-17,O2_Holland(1993)_298K_49-103nm.txt
74.944305,2.439e-17,O2_Holland(1993)_298K_49-103nm.txt
74.949304,2.37e-17,O2_Holland(1993)_298K_49-103nm.txt
74.954297,2.332e-17,O2_Holland(1993)_298K_49-103nm.txt
74.95929,2.307e-17,O2_Holland(1993)_298K_49-103nm.txt
74.964282,2.293e-17,O2_Holland(1993)_298K_49-103nm.txt
74.969269,2.216e-17,O2_Holland(1993)_298K_49-103nm.txt
74.974268,2.16e-17,O2_Holland(1993)_298K_49-103nm.txt
74.97926,2.159e-17,O2_Holland(1993)_298K_49-103nm.txt
74.984253,2.112e-17,O2_Holland(1993)_298K_49-103nm.txt
74.989239,2.052e-17,O2_Holland(1993)_298K_49-103nm.txt
74.994232,2.006e-17,O2_Holland(1993)_298K_49-103nm.txt
74.999231,1.956e-17,O2_Holland(1993)_298K_49-103nm.txt
75.004224,1.916e-17,O2_Holland(1993)_298K_49-103nm.txt
75.009216,1.832e-17,O2_Holland(1993)_298K_49-103nm.txt
75.014203,1.807e-17,O2_Holland(1993)_298K_49-103nm.txt
75.019196,1.781e-17,O2_Holland(1993)_298K_49-103nm.txt
75.024194,1.755e-17,O2_Holland(1993)_298K_49-103nm.txt
75.029187,1.745e-17,O2_Holland(1993)_298K_49-103nm.txt
75.03418,1.721e-17,O2_Holland(1993)_298K_49-103nm.txt
75.039166,1.726e-17,O2_Holland(1993)_298K_49-103nm.txt
75.044159,1.7e-17,O2_Holland(1993)_298K_49-103nm.txt
75.049158,1.715e-17,O2_Holland(1993)_298K_49-103nm.txt
75.05415,1.758e-17,O2_Holland(1993)_298K_49-103nm.txt
75.059143,1.806e-17,O2_Holland(1993)_298K_49-103nm.txt
75.06413,1.861e-17,O2_Holland(1993)_298K_49-103nm.txt
75.069122,1.893e-17,O2_Holland(1993)_298K_49-103nm.txt
75.074121,1.918e-17,O2_Holland(1993)_298K_49-103nm.txt
75.079114,1.912e-17,O2_Holland(1993)_298K_49-103nm.txt
75.084106,1.93e-17,O2_Holland(1993)_298K_49-103nm.txt
75.089093,1.928e-17,O2_Holland(1993)_298K_49-103nm.txt
75.094086,1.94e-17,O2_Holland(1993)_298K_49-103nm.txt
75.099085,1.933e-17,O2_Holland(1993)_298K_49-103nm.txt
75.104077,1.924e-17,O2_Holland(1993)_298K_49-103nm.txt
75.10907,1.926e-17,O2_Holland(1993)_298K_49-103nm.txt
75.114056,1.923e-17,O2_Holland(1993)_298K_49-103nm.txt
75.119049,1.909e-17,O2_Holland(1993)_298K_49-103nm.txt
75.124048,1.909e-17,O2_Holland(1993)_298K_49-103nm.txt
75.12904,1.928e-17,O2_Holland(1993)_298K_49-103nm.txt
75.134033,1.941e-17,O2_Holland(1993)_298K_49-103nm.txt
75.13902,1.918e-17,O2_Holland(1993)_298K_49-103nm.txt
75.144012,1.923e-17,O2_Holland(1993)_298K_49-103nm.txt
75.149011,1.895e-17,O2_Holland(1993)_298K_49-103nm.txt
75.154004,1.871e-17,O2_Holland(1993)_298K_49-103nm.txt
75.158997,1.845e-17,O2_Holland(1993)_298K_49-103nm.txt
75.163983,1.829e-17,O2_Holland(1993)_298K_49-103nm.txt
75.168976,1.795e-17,O2_Holland(1993)_298K_49-103nm.txt
75.173975,1.78e-17,O2_Holland(1993)_298K_49-103nm.txt
75.178967,1.73e-17,O2_Holland(1993)_298K_49-103nm.txt
75.183954,1.691e-17,O2_Holland(1993)_298K_49-103nm.txt
75.188946,1.65e-17,O2_Holland(1993)_298K_49-103nm.txt
75.193939,1.627e-17,O2_Holland(1993)_298K_49-103nm.txt
75.198938,1.574e-17,O2_Holland(1993)_298K_49-103nm.txt
75.203931,1.581e-17,O2_Holland(1993)_298K_49-103nm.txt
75.208917,1.572e-17,O2_Holland(1993)_298K_49-103nm.txt
75.21391,1.552e-17,O2_Holland(1993)_298K_49-103nm.txt
75.218903,1.586e-17,O2_Holland(1993)_298K_49-103nm.txt
75.223901,1.611e-17,O2_Holland(1993)_298K_49-103nm.txt
75.228894,1.575e-17,O2_Holland(1993)_298K_49-103nm.txt
75.233881,1.616e-17,O2_Holland(1993)_298K_49-103nm.txt
75.238873,1.603e-17,O2_Holland(1993)_298K_49-103nm.txt
75.243866,1.633e-17,O2_Holland(1993)_298K_49-103nm.txt
75.248865,1.672e-17,O2_Holland(1993)_298K_49-103nm.txt
75.253857,1.685e-17,O2_Holland(1993)_298K_49-103nm.txt
75.258844,1.692e-17,O2_Holland(1993)_298K_49-103nm.txt
75.263837,1.677e-17,O2_Holland(1993)_298K_49-103nm.txt
75.268829,1.691e-17,O2_Holland(1993)_298K_49-103nm.txt
75.273828,1.703e-17,O2_Holland(1993)_298K_49-103nm.txt
75.278821,1.726e-17,O2_Holland(1993)_298K_49-103nm.txt
75.283807,1.74e-17,O2_Holland(1993)_298K_49-103nm.txt
75.2888,1.733e-17,O2_Holland(1993)_298K_49-103nm.txt
75.293793,1.738e-17,O2_Holland(1993)_298K_49-103nm.txt
75.298792,1.758e-17,O2_Holland(1993)_298K_49-103nm.txt
75.303784,1.761e-17,O2_Holland(1993)_298K_49-103nm.txt
75.308771,1.758e-17,O2_Holland(1993)_298K_49-103nm.txt
75.313763,1.754e-17,O2_Holland(1993)_298K_49-103nm.txt
75.318756,1.742e-17,O2_Holland(1993)_298K_49-103nm.txt
75.323755,1.743e-17,O2_Holland(1993)_298K_49-103nm.txt
75.328748,1.748e-17,O2_Holland(1993)_298K_49-103nm.txt
75.333734,1.731e-17,O2_Holland(1993)_298K_49-103nm.txt
75.338727,1.746e-17,O2_Holland(1993)_298K_49-103nm.txt
75.343719,1.767e-17,O2_Holland(1993)_298K_49-103nm.txt
75.348718,1.79e-17,O2_Holland(1993)_298K_49-103nm.txt
75.353711,1.843e-17,O2_Holland(1993)_298K_49-103nm.txt
75.358698,1.865e-17,O2_Holland(1993)_298K_49-103nm.txt
75.36369,1.933e-17,O2_Holland(1993)_298K_49-103nm.txt
75.368683,1.956e-17,O2_Holland(1993)_298K_49-103nm.txt
75.373682,2.003e-17,O2_Holland(1993)_298K_49-103nm.txt
75.378668,2.059e-17,O2_Holland(1993)_298K_49-103nm.txt
75.383661,2.11e-17,O2_Holland(1993)_298K_49-103nm.txt
75.388654,2.154e-17,O2_Holland(1993)_298K_49-103nm.txt
75.393646,2.21e-17,O2_Holland(1993)_298K_49-103nm.txt
75.398645,2.238e-17,O2_Holland(1993)_298K_49-103nm.txt
75.403632,2.293e-17,O2_Holland(1993)_298K_49-103nm.txt
75.408624,2.311e-17,O2_Holland(1993)_298K_49-103nm.txt
75.413617,2.342e-17,O2_Holland(1993)_298K_49-103nm.txt
75.41861,2.348e-17,O2_Holland(1993)_298K_49-103nm.txt
75.423608,2.364e-17,O2_Holland(1993)_298K_49-103nm.txt
75.428595,2.353e-17,O2_Holland(1993)_298K_49-103nm.txt
75.433588,2.382e-17,O2_Holland(1993)_298K_49-103nm.txt
75.43858,2.391e-17,O2_Holland(1993)_298K_49-103nm.txt
75.443573,2.39e-17,O2_Holland(1993)_298K_49-103nm.txt
75.448572,2.405e-17,O2_Holland(1993)_298K_49-103nm.txt
75.453558,2.408e-17,O2_Holland(1993)_298K_49-103nm.txt
75.458551,2.38e-17,O2_Holland(1993)_298K_49-103nm.txt
75.463544,2.327e-17,O2_Holland(1993)_298K_49-103nm.txt
75.468536,2.323e-17,O2_Holland(1993)_298K_49-103nm.txt
75.473535,2.268e-17,O2_Holland(1993)_298K_49-103nm.txt
75.478522,2.222e-17,O2_Holland(1993)_298K_49-103nm.txt
75.483514,2.168e-17,O2_Holland(1993)_298K_49-103nm.txt
75.488507,2.106e-17,O2_Holland(1993)_298K_49-103nm.txt
75.4935,2.065e-17,O2_Holland(1993)_298K_49-103nm.txt
75.498499,2.062e-17,O2_Holland(1993)_298K_49-103nm.txt
75.503485,1.985e-17,O2_Holland(1993)_298K_49-103nm.txt
75.508478,1.967e-17,O2_Holland(1993)_298K_49-103nm.txt
75.513471,1.908e-17,O2_Holland(1993)_298K_49-103nm.txt
75.518463,1.881e-17,O2_Holland(1993)_298K_49-103nm.txt
75.523462,1.893e-17,O2_Holland(1993)_298K_49-103nm.txt
75.528449,1.914e-17,O2_Holland(1993)_298K_49-103nm.txt
75.533441,1.931e-17,O2_Holland(1993)_298K_49-103nm.txt
75.538434,1.991e-17,O2_Holland(1993)_298K_49-103nm.txt
75.543426,1.988e-17,O2_Holland(1993)_298K_49-103nm.txt
75.548425,2.022e-17,O2_Holland(1993)_298K_49-103nm.txt
75.553412,2.017e-17,O2_Holland(1993)_298K_49-103nm.txt
75.558404,2.014e-17,O2_Holland(1993)_298K_49-103nm.txt
75.563397,2.014e-17,O2_Holland(1993)_298K_49-103nm.txt
75.56839,1.991e-17,O2_Holland(1993)_298K_49-103nm.txt
75.573383,1.987e-17,O2_Holland(1993)_298K_49-103nm.txt
75.578375,1.929e-17,O2_Holland(1993)_298K_49-103nm.txt
75.583368,1.963e-17,O2_Holland(1993)_298K_49-103nm.txt
75.588361,1.925e-17,O2_Holland(1993)_298K_49-103nm.txt
75.593353,1.95e-17,O2_Holland(1993)_298K_49-103nm.txt
75.598346,1.941e-17,O2_Holland(1993)_298K_49-103nm.txt
75.603339,1.953e-17,O2_Holland(1993)_298K_49-103nm.txt
75.608331,1.939e-17,O2_Holland(1993)_298K_49-103nm.txt
75.613324,1.938e-17,O2_Holland(1993)_298K_49-103nm.txt
75.618317,1.924e-17,O2_Holland(1993)_298K_49-103nm.txt
75.623309,1.916e-17,O2_Holland(1993)_298K_49-103nm.txt
75.628302,1.918e-17,O2_Holland(1993)_298K_49-103nm.txt
75.633295,1.908e-17,O2_Holland(1993)_298K_49-103nm.txt
75.638287,1.904e-17,O2_Holland(1993)_298K_49-103nm.txt
75.64328,1.895e-17,O2_Holland(1993)_298K_49-103nm.txt
75.648273,1.891e-17,O2_Holland(1993)_298K_49-103nm.txt
75.653265,1.876e-17,O2_Holland(1993)_298K_49-103nm.txt
75.658258,1.891e-17,O2_Holland(1993)_298K_49-103nm.txt
75.663251,1.87e-17,O2_Holland(1993)_298K_49-103nm.txt
75.668243,1.836e-17,O2_Holland(1993)_298K_49-103nm.txt
75.673236,1.832e-17,O2_Holland(1993)_298K_49-103nm.txt
75.678229,1.827e-17,O2_Holland(1993)_298K_49-103nm.txt
75.683221,1.809e-17,O2_Holland(1993)_298K_49-103nm.txt
75.688214,1.775e-17,O2_Holland(1993)_298K_49-103nm.txt
75.693207,1.759e-17,O2_Holland(1993)_298K_49-103nm.txt
75.698199,1.737e-17,O2_Holland(1993)_298K_49-103nm.txt
75.703192,1.733e-17,O2_Holland(1993)_298K_49-103nm.txt
75.708185,1.764e-17,O2_Holland(1993)_298K_49-103nm.txt
75.713177,1.797e-17,O2_Holland(1993)_298K_49-103nm.txt
75.71817,1.818e-17,O2_Holland(1993)_298K_49-103nm.txt
75.723163,1.869e-17,O2_Holland(1993)_298K_49-103nm.txt
75.728156,1.842e-17,O2_Holland(1993)_298K_49-103nm.txt
75.733148,1.861e-17,O2_Holland(1993)_298K_49-103nm.txt
75.738141,1.879e-17,O2_Holland(1993)_298K_49-103nm.txt
75.743133,1.872e-17,O2_Holland(1993)_298K_49-103nm.txt
75.748126,1.92e-17,O2_Holland(1993)_298K_49-103nm.txt
75.753119,1.947e-17,O2_Holland(1993)_298K_49-103nm.txt
75.758112,1.992e-17,O2_Holland(1993)_298K_49-103nm.txt
75.763007,2.023e-17,O2_Holland(1993)_298K_49-103nm.txt
75.768091,2.032e-17,O2_Holland(1993)_298K_49-103nm.txt
75.77309,2.035e-17,O2_Holland(1993)_298K_49-103nm.txt
75.778082,1.998e-17,O2_Holland(1993)_298K_49-103nm.txt
75.783075,1.982e-17,O2_Holland(1993)_298K_49-103nm.txt
75.78797,1.979e-17,O2_Holland(1993)_298K_49-103nm.txt
75.792957,1.974e-17,O2_Holland(1993)_298K_49-103nm.txt
75.798053,1.987e-17,O2_Holland(1993)_298K_49-103nm.txt
75.803046,1.945e-17,O2_Holland(1993)_298K_49-103nm.txt
75.808038,1.905e-17,O2_Holland(1993)_298K_49-103nm.txt
75.812933,1.9e-17,O2_Holland(1993)_298K_49-103nm.txt
75.81792,1.874e-17,O2_Holland(1993)_298K_49-103nm.txt
75.822913,1.869e-17,O2_Holland(1993)_298K_49-103nm.txt
75.827911,1.836e-17,O2_Holland(1993)_298K_49-103nm.txt
75.833002,1.852e-17,O2_Holland(1993)_298K_49-103nm.txt
75.837897,1.862e-17,O2_Holland(1993)_298K_49-103nm.txt
75.842883,1.837e-17,O2_Holland(1993)_298K_49-103nm.txt
75.847876,1.802e-17,O2_Holland(1993)_298K_49-103nm.txt
75.852875,1.828e-17,O2_Holland(1993)_298K_49-103nm.txt
75.857867,1.794e-17,O2_Holland(1993)_298K_49-103nm.txt
75.86286,1.798e-17,O2_Holland(1993)_298K_49-103nm.txt
75.867847,1.743e-17,O2_Holland(1993)_298K_49-103nm.txt
75.872839,1.747e-17,O2_Holland(1993)_298K_49-103nm.txt
75.877838,1.76e-17,O2_Holland(1993)_298K_49-103nm.txt
75.882831,1.822e-17,O2_Holland(1993)_298K_49-103nm.txt
75.887824,1.821e-17,O2_Holland(1993)_298K_49-103nm.txt
75.89281,1.827e-17,O2_Holland(1993)_298K_49-103nm.txt
75.897803,1.866e-17,O2_Holland(1993)_298K_49-103nm.txt
75.902801,1.873e-17,O2_Holland(1993)_298K_49-103nm.txt
75.907794,1.859e-17,O2_Holland(1993)_298K_49-103nm.txt
75.912787,1.897e-17,O2_Holland(1993)_298K_49-103nm.txt
75.917773,1.884e-17,O2_Holland(1993)_298K_49-103nm.txt
75.922766,1.886e-17,O2_Holland(1993)_298K_49-103nm.txt
75.927765,1.879e-17,O2_Holland(1993)_298K_49-103nm.txt
75.932758,1.879e-17,O2_Holland(1993)_298K_49-103nm.txt
75.93775,1.865e-17,O2_Holland(1993)_298K_49-103nm.txt
75.942737,1.868e-17,O2_Holland(1993)_298K_49-103nm.txt
75.94773,1.866e-17,O2_Holland(1993)_298K_49-103nm.txt
75.952728,1.87e-17,O2_Holland(1993)_298K_49-103nm.txt
75.957721,1.846e-17,O2_Holland(1993)_298K_49-103nm.txt
75.962714,1.849e-17,O2_Holland(1993)_298K_49-103nm.txt
75.9677,1.866e-17,O2_Holland(1993)_298K_49-103nm.txt
75.972693,1.88e-17,O2_Holland(1993)_298K_49-103nm.txt
75.977692,1.933e-17,O2_Holland(1993)_298K_49-103nm.txt
75.982684,1.963e-17,O2_Holland(1993)_298K_49-103nm.txt
75.987671,2.014e-17,O2_Holland(1993)_298K_49-103nm.txt
75.992664,2.066e-17,O2_Holland(1993)_298K_49-103nm.txt
75.997656,2.08e-17,O2_Holland(1993)_298K_49-103nm.txt
76.002655,2.125e-17,O2_Holland(1993)_298K_49-103nm.txt
76.007648,2.136e-17,O2_Holland(1993)_298K_49-103nm.txt
76.012634,2.175e-17,O2_Holland(1993)_298K_49-103nm.txt
76.017627,2.183e-17,O2_Holland(1993)_298K_49-103nm.txt
76.02262,2.194e-17,O2_Holland(1993)_298K_49-103nm.txt
76.027618,2.179e-17,O2_Holland(1993)_298K_49-103nm.txt
76.032611,2.146e-17,O2_Holland(1993)_298K_49-103nm.txt
76.037598,2.175e-17,O2_Holland(1993)_298K_49-103nm.txt
76.04259,2.158e-17,O2_Holland(1993)_298K_49-103nm.txt
76.047583,2.116e-17,O2_Holland(1993)_298K_49-103nm.txt
76.052582,2.078e-17,O2_Holland(1993)_298K_49-103nm.txt
76.057574,1.997e-17,O2_Holland(1993)_298K_49-103nm.txt
76.062561,1.989e-17,O2_Holland(1993)_298K_49-103nm.txt
76.067554,1.987e-17,O2_Holland(1993)_298K_49-103nm.txt
76.072546,2.007e-17,O2_Holland(1993)_298K_49-103nm.txt
76.077545,2.021e-17,O2_Holland(1993)_298K_49-103nm.txt
76.082538,2.036e-17,O2_Holland(1993)_298K_49-103nm.txt
76.087524,2.015e-17,O2_Holland(1993)_298K_49-103nm.txt
76.092517,1.996e-17,O2_Holland(1993)_298K_49-103nm.txt
76.09751,1.995e-17,O2_Holland(1993)_298K_49-103nm.txt
76.102508,1.985e-17,O2_Holland(1993)_298K_49-103nm.txt
76.107501,1.995e-17,O2_Holland(1993)_298K_49-103nm.txt
76.112488,1.989e-17,O2_Holland(1993)_298K_49-103nm.txt
76.11748,1.981e-17,O2_Holland(1993)_298K_49-103nm.txt
76.122473,1.97e-17,O2_Holland(1993)_298K_49-103nm.txt
76.127472,1.994e-17,O2_Holland(1993)_298K_49-103nm.txt
76.132465,2.049e-17,O2_Holland(1993)_298K_49-103nm.txt
76.137451,2.078e-17,O2_Holland(1993)_298K_49-103nm.txt
76.142444,2.1e-17,O2_Holland(1993)_298K_49-103nm.txt
76.147437,2.09e-17,O2_Holland(1993)_298K_49-103nm.txt
76.152435,2.103e-17,O2_Holland(1993)_298K_49-103nm.txt
76.157428,2.107e-17,O2_Holland(1993)_298K_49-103nm.txt
76.162415,2.098e-17,O2_Holland(1993)_298K_49-103nm.txt
76.167407,2.085e-17,O2_Holland(1993)_298K_49-103nm.txt
76.1724,2.08e-17,O2_Holland(1993)_298K_49-103nm.txt
76.177399,2.081e-17,O2_Holland(1993)_298K_49-103nm.txt
76.182391,2.057e-17,O2_Holland(1993)_298K_49-103nm.txt
76.187378,2.03e-17,O2_Holland(1993)_298K_49-103nm.txt
76.192371,2.023e-17,O2_Holland(1993)_298K_49-103nm.txt
76.197363,1.993e-17,O2_Holland(1993)_298K_49-103nm.txt
76.202362,2.006e-17,O2_Holland(1993)_298K_49-103nm.txt
76.207349,2.011e-17,O2_Holland(1993)_298K_49-103nm.txt
76.212341,2.021e-17,O2_Holland(1993)_298K_49-103nm.txt
76.217334,2.04e-17,O2_Holland(1993)_298K_49-103nm.txt
76.222327,2.077e-17,O2_Holland(1993)_298K_49-103nm.txt
76.227325,2.096e-17,O2_Holland(1993)_298K_49-103nm.txt
76.232312,2.136e-17,O2_Holland(1993)_298K_49-103nm.txt
76.237305,2.176e-17,O2_Holland(1993)_298K_49-103nm.txt
76.242297,2.189e-17,O2_Holland(1993)_298K_49-103nm.txt
76.24729,2.22e-17,O2_Holland(1993)_298K_49-103nm.txt
76.252289,2.232e-17,O2_Holland(1993)_298K_49-103nm.txt
76.257275,2.257e-17,O2_Holland(1993)_298K_49-103nm.txt
76.262268,2.27e-17,O2_Holland(1993)_298K_49-103nm.txt
76.267261,2.272e-17,O2_Holland(1993)_298K_49-103nm.txt
76.272253,2.248e-17,O2_Holland(1993)_298K_49-103nm.txt
76.277252,2.228e-17,O2_Holland(1993)_298K_49-103nm.txt
76.282239,2.194e-17,O2_Holland(1993)_298K_49-103nm.txt
76.287231,2.137e-17,O2_Holland(1993)_298K_49-103nm.txt
76.292224,2.091e-17,O2_Holland(1993)_298K_49-103nm.txt
76.297217,2.058e-17,O2_Holland(1993)_298K_49-103nm.txt
76.302216,2.077e-17,O2_Holland(1993)_298K_49-103nm.txt
76.307202,2.042e-17,O2_Holland(1993)_298K_49-103nm.txt
76.312195,2.051e-17,O2_Holland(1993)_298K_49-103nm.txt
76.317188,2.002e-17,O2_Holland(1993)_298K_49-103nm.txt
76.32218,1.94e-17,O2_Holland(1993)_298K_49-103nm.txt
76.327179,1.896e-17,O2_Holland(1993)_298K_49-103nm.txt
76.332165,1.867e-17,O2_Holland(1993)_298K_49-103nm.txt
76.337158,1.838e-17,O2_Holland(1993)_298K_49-103nm.txt
76.342151,1.791e-17,O2_Holland(1993)_298K_49-103nm.txt
76.347144,1.806e-17,O2_Holland(1993)_298K_49-103nm.txt
76.352142,1.745e-17,O2_Holland(1993)_298K_49-103nm.txt
76.357129,1.746e-17,O2_Holland(1993)_298K_49-103nm.txt
76.362122,1.717e-17,O2_Holland(1993)_298K_49-103nm.txt
76.367114,1.77e-17,O2_Holland(1993)_298K_49-103nm.txt
76.372107,1.762e-17,O2_Holland(1993)_298K_49-103nm.txt
76.377106,1.773e-17,O2_Holland(1993)_298K_49-103nm.txt
76.382092,1.769e-17,O2_Holland(1993)_298K_49-103nm.txt
76.387085,1.776e-17,O2_Holland(1993)_298K_49-103nm.txt
76.392078,1.776e-17,O2_Holland(1993)_298K_49-103nm.txt
76.39707,1.832e-17,O2_Holland(1993)_298K_49-103nm.txt
76.402063,1.819e-17,O2_Holland(1993)_298K_49-103nm.txt
76.407056,1.839e-17,O2_Holland(1993)_298K_49-103nm.txt
76.412048,1.887e-17,O2_Holland(1993)_298K_49-103nm.txt
76.417041,1.908e-17,O2_Holland(1993)_298K_49-103nm.txt
76.422034,1.948e-17,O2_Holland(1993)_298K_49-103nm.txt
76.427026,2.012e-17,O2_Holland(1993)_298K_49-103nm.txt
76.432019,2.034e-17,O2_Holland(1993)_298K_49-103nm.txt
76.437012,2.061e-17,O2_Holland(1993)_298K_49-103nm.txt
76.442004,2.064e-17,O2_Holland(1993)_298K_49-103nm.txt
76.446997,2.1e-17,O2_Holland(1993)_298K_49-103nm.txt
76.45199,2.118e-17,O2_Holland(1993)_298K_49-103nm.txt
76.456982,2.142e-17,O2_Holland(1993)_298K_49-103nm.txt
76.461975,2.214e-17,O2_Holland(1993)_298K_49-103nm.txt
76.466968,2.243e-17,O2_Holland(1993)_298K_49-103nm.txt
76.47196,2.3e-17,O2_Holland(1993)_298K_49-103nm.txt
76.476953,2.294e-17,O2_Holland(1993)_298K_49-103nm.txt
76.481946,2.279e-17,O2_Holland(1993)_298K_49-103nm.txt
76.486938,2.24e-17,O2_Holland(1993)_298K_49-103nm.txt
76.491931,2.24e-17,O2_Holland(1993)_298K_49-103nm.txt
76.496924,2.211e-17,O2_Holland(1993)_298K_49-103nm.txt
76.501917,2.187e-17,O2_Holland(1993)_298K_49-103nm.txt
76.506909,2.194e-17,O2_Holland(1993)_298K_49-103nm.txt
76.511902,2.19e-17,O2_Holland(1993)_298K_49-103nm.txt
76.516895,2.171e-17,O2_Holland(1993)_298K_49-103nm.txt
76.521887,2.181e-17,O2_Holland(1993)_298K_49-103nm.txt
76.52688,2.174e-17,O2_Holland(1993)_298K_49-103nm.txt
76.531873,2.181e-17,O2_Holland(1993)_298K_49-103nm.txt
76.536865,2.216e-17,O2_Holland(1993)_298K_49-103nm.txt
76.541858,2.216e-17,O2_Holland(1993)_298K_49-103nm.txt
76.546851,2.206e-17,O2_Holland(1993)_298K_49-103nm.txt
76.551843,2.21e-17,O2_Holland(1993)_298K_49-103nm.txt
76.556836,2.186e-17,O2_Holland(1993)_298K_49-103nm.txt
76.561829,2.156e-17,O2_Holland(1993)_298K_49-103nm.txt
76.566821,2.106e-17,O2_Holland(1993)_298K_49-103nm.txt
76.571814,2.042e-17,O2_Holland(1993)_298K_49-103nm.txt
76.576807,1.999e-17,O2_Holland(1993)_298K_49-103nm.txt
76.581799,1.981e-17,O2_Holland(1993)_298K_49-103nm.txt
76.586792,1.952e-17,O2_Holland(1993)_298K_49-103nm.txt
76.591785,1.966e-17,O2_Holland(1993)_298K_49-103nm.txt
76.596771,1.968e-17,O2_Holland(1993)_298K_49-103nm.txt
76.60177,1.97e-17,O2_Holland(1993)_298K_49-103nm.txt
76.606763,1.962e-17,O2_Holland(1993)_298K_49-103nm.txt
76.611755,1.987e-17,O2_Holland(1993)_298K_49-103nm.txt
76.616748,2.056e-17,O2_Holland(1993)_298K_49-103nm.txt
76.621735,2.05e-17,O2_Holland(1993)_298K_49-103nm.txt
76.626733,2.05e-17,O2_Holland(1993)_298K_49-103nm.txt
76.631726,2.044e-17,O2_Holland(1993)_298K_49-103nm.txt
76.636719,2.015e-17,O2_Holland(1993)_298K_49-103nm.txt
76.641711,1.971e-17,O2_Holland(1993)_298K_49-103nm.txt
76.646698,1.966e-17,O2_Holland(1993)_298K_49-103nm.txt
76.651697,1.967e-17,O2_Holland(1993)_298K_49-103nm.txt
76.65669,1.959e-17,O2_Holland(1993)_298K_49-103nm.txt
76.661682,1.958e-17,O2_Holland(1993)_298K_49-103nm.txt
76.666675,1.92e-17,O2_Holland(1993)_298K_49-103nm.txt
76.671661,1.925e-17,O2_Holland(1993)_298K_49-103nm.txt
76.67666,1.927e-17,O2_Holland(1993)_298K_49-103nm.txt
76.681653,1.951e-17,O2_Holland(1993)_298K_49-103nm.txt
76.686645,2.006e-17,O2_Holland(1993)_298K_49-103nm.txt
76.691638,2.064e-17,O2_Holland(1993)_298K_49-103nm.txt
76.696625,2.107e-17,O2_Holland(1993)_298K_49-103nm.txt
76.701624,2.097e-17,O2_Holland(1993)_298K_49-103nm.txt
76.706616,2.089e-17,O2_Holland(1993)_298K_49-103nm.txt
76.711609,2.103e-17,O2_Holland(1993)_298K_49-103nm.txt
76.716602,2.085e-17,O2_Holland(1993)_298K_49-103nm.txt
76.721588,2.04e-17,O2_Holland(1993)_298K_49-103nm.txt
76.726587,2.023e-17,O2_Holland(1993)_298K_49-103nm.txt
76.73158,1.958e-17,O2_Holland(1993)_298K_49-103nm.txt
76.736572,1.889e-17,O2_Holland(1993)_298K_49-103nm.txt
76.741565,1.832e-17,O2_Holland(1993)_298K_49-103nm.txt
76.746551,1.746e-17,O2_Holland(1993)_298K_49-103nm.txt
76.75155,1.727e-17,O2_Holland(1993)_298K_49-103nm.txt
76.756543,1.725e-17,O2_Holland(1993)_298K_49-103nm.txt
76.761536,1.709e-17,O2_Holland(1993)_298K_49-103nm.txt
76.766528,1.71e-17,O2_Holland(1993)_298K_49-103nm.txt
76.771515,1.725e-17,O2_Holland(1993)_298K_49-103nm.txt
76.776514,1.812e-17,O2_Holland(1993)_298K_49-103nm.txt
76.781506,1.832e-17,O2_Holland(1993)_298K_49-103nm.txt
76.786499,1.881e-17,O2_Holland(1993)_298K_49-103nm.txt
76.791486,1.913e-17,O2_Holland(1993)_298K_49-103nm.txt
76.796478,1.92e-17,O2_Holland(1993)_298K_49-103nm.txt
76.801477,1.953e-17,O2_Holland(1993)_298K_49-103nm.txt
76.80647,1.985e-17,O2_Holland(1993)_298K_49-103nm.txt
76.811462,2.028e-17,O2_Holland(1993)_298K_49-103nm.txt
76.816449,2.041e-17,O2_Holland(1993)_298K_49-103nm.txt
76.821442,2.086e-17,O2_Holland(1993)_298K_49-103nm.txt
76.82644,2.12e-17,O2_Holland(1993)_298K_49-103nm.txt
76.831433,2.129e-17,O2_Holland(1993)_298K_49-103nm.txt
76.836426,2.106e-17,O2_Holland(1993)_298K_49-103nm.txt
76.841412,2.158e-17,O2_Holland(1993)_298K_49-103nm.txt
76.846405,2.145e-17,O2_Holland(1993)_298K_49-103nm.txt
76.851404,2.142e-17,O2_Holland(1993)_298K_49-103nm.txt
76.856397,2.129e-17,O2_Holland(1993)_298K_49-103nm.txt
76.861389,2.12e-17,O2_Holland(1993)_298K_49-103nm.txt
76.866376,2.053e-17,O2_Holland(1993)_298K_49-103nm.txt
76.871368,2.004e-17,O2_Holland(1993)_298K_49-103nm.txt
76.876367,1.964e-17,O2_Holland(1993)_298K_49-103nm.txt
76.88136,1.962e-17,O2_Holland(1993)_298K_49-103nm.txt
76.886352,1.954e-17,O2_Holland(1993)_298K_49-103nm.txt
76.891339,1.92e-17,O2_Holland(1993)_298K_49-103nm.txt
76.896332,1.869e-17,O2_Holland(1993)_298K_49-103nm.txt
76.901331,1.847e-17,O2_Holland(1993)_298K_49-103nm.txt
76.906323,1.816e-17,O2_Holland(1993)_298K_49-103nm.txt
76.911316,1.814e-17,O2_Holland(1993)_298K_49-103nm.txt
76.916302,1.838e-17,O2_Holland(1993)_298K_49-103nm.txt
76.921295,1.816e-17,O2_Holland(1993)_298K_49-103nm.txt
76.926294,1.817e-17,O2_Holland(1993)_298K_49-103nm.txt
76.931287,1.809e-17,O2_Holland(1993)_298K_49-103nm.txt
76.936279,1.832e-17,O2_Holland(1993)_298K_49-103nm.txt
76.941266,1.81e-17,O2_Holland(1993)_298K_49-103nm.txt
76.946258,1.828e-17,O2_Holland(1993)_298K_49-103nm.txt
76.951257,1.823e-17,O2_Holland(1993)_298K_49-103nm.txt
76.95625,1.809e-17,O2_Holland(1993)_298K_49-103nm.txt
76.961243,1.817e-17,O2_Holland(1993)_298K_49-103nm.txt
76.966229,1.843e-17,O2_Holland(1993)_298K_49-103nm.txt
76.971222,1.837e-17,O2_Holland(1993)_298K_49-103nm.txt
76.976221,1.847e-17,O2_Holland(1993)_298K_49-103nm.txt
76.981213,1.873e-17,O2_Holland(1993)_298K_49-103nm.txt
76.9862,1.9e-17,O2_Holland(1993)_298K_49-103nm.txt
76.991193,1.926e-17,O2_Holland(1993)_298K_49-103nm.txt
76.996185,1.953e-17,O2_Holland(1993)_298K_49-103nm.txt
77.001184,1.979e-17,O2_Holland(1993)_298K_49-103nm.txt
77.006177,2.048e-17,O2_Holland(1993)_298K_49-103nm.txt
77.011163,2.093e-17,O2_Holland(1993)_298K_49-103nm.txt
77.016156,2.139e-17,O2_Holland(1993)_298K_49-103nm.txt
77.021149,2.157e-17,O2_Holland(1993)_298K_49-103nm.txt
77.026148,2.193e-17,O2_Holland(1993)_298K_49-103nm.txt
77.03114,2.231e-17,O2_Holland(1993)_298K_49-103nm.txt
77.036127,2.297e-17,O2_Holland(1993)_298K_49-103nm.txt
77.041119,2.338e-17,O2_Holland(1993)_298K_49-103nm.txt
77.046112,2.349e-17,O2_Holland(1993)_298K_49-103nm.txt
77.051111,2.38e-17,O2_Holland(1993)_298K_49-103nm.txt
77.056103,2.395e-17,O2_Holland(1993)_298K_49-103nm.txt
77.06109,2.394e-17,O2_Holland(1993)_298K_49-103nm.txt
77.066083,2.412e-17,O2_Holland(1993)_298K_49-103nm.txt
77.071075,2.385e-17,O2_Holland(1993)_298K_49-103nm.txt
77.076074,2.374e-17,O2_Holland(1993)_298K_49-103nm.txt
77.081067,2.386e-17,O2_Holland(1993)_298K_49-103nm.txt
77.086054,2.358e-17,O2_Holland(1993)_298K_49-103nm.txt
77.091046,2.385e-17,O2_Holland(1993)_298K_49-103nm.txt
77.096039,2.37e-17,O2_Holland(1993)_298K_49-103nm.txt
77.101038,2.444e-17,O2_Holland(1993)_298K_49-103nm.txt
77.10603,2.424e-17,O2_Holland(1993)_298K_49-103nm.txt
77.111017,2.457e-17,O2_Holland(1993)_298K_49-103nm.txt
77.116009,2.459e-17,O2_Holland(1993)_298K_49-103nm.txt
77.121002,2.469e-17,O2_Holland(1993)_298K_49-103nm.txt
77.126001,2.493e-17,O2_Holland(1993)_298K_49-103nm.txt
77.130994,2.495e-17,O2_Holland(1993)_298K_49-103nm.txt
77.13598,2.461e-17,O2_Holland(1993)_298K_49-103nm.txt
77.140973,2.456e-17,O2_Holland(1993)_298K_49-103nm.txt
77.145966,2.392e-17,O2_Holland(1993)_298K_49-103nm.txt
77.150964,2.382e-17,O2_Holland(1993)_298K_49-103nm.txt
77.155957,2.336e-17,O2_Holland(1993)_298K_49-103nm.txt
77.160944,2.309e-17,O2_Holland(1993)_298K_49-103nm.txt
77.165936,2.354e-17,O2_Holland(1993)_298K_49-103nm.txt
77.170929,2.376e-17,O2_Holland(1993)_298K_49-103nm.txt
77.175928,2.392e-17,O2_Holland(1993)_298K_49-103nm.txt
77.180914,2.431e-17,O2_Holland(1993)_298K_49-103nm.txt
77.185907,2.438e-17,O2_Holland(1993)_298K_49-103nm.txt
77.1909,2.442e-17,O2_Holland(1993)_298K_49-103nm.txt
77.195892,2.434e-17,O2_Holland(1993)_298K_49-103nm.txt
77.200891,2.458e-17,O2_Holland(1993)_298K_49-103nm.txt
77.205878,2.524e-17,O2_Holland(1993)_298K_49-103nm.txt
77.21087,2.534e-17,O2_Holland(1993)_298K_49-103nm.txt
77.215863,2.573e-17,O2_Holland(1993)_298K_49-103nm.txt
77.220856,2.557e-17,O2_Holland(1993)_298K_49-103nm.txt
77.225855,2.531e-17,O2_Holland(1993)_298K_49-103nm.txt
77.230841,2.551e-17,O2_Holland(1993)_298K_49-103nm.txt
77.235834,2.599e-17,O2_Holland(1993)_298K_49-103nm.txt
77.240826,2.635e-17,O2_Holland(1993)_298K_49-103nm.txt
77.245819,2.659e-17,O2_Holland(1993)_298K_49-103nm.txt
77.250818,2.684e-17,O2_Holland(1993)_298K_49-103nm.txt
77.255804,2.697e-17,O2_Holland(1993)_298K_49-103nm.txt
77.260797,2.708e-17,O2_Holland(1993)_298K_49-103nm.txt
77.26579,2.733e-17,O2_Holland(1993)_298K_49-103nm.txt
77.270782,2.744e-17,O2_Holland(1993)_298K_49-103nm.txt
77.275781,2.753e-17,O2_Holland(1993)_298K_49-103nm.txt
77.280768,2.732e-17,O2_Holland(1993)_298K_49-103nm.txt
77.285761,2.698e-17,O2_Holland(1993)_298K_49-103nm.txt
77.290753,2.638e-17,O2_Holland(1993)_298K_49-103nm.txt
77.295746,2.597e-17,O2_Holland(1993)_298K_49-103nm.txt
77.300745,2.55e-17,O2_Holland(1993)_298K_49-103nm.txt
77.305731,2.504e-17,O2_Holland(1993)_298K_49-103nm.txt
77.310724,2.458e-17,O2_Holland(1993)_298K_49-103nm.txt
77.315717,2.423e-17,O2_Holland(1993)_298K_49-103nm.txt
77.320709,2.328e-17,O2_Holland(1993)_298K_49-103nm.txt
77.325708,2.28e-17,O2_Holland(1993)_298K_49-103nm.txt
77.330695,2.193e-17,O2_Holland(1993)_298K_49-103nm.txt
77.335687,2.127e-17,O2_Holland(1993)_298K_49-103nm.txt
77.34068,2.021e-17,O2_Holland(1993)_298K_49-103nm.txt
77.345673,1.984e-17,O2_Holland(1993)_298K_49-103nm.txt
77.350671,1.914e-17,O2_Holland(1993)_298K_49-103nm.txt
77.355658,1.851e-17,O2_Holland(1993)_298K_49-103nm.txt
77.360651,1.783e-17,O2_Holland(1993)_298K_49-103nm.txt
77.365643,1.73e-17,O2_Holland(1993)_298K_49-103nm.txt
77.370636,1.701e-17,O2_Holland(1993)_298K_49-103nm.txt
77.375629,1.675e-17,O2_Holland(1993)_298K_49-103nm.txt
77.380621,1.666e-17,O2_Holland(1993)_298K_49-103nm.txt
77.385614,1.641e-17,O2_Holland(1993)_298K_49-103nm.txt
77.390607,1.594e-17,O2_Holland(1993)_298K_49-103nm.txt
77.395599,1.585e-17,O2_Holland(1993)_298K_49-103nm.txt
77.400592,1.551e-17,O2_Holland(1993)_298K_49-103nm.txt
77.405585,1.517e-17,O2_Holland(1993)_298K_49-103nm.txt
77.410577,1.543e-17,O2_Holland(1993)_298K_49-103nm.txt
77.41557,1.53e-17,O2_Holland(1993)_298K_49-103nm.txt
77.420563,1.533e-17,O2_Holland(1993)_298K_49-103nm.txt
77.425555,1.53e-17,O2_Holland(1993)_298K_49-103nm.txt
77.430548,1.533e-17,O2_Holland(1993)_298K_49-103nm.txt
77.435541,1.492e-17,O2_Holland(1993)_298K_49-103nm.txt
77.440533,1.469e-17,O2_Holland(1993)_298K_49-103nm.txt
77.445526,1.479e-17,O2_Holland(1993)_298K_49-103nm.txt
77.450519,1.488e-17,O2_Holland(1993)_298K_49-103nm.txt
77.455512,1.495e-17,O2_Holland(1993)_298K_49-103nm.txt
77.460504,1.467e-17,O2_Holland(1993)_298K_49-103nm.txt
77.465497,1.472e-17,O2_Holland(1993)_298K_49-103nm.txt
77.470489,1.44e-17,O2_Holland(1993)_298K_49-103nm.txt
77.475482,1.443e-17,O2_Holland(1993)_298K_49-103nm.txt
77.480475,1.434e-17,O2_Holland(1993)_298K_49-103nm.txt
77.485468,1.428e-17,O2_Holland(1993)_298K_49-103nm.txt
77.49046,1.439e-17,O2_Holland(1993)_298K_49-103nm.txt
77.495453,1.44e-17,O2_Holland(1993)_298K_49-103nm.txt
77.500446,1.477e-17,O2_Holland(1993)_298K_49-103nm.txt
77.505438,1.479e-17,O2_Holland(1993)_298K_49-103nm.txt
77.510431,1.499e-17,O2_Holland(1993)_298K_49-103nm.txt
77.515424,1.529e-17,O2_Holland(1993)_298K_49-103nm.txt
77.520416,1.549e-17,O2_Holland(1993)_298K_49-103nm.txt
77.525409,1.593e-17,O2_Holland(1993)_298K_49-103nm.txt
77.530402,1.616e-17,O2_Holland(1993)_298K_49-103nm.txt
77.535394,1.654e-17,O2_Holland(1993)_298K_49-103nm.txt
77.540387,1.685e-17,O2_Holland(1993)_298K_49-103nm.txt
77.54538,1.725e-17,O2_Holland(1993)_298K_49-103nm.txt
77.550372,1.741e-17,O2_Holland(1993)_298K_49-103nm.txt
77.555365,1.725e-17,O2_Holland(1993)_298K_49-103nm.txt
77.560358,1.757e-17,O2_Holland(1993)_298K_49-103nm.txt
77.56535,1.794e-17,O2_Holland(1993)_298K_49-103nm.txt
77.570337,1.765e-17,O2_Holland(1993)_298K_49-103nm.txt
77.575336,1.846e-17,O2_Holland(1993)_298K_49-103nm.txt
77.580328,1.857e-17,O2_Holland(1993)_298K_49-103nm.txt
77.585321,1.869e-17,O2_Holland(1993)_298K_49-103nm.txt
77.590314,1.901e-17,O2_Holland(1993)_298K_49-103nm.txt
77.5953,1.923e-17,O2_Holland(1993)_298K_49-103nm.txt
77.600299,1.934e-17,O2_Holland(1993)_298K_49-103nm.txt
77.605292,1.937e-17,O2_Holland(1993)_298K_49-103nm.txt
77.610284,1.952e-17,O2_Holland(1993)_298K_49-103nm.txt
77.615277,1.968e-17,O2_Holland(1993)_298K_49-103nm.txt
77.620264,1.941e-17,O2_Holland(1993)_298K_49-103nm.txt
77.625262,1.983e-17,O2_Holland(1993)_298K_49-103nm.txt
77.630255,2e-17,O2_Holland(1993)_298K_49-103nm.txt
77.635248,2.056e-17,O2_Holland(1993)_298K_49-103nm.txt
77.640241,2.075e-17,O2_Holland(1993)_298K_49-103nm.txt
77.645227,2.085e-17,O2_Holland(1993)_298K_49-103nm.txt
77.650226,2.095e-17,O2_Holland(1993)_298K_49-103nm.txt
77.655219,2.098e-17,O2_Holland(1993)_298K_49-103nm.txt
77.660211,2.098e-17,O2_Holland(1993)_298K_49-103nm.txt
77.665204,2.106e-17,O2_Holland(1993)_298K_49-103nm.txt
77.67019,2.116e-17,O2_Holland(1993)_298K_49-103nm.txt
77.675189,2.121e-17,O2_Holland(1993)_298K_49-103nm.txt
77.680182,2.122e-17,O2_Holland(1993)_298K_49-103nm.txt
77.685175,2.11e-17,O2_Holland(1993)_298K_49-103nm.txt
77.690167,2.145e-17,O2_Holland(1993)_298K_49-103nm.txt
77.695154,2.183e-17,O2_Holland(1993)_298K_49-103nm.txt
77.700153,2.238e-17,O2_Holland(1993)_298K_49-103nm.txt
77.705145,2.294e-17,O2_Holland(1993)_298K_49-103nm.txt
77.710138,2.337e-17,O2_Holland(1993)_298K_49-103nm.txt
77.715131,2.344e-17,O2_Holland(1993)_298K_49-103nm.txt
77.720117,2.381e-17,O2_Holland(1993)_298K_49-103nm.txt
77.725116,2.406e-17,O2_Holland(1993)_298K_49-103nm.txt
77.730109,2.438e-17,O2_Holland(1993)_298K_49-103nm.txt
77.735101,2.472e-17,O2_Holland(1993)_298K_49-103nm.txt
77.740094,2.524e-17,O2_Holland(1993)_298K_49-103nm.txt
77.745081,2.556e-17,O2_Holland(1993)_298K_49-103nm.txt
77.750079,2.571e-17,O2_Holland(1993)_298K_49-103nm.txt
77.755072,2.675e-17,O2_Holland(1993)_298K_49-103nm.txt
77.760065,2.77e-17,O2_Holland(1993)_298K_49-103nm.txt
77.765051,2.878e-17,O2_Holland(1993)_298K_49-103nm.txt
77.770044,2.953e-17,O2_Holland(1993)_298K_49-103nm.txt
77.775043,3.008e-17,O2_Holland(1993)_298K_49-103nm.txt
77.780035,3.027e-17,O2_Holland(1993)_298K_49-103nm.txt
77.785028,3.014e-17,O2_Holland(1993)_298K_49-103nm.txt
77.790015,2.984e-17,O2_Holland(1993)_298K_49-103nm.txt
77.795007,2.975e-17,O2_Holland(1993)_298K_49-103nm.txt
77.800006,2.928e-17,O2_Holland(1993)_298K_49-103nm.txt
77.804999,2.854e-17,O2_Holland(1993)_298K_49-103nm.txt
77.809992,2.781e-17,O2_Holland(1993)_298K_49-103nm.txt
77.814978,2.699e-17,O2_Holland(1993)_298K_49-103nm.txt
77.819971,2.614e-17,O2_Holland(1993)_298K_49-103nm.txt
77.824969,2.592e-17,O2_Holland(1993)_298K_49-103nm.txt
77.829962,2.525e-17,O2_Holland(1993)_298K_49-103nm.txt
77.834955,2.53e-17,O2_Holland(1993)_298K_49-103nm.txt
77.839941,2.505e-17,O2_Holland(1993)_298K_49-103nm.txt
77.844934,2.505e-17,O2_Holland(1993)_298K_49-103nm.txt
77.849933,2.484e-17,O2_Holland(1993)_298K_49-103nm.txt
77.854926,2.449e-17,O2_Holland(1993)_298K_49-103nm.txt
77.859918,2.477e-17,O2_Holland(1993)_298K_49-103nm.txt
77.864905,2.524e-17,O2_Holland(1993)_298K_49-103nm.txt
77.869898,2.568e-17,O2_Holland(1993)_298K_49-103nm.txt
77.874896,2.587e-17,O2_Holland(1993)_298K_49-103nm.txt
77.879889,2.558e-17,O2_Holland(1993)_298K_49-103nm.txt
77.884882,2.589e-17,O2_Holland(1993)_298K_49-103nm.txt
77.889868,2.571e-17,O2_Holland(1993)_298K_49-103nm.txt
77.894861,2.563e-17,O2_Holland(1993)_298K_49-103nm.txt
77.89986,2.547e-17,O2_Holland(1993)_298K_49-103nm.txt
77.904852,2.595e-17,O2_Holland(1993)_298K_49-103nm.txt
77.909845,2.635e-17,O2_Holland(1993)_298K_49-103nm.txt
77.914832,2.661e-17,O2_Holland(1993)_298K_49-103nm.txt
77.919727,2.736e-17,O2_Holland(1993)_298K_49-103nm.txt
77.924823,2.769e-17,O2_Holland(1993)_298K_49-103nm.txt
77.929816,2.806e-17,O2_Holland(1993)_298K_49-103nm.txt
77.934808,2.848e-17,O2_Holland(1993)_298K_49-103nm.txt
77.939795,2.851e-17,O2_Holland(1993)_298K_49-103nm.txt
77.94469,2.855e-17,O2_Holland(1993)_298K_49-103nm.txt
77.949683,2.854e-17,O2_Holland(1993)_298K_49-103nm.txt
77.954779,2.877e-17,O2_Holland(1993)_298K_49-103nm.txt
77.959766,2.872e-17,O2_Holland(1993)_298K_49-103nm.txt
77.964758,2.841e-17,O2_Holland(1993)_298K_49-103nm.txt
77.969653,2.797e-17,O2_Holland(1993)_298K_49-103nm.txt
77.974646,2.772e-17,O2_Holland(1993)_298K_49-103nm.txt
77.979639,2.753e-17,O2_Holland(1993)_298K_49-103nm.txt
77.984729,2.737e-17,O2_Holland(1993)_298K_49-103nm.txt
77.989722,2.751e-17,O2_Holland(1993)_298K_49-103nm.txt
77.994617,2.759e-17,O2_Holland(1993)_298K_49-103nm.txt
77.999609,2.731e-17,O2_Holland(1993)_298K_49-103nm.txt
78.004602,2.686e-17,O2_Holland(1993)_298K_49-103nm.txt
78.009595,2.58e-17,O2_Holland(1993)_298K_49-103nm.txt
78.014685,2.532e-17,O2_Holland(1993)_298K_49-103nm.txt
78.01958,2.473e-17,O2_Holland(1993)_298K_49-103nm.txt
78.024573,2.421e-17,O2_Holland(1993)_298K_49-103nm.txt
78.029565,2.406e-17,O2_Holland(1993)_298K_49-103nm.txt
78.034558,2.384e-17,O2_Holland(1993)_298K_49-103nm.txt
78.039551,2.358e-17,O2_Holland(1993)_298K_49-103nm.txt
78.044543,2.331e-17,O2_Holland(1993)_298K_49-103nm.txt
78.049536,2.331e-17,O2_Holland(1993)_298K_49-103nm.txt
78.054529,2.321e-17,O2_Holland(1993)_298K_49-103nm.txt
78.059522,2.311e-17,O2_Holland(1993)_298K_49-103nm.txt
78.064514,2.294e-17,O2_Holland(1993)_298K_49-103nm.txt
78.069507,2.223e-17,O2_Holland(1993)_298K_49-103nm.txt
78.0745,2.165e-17,O2_Holland(1993)_298K_49-103nm.txt
78.079492,2.075e-17,O2_Holland(1993)_298K_49-103nm.txt
78.084485,2.047e-17,O2_Holland(1993)_298K_49-103nm.txt
78.089477,1.95e-17,O2_Holland(1993)_298K_49-103nm.txt
78.09447,1.88e-17,O2_Holland(1993)_298K_49-103nm.txt
78.099463,1.847e-17,O2_Holland(1993)_298K_49-103nm.txt
78.104456,1.734e-17,O2_Holland(1993)_298K_49-103nm.txt
78.109448,1.653e-17,O2_Holland(1993)_298K_49-103nm.txt
78.114441,1.598e-17,O2_Holland(1993)_298K_49-103nm.txt
78.119434,1.558e-17,O2_Holland(1993)_298K_49-103nm.txt
78.124426,1.496e-17,O2_Holland(1993)_298K_49-103nm.txt
78.129419,1.466e-17,O2_Holland(1993)_298K_49-103nm.txt
78.134412,1.459e-17,O2_Holland(1993)_298K_49-103nm.txt
78.139404,1.493e-17,O2_Holland(1993)_298K_49-103nm.txt
78.144397,1.496e-17,O2_Holland(1993)_298K_49-103nm.txt
78.14939,1.528e-17,O2_Holland(1993)_298K_49-103nm.txt
78.154382,1.515e-17,O2_Holland(1993)_298K_49-103nm.txt
78.159375,1.545e-17,O2_Holland(1993)_298K_49-103nm.txt
78.164368,1.587e-17,O2_Holland(1993)_298K_49-103nm.txt
78.16936,1.606e-17,O2_Holland(1993)_298K_49-103nm.txt
78.174353,1.6e-17,O2_Holland(1993)_298K_49-103nm.txt
78.17934,1.614e-17,O2_Holland(1993)_298K_49-103nm.txt
78.184338,1.632e-17,O2_Holland(1993)_298K_49-103nm.txt
78.189331,1.663e-17,O2_Holland(1993)_298K_49-103nm.txt
78.194324,1.695e-17,O2_Holland(1993)_298K_49-103nm.txt
78.199316,1.754e-17,O2_Holland(1993)_298K_49-103nm.txt
78.204303,1.8e-17,O2_Holland(1993)_298K_49-103nm.txt
78.209302,1.847e-17,O2_Holland(1993)_298K_49-103nm.txt
78.214294,1.873e-17,O2_Holland(1993)_298K_49-103nm.txt
78.219287,1.898e-17,O2_Holland(1993)_298K_49-103nm.txt
78.22428,1.923e-17,O2_Holland(1993)_298K_49-103nm.txt
78.229266,1.952e-17,O2_Holland(1993)_298K_49-103nm.txt
78.234265,2.005e-17,O2_Holland(1993)_298K_49-103nm.txt
78.239258,2.035e-17,O2_Holland(1993)_298K_49-103nm.txt
78.24425,2.048e-17,O2_Holland(1993)_298K_49-103nm.txt
78.249243,2.066e-17,O2_Holland(1993)_298K_49-103nm.txt
78.25423,2.093e-17,O2_Holland(1993)_298K_49-103nm.txt
78.259228,2.1e-17,O2_Holland(1993)_298K_49-103nm.txt
78.264221,2.118e-17,O2_Holland(1993)_298K_49-103nm.txt
78.269214,2.106e-17,O2_Holland(1993)_298K_49-103nm.txt
78.274207,2.133e-17,O2_Holland(1993)_298K_49-103nm.txt
78.279193,2.123e-17,O2_Holland(1993)_298K_49-103nm.txt
78.284192,2.124e-17,O2_Holland(1993)_298K_49-103nm.txt
78.289185,2.101e-17,O2_Holland(1993)_298K_49-103nm.txt
78.294177,2.096e-17,O2_Holland(1993)_298K_49-103nm.txt
78.29917,2.087e-17,O2_Holland(1993)_298K_49-103nm.txt
78.304156,2.072e-17,O2_Holland(1993)_298K_49-103nm.txt
78.309155,2.094e-17,O2_Holland(1993)_298K_49-103nm.txt
78.314148,2.11e-17,O2_Holland(1993)_298K_49-103nm.txt
78.319141,2.132e-17,O2_Holland(1993)_298K_49-103nm.txt
78.324133,2.141e-17,O2_Holland(1993)_298K_49-103nm.txt
78.32912,2.206e-17,O2_Holland(1993)_298K_49-103nm.txt
78.334119,2.228e-17,O2_Holland(1993)_298K_49-103nm.txt
78.339111,2.272e-17,O2_Holland(1993)_298K_49-103nm.txt
78.344104,2.272e-17,O2_Holland(1993)_298K_49-103nm.txt
78.349097,2.308e-17,O2_Holland(1993)_298K_49-103nm.txt
78.354083,2.364e-17,O2_Holland(1993)_298K_49-103nm.txt
78.359082,2.406e-17,O2_Holland(1993)_298K_49-103nm.txt
78.364075,2.468e-17,O2_Holland(1993)_298K_49-103nm.txt
78.369067,2.517e-17,O2_Holland(1993)_298K_49-103nm.txt
78.374054,2.535e-17,O2_Holland(1993)_298K_49-103nm.txt
78.379047,2.539e-17,O2_Holland(1993)_298K_49-103nm.txt
78.384045,2.582e-17,O2_Holland(1993)_298K_49-103nm.txt
78.389038,2.595e-17,O2_Holland(1993)_298K_49-103nm.txt
78.394031,2.626e-17,O2_Holland(1993)_298K_49-103nm.txt
78.399017,2.652e-17,O2_Holland(1993)_298K_49-103nm.txt
78.40401,2.652e-17,O2_Holland(1993)_298K_49-103nm.txt
78.409009,2.661e-17,O2_Holland(1993)_298K_49-103nm.txt
78.414001,2.667e-17,O2_Holland(1993)_298K_49-103nm.txt
78.418994,2.655e-17,O2_Holland(1993)_298K_49-103nm.txt
78.423981,2.651e-17,O2_Holland(1993)_298K_49-103nm.txt
78.428973,2.632e-17,O2_Holland(1993)_298K_49-103nm.txt
78.433972,2.634e-17,O2_Holland(1993)_298K_49-103nm.txt
78.438965,2.644e-17,O2_Holland(1993)_298K_49-103nm.txt
78.443957,2.619e-17,O2_Holland(1993)_298K_49-103nm.txt
78.448944,2.588e-17,O2_Holland(1993)_298K_49-103nm.txt
78.453937,2.555e-17,O2_Holland(1993)_298K_49-103nm.txt
78.458935,2.516e-17,O2_Holland(1993)_298K_49-103nm.txt
78.463928,2.486e-17,O2_Holland(1993)_298K_49-103nm.txt
78.468921,2.416e-17,O2_Holland(1993)_298K_49-103nm.txt
78.473907,2.418e-17,O2_Holland(1993)_298K_49-103nm.txt
78.4789,2.4e-17,O2_Holland(1993)_298K_49-103nm.txt
78.483899,2.386e-17,O2_Holland(1993)_298K_49-103nm.txt
78.488892,2.374e-17,O2_Holland(1993)_298K_49-103nm.txt
78.493884,2.426e-17,O2_Holland(1993)_298K_49-103nm.txt
78.498871,2.384e-17,O2_Holland(1993)_298K_49-103nm.txt
78.503864,2.45e-17,O2_Holland(1993)_298K_49-103nm.txt
78.508862,2.494e-17,O2_Holland(1993)_298K_49-103nm.txt
78.513855,2.56e-17,O2_Holland(1993)_298K_49-103nm.txt
78.518848,2.589e-17,O2_Holland(1993)_298K_49-103nm.txt
78.523834,2.63e-17,O2_Holland(1993)_298K_49-103nm.txt
78.528827,2.699e-17,O2_Holland(1993)_298K_49-103nm.txt
78.533826,2.677e-17,O2_Holland(1993)_298K_49-103nm.txt
78.538818,2.68e-17,O2_Holland(1993)_298K_49-103nm.txt
78.543811,2.67e-17,O2_Holland(1993)_298K_49-103nm.txt
78.548798,2.682e-17,O2_Holland(1993)_298K_49-103nm.txt
78.55379,2.67e-17,O2_Holland(1993)_298K_49-103nm.txt
78.558789,2.669e-17,O2_Holland(1993)_298K_49-103nm.txt
78.563782,2.642e-17,O2_Holland(1993)_298K_49-103nm.txt
78.568768,2.601e-17,O2_Holland(1993)_298K_49-103nm.txt
78.573761,2.612e-17,O2_Holland(1993)_298K_49-103nm.txt
78.578754,2.615e-17,O2_Holland(1993)_298K_49-103nm.txt
78.583752,2.626e-17,O2_Holland(1993)_298K_49-103nm.txt
78.588745,2.658e-17,O2_Holland(1993)_298K_49-103nm.txt
78.593732,2.653e-17,O2_Holland(1993)_298K_49-103nm.txt
78.598724,2.648e-17,O2_Holland(1993)_298K_49-103nm.txt
78.603717,2.609e-17,O2_Holland(1993)_298K_49-103nm.txt
78.608716,2.566e-17,O2_Holland(1993)_298K_49-103nm.txt
78.613708,2.516e-17,O2_Holland(1993)_298K_49-103nm.txt
78.618695,2.488e-17,O2_Holland(1993)_298K_49-103nm.txt
78.623688,2.43e-17,O2_Holland(1993)_298K_49-103nm.txt
78.62868,2.334e-17,O2_Holland(1993)_298K_49-103nm.txt
78.633679,2.278e-17,O2_Holland(1993)_298K_49-103nm.txt
78.638672,2.222e-17,O2_Holland(1993)_298K_49-103nm.txt
78.643658,2.168e-17,O2_Holland(1993)_298K_49-103nm.txt
78.648651,2.161e-17,O2_Holland(1993)_298K_49-103nm.txt
78.653644,2.162e-17,O2_Holland(1993)_298K_49-103nm.txt
78.658643,2.153e-17,O2_Holland(1993)_298K_49-103nm.txt
78.663635,2.159e-17,O2_Holland(1993)_298K_49-103nm.txt
78.668622,2.235e-17,O2_Holland(1993)_298K_49-103nm.txt
78.673614,2.291e-17,O2_Holland(1993)_298K_49-103nm.txt
78.678607,2.392e-17,O2_Holland(1993)_298K_49-103nm.txt
78.683606,2.456e-17,O2_Holland(1993)_298K_49-103nm.txt
78.688599,2.533e-17,O2_Holland(1993)_298K_49-103nm.txt
78.693585,2.609e-17,O2_Holland(1993)_298K_49-103nm.txt
78.698578,2.637e-17,O2_Holland(1993)_298K_49-103nm.txt
78.703571,2.647e-17,O2_Holland(1993)_298K_49-103nm.txt
78.708569,2.699e-17,O2_Holland(1993)_298K_49-103nm.txt
78.713562,2.706e-17,O2_Holland(1993)_298K_49-103nm.txt
78.718549,2.695e-17,O2_Holland(1993)_298K_49-103nm.txt
78.723541,2.653e-17,O2_Holland(1993)_298K_49-103nm.txt
78.728534,2.614e-17,O2_Holland(1993)_298K_49-103nm.txt
78.733533,2.565e-17,O2_Holland(1993)_298K_49-103nm.txt
78.738525,2.506e-17,O2_Holland(1993)_298K_49-103nm.txt
78.743512,2.501e-17,O2_Holland(1993)_298K_49-103nm.txt
78.748505,2.475e-17,O2_Holland(1993)_298K_49-103nm.txt
78.753497,2.481e-17,O2_Holland(1993)_298K_49-103nm.txt
78.758496,2.469e-17,O2_Holland(1993)_298K_49-103nm.txt
78.763489,2.459e-17,O2_Holland(1993)_298K_49-103nm.txt
78.768475,2.453e-17,O2_Holland(1993)_298K_49-103nm.txt
78.773468,2.435e-17,O2_Holland(1993)_298K_49-103nm.txt
78.778461,2.409e-17,O2_Holland(1993)_298K_49-103nm.txt
78.78346,2.419e-17,O2_Holland(1993)_298K_49-103nm.txt
78.788446,2.39e-17,O2_Holland(1993)_298K_49-103nm.txt
78.793439,2.407e-17,O2_Holland(1993)_298K_49-103nm.txt
78.798431,2.458e-17,O2_Holland(1993)_298K_49-103nm.txt
78.803424,2.513e-17,O2_Holland(1993)_298K_49-103nm.txt
78.808423,2.563e-17,O2_Holland(1993)_298K_49-103nm.txt
78.813409,2.59e-17,O2_Holland(1993)_298K_49-103nm.txt
78.818402,2.613e-17,O2_Holland(1993)_298K_49-103nm.txt
78.823395,2.601e-17,O2_Holland(1993)_298K_49-103nm.txt
78.828387,2.608e-17,O2_Holland(1993)_298K_49-103nm.txt
78.833386,2.616e-17,O2_Holland(1993)_298K_49-103nm.txt
78.838373,2.659e-17,O2_Holland(1993)_298K_49-103nm.txt
78.843366,2.746e-17,O2_Holland(1993)_298K_49-103nm.txt
78.848358,2.784e-17,O2_Holland(1993)_298K_49-103nm.txt
78.853351,2.774e-17,O2_Holland(1993)_298K_49-103nm.txt
78.85835,2.759e-17,O2_Holland(1993)_298K_49-103nm.txt
78.863336,2.762e-17,O2_Holland(1993)_298K_49-103nm.txt
78.868329,2.759e-17,O2_Holland(1993)_298K_49-103nm.txt
78.873321,2.727e-17,O2_Holland(1993)_298K_49-103nm.txt
78.878314,2.729e-17,O2_Holland(1993)_298K_49-103nm.txt
78.883313,2.741e-17,O2_Holland(1993)_298K_49-103nm.txt
78.8883,2.755e-17,O2_Holland(1993)_298K_49-103nm.txt
78.893292,2.752e-17,O2_Holland(1993)_298K_49-103nm.txt
78.898285,2.742e-17,O2_Holland(1993)_298K_49-103nm.txt
78.903278,2.741e-17,O2_Holland(1993)_298K_49-103nm.txt
78.908276,2.75e-17,O2_Holland(1993)_298K_49-103nm.txt
78.913263,2.735e-17,O2_Holland(1993)_298K_49-103nm.txt
78.918256,2.79e-17,O2_Holland(1993)_298K_49-103nm.txt
78.923248,2.806e-17,O2_Holland(1993)_298K_49-103nm.txt
78.928241,2.842e-17,O2_Holland(1993)_298K_49-103nm.txt
78.93324,2.877e-17,O2_Holland(1993)_298K_49-103nm.txt
78.938226,2.899e-17,O2_Holland(1993)_298K_49-103nm.txt
78.943219,2.881e-17,O2_Holland(1993)_298K_49-103nm.txt
78.948212,2.888e-17,O2_Holland(1993)_298K_49-103nm.txt
78.953204,2.85e-17,O2_Holland(1993)_298K_49-103nm.txt
78.958203,2.862e-17,O2_Holland(1993)_298K_49-103nm.txt
78.96319,2.836e-17,O2_Holland(1993)_298K_49-103nm.txt
78.968182,2.874e-17,O2_Holland(1993)_298K_49-103nm.txt
78.973175,2.862e-17,O2_Holland(1993)_298K_49-103nm.txt
78.978168,2.849e-17,O2_Holland(1993)_298K_49-103nm.txt
78.98316,2.848e-17,O2_Holland(1993)_298K_49-103nm.txt
78.988153,2.821e-17,O2_Holland(1993)_298K_49-103nm.txt
78.993146,2.805e-17,O2_Holland(1993)_298K_49-103nm.txt
78.998138,2.784e-17,O2_Holland(1993)_298K_49-103nm.txt
79.003131,2.772e-17,O2_Holland(1993)_298K_49-103nm.txt
79.008124,2.721e-17,O2_Holland(1993)_298K_49-103nm.txt
79.013117,2.694e-17,O2_Holland(1993)_298K_49-103nm.txt
79.018109,2.675e-17,O2_Holland(1993)_298K_49-103nm.txt
79.023102,2.652e-17,O2_Holland(1993)_298K_49-103nm.txt
79.028094,2.62e-17,O2_Holland(1993)_298K_49-103nm.txt
79.033087,2.631e-17,O2_Holland(1993)_298K_49-103nm.txt
79.03808,2.663e-17,O2_Holland(1993)_298K_49-103nm.txt
79.043073,2.636e-17,O2_Holland(1993)_298K_49-103nm.txt
79.048065,2.651e-17,O2_Holland(1993)_298K_49-103nm.txt
79.053058,2.615e-17,O2_Holland(1993)_298K_49-103nm.txt
79.058051,2.612e-17,O2_Holland(1993)_298K_49-103nm.txt
79.063043,2.567e-17,O2_Holland(1993)_298K_49-103nm.txt
79.068036,2.513e-17,O2_Holland(1993)_298K_49-103nm.txt
79.073029,2.446e-17,O2_Holland(1993)_298K_49-103nm.txt
79.078021,2.381e-17,O2_Holland(1993)_298K_49-103nm.txt
79.083014,2.351e-17,O2_Holland(1993)_298K_49-103nm.txt
79.088007,2.291e-17,O2_Holland(1993)_298K_49-103nm.txt
79.092999,2.233e-17,O2_Holland(1993)_298K_49-103nm.txt
79.097992,2.228e-17,O2_Holland(1993)_298K_49-103nm.txt
79.102985,2.205e-17,O2_Holland(1993)_298K_49-103nm.txt
79.107977,2.219e-17,O2_Holland(1993)_298K_49-103nm.txt
79.11297,2.206e-17,O2_Holland(1993)_298K_49-103nm.txt
79.117963,2.247e-17,O2_Holland(1993)_298K_49-103nm.txt
79.122955,2.272e-17,O2_Holland(1993)_298K_49-103nm.txt
79.127948,2.253e-17,O2_Holland(1993)_298K_49-103nm.txt
79.132941,2.306e-17,O2_Holland(1993)_298K_49-103nm.txt
79.137933,2.323e-17,O2_Holland(1993)_298K_49-103nm.txt
79.142926,2.375e-17,O2_Holland(1993)_298K_49-103nm.txt
79.147919,2.407e-17,O2_Holland(1993)_298K_49-103nm.txt
79.152911,2.505e-17,O2_Holland(1993)_298K_49-103nm.txt
79.157904,2.566e-17,O2_Holland(1993)_298K_49-103nm.txt
79.162897,2.605e-17,O2_Holland(1993)_298K_49-103nm.txt
79.167889,2.663e-17,O2_Holland(1993)_298K_49-103nm.txt
79.172882,2.706e-17,O2_Holland(1993)_298K_49-103nm.txt
79.177869,2.728e-17,O2_Holland(1993)_298K_49-103nm.txt
79.182867,2.772e-17,O2_Holland(1993)_298K_49-103nm.txt
79.18786,2.809e-17,O2_Holland(1993)_298K_49-103nm.txt
79.192853,2.853e-17,O2_Holland(1993)_298K_49-103nm.txt
79.197846,2.888e-17,O2_Holland(1993)_298K_49-103nm.txt
79.202832,2.881e-17,O2_Holland(1993)_298K_49-103nm.txt
79.207831,2.897e-17,O2_Holland(1993)_298K_49-103nm.txt
79.212824,2.857e-17,O2_Holland(1993)_298K_49-103nm.txt
79.217816,2.86e-17,O2_Holland(1993)_298K_49-103nm.txt
79.222809,2.885e-17,O2_Holland(1993)_298K_49-103nm.txt
79.227795,2.851e-17,O2_Holland(1993)_298K_49-103nm.txt
79.232794,2.843e-17,O2_Holland(1993)_298K_49-103nm.txt
79.237787,2.736e-17,O2_Holland(1993)_298K_49-103nm.txt
79.242779,2.706e-17,O2_Holland(1993)_298K_49-103nm.txt
79.247772,2.637e-17,O2_Holland(1993)_298K_49-103nm.txt
79.252759,2.608e-17,O2_Holland(1993)_298K_49-103nm.txt
79.257758,2.572e-17,O2_Holland(1993)_298K_49-103nm.txt
79.26275,2.534e-17,O2_Holland(1993)_298K_49-103nm.txt
79.267743,2.525e-17,O2_Holland(1993)_298K_49-103nm.txt
79.272736,2.483e-17,O2_Holland(1993)_298K_49-103nm.txt
79.277722,2.451e-17,O2_Holland(1993)_298K_49-103nm.txt
79.282721,2.459e-17,O2_Holland(1993)_298K_49-103nm.txt
79.287714,2.417e-17,O2_Holland(1993)_298K_49-103nm.txt
79.292706,2.424e-17,O2_Holland(1993)_298K_49-103nm.txt
79.297699,2.446e-17,O2_Holland(1993)_298K_49-103nm.txt
79.302685,2.528e-17,O2_Holland(1993)_298K_49-103nm.txt
79.307684,2.574e-17,O2_Holland(1993)_298K_49-103nm.txt
79.312677,2.667e-17,O2_Holland(1993)_298K_49-103nm.txt
79.31767,2.779e-17,O2_Holland(1993)_298K_49-103nm.txt
79.322662,2.863e-17,O2_Holland(1993)_298K_49-103nm.txt
79.327649,2.925e-17,O2_Holland(1993)_298K_49-103nm.txt
79.332648,2.987e-17,O2_Holland(1993)_298K_49-103nm.txt
79.33764,3.053e-17,O2_Holland(1993)_298K_49-103nm.txt
79.342633,3.124e-17,O2_Holland(1993)_298K_49-103nm.txt
79.347626,3.159e-17,O2_Holland(1993)_298K_49-103nm.txt
79.352612,3.253e-17,O2_Holland(1993)_298K_49-103nm.txt
79.357611,3.371e-17,O2_Holland(1993)_298K_49-103nm.txt
79.362604,3.392e-17,O2_Holland(1993)_298K_49-103nm.txt
79.367596,3.392e-17,O2_Holland(1993)_298K_49-103nm.txt
79.372583,3.336e-17,O2_Holland(1993)_298K_49-103nm.txt
79.377576,3.313e-17,O2_Holland(1993)_298K_49-103nm.txt
79.382574,3.237e-17,O2_Holland(1993)_298K_49-103nm.txt
79.387567,3.153e-17,O2_Holland(1993)_298K_49-103nm.txt
79.39256,3.102e-17,O2_Holland(1993)_298K_49-103nm.txt
79.397546,3.095e-17,O2_Holland(1993)_298K_49-103nm.txt
79.402539,3.066e-17,O2_Holland(1993)_298K_49-103nm.txt
79.407538,3.012e-17,O2_Holland(1993)_298K_49-103nm.txt
79.412531,2.98e-17,O2_Holland(1993)_298K_49-103nm.txt
79.417523,2.97e-17,O2_Holland(1993)_298K_49-103nm.txt
79.42251,2.946e-17,O2_Holland(1993)_298K_49-103nm.txt
79.427502,2.939e-17,O2_Holland(1993)_298K_49-103nm.txt
79.432501,2.914e-17,O2_Holland(1993)_298K_49-103nm.txt
79.437494,2.87e-17,O2_Holland(1993)_298K_49-103nm.txt
79.442487,2.821e-17,O2_Holland(1993)_298K_49-103nm.txt
79.447473,2.818e-17,O2_Holland(1993)_298K_49-103nm.txt
79.452466,2.803e-17,O2_Holland(1993)_298K_49-103nm.txt
79.457465,2.764e-17,O2_Holland(1993)_298K_49-103nm.txt
79.462457,2.778e-17,O2_Holland(1993)_298K_49-103nm.txt
79.46745,2.771e-17,O2_Holland(1993)_298K_49-103nm.txt
79.472437,2.734e-17,O2_Holland(1993)_298K_49-103nm.txt
79.477429,2.668e-17,O2_Holland(1993)_298K_49-103nm.txt
79.482428,2.635e-17,O2_Holland(1993)_298K_49-103nm.txt
79.487421,2.611e-17,O2_Holland(1993)_298K_49-103nm.txt
79.492413,2.605e-17,O2_Holland(1993)_298K_49-103nm.txt
79.4974,2.584e-17,O2_Holland(1993)_298K_49-103nm.txt
79.502393,2.532e-17,O2_Holland(1993)_298K_49-103nm.txt
79.507391,2.503e-17,O2_Holland(1993)_298K_49-103nm.txt
79.512384,2.469e-17,O2_Holland(1993)_298K_49-103nm.txt
79.517377,2.419e-17,O2_Holland(1993)_298K_49-103nm.txt
79.522363,2.38e-17,O2_Holland(1993)_298K_49-103nm.txt
79.527356,2.353e-17,O2_Holland(1993)_298K_49-103nm.txt
79.532355,2.341e-17,O2_Holland(1993)_298K_49-103nm.txt
79.537347,2.388e-17,O2_Holland(1993)_298K_49-103nm.txt
79.54234,2.385e-17,O2_Holland(1993)_298K_49-103nm.txt
79.547327,2.383e-17,O2_Holland(1993)_298K_49-103nm.txt
79.552319,2.359e-17,O2_Holland(1993)_298K_49-103nm.txt
79.557318,2.404e-17,O2_Holland(1993)_298K_49-103nm.txt
79.562311,2.395e-17,O2_Holland(1993)_298K_49-103nm.txt
79.567297,2.435e-17,O2_Holland(1993)_298K_49-103nm.txt
79.57229,2.378e-17,O2_Holland(1993)_298K_49-103nm.txt
79.577283,2.39e-17,O2_Holland(1993)_298K_49-103nm.txt
79.582281,2.405e-17,O2_Holland(1993)_298K_49-103nm.txt
79.587274,2.351e-17,O2_Holland(1993)_298K_49-103nm.txt
79.592261,2.348e-17,O2_Holland(1993)_298K_49-103nm.txt
79.597253,2.332e-17,O2_Holland(1993)_298K_49-103nm.txt
79.602246,2.27e-17,O2_Holland(1993)_298K_49-103nm.txt
79.607245,2.258e-17,O2_Holland(1993)_298K_49-103nm.txt
79.612238,2.235e-17,O2_Holland(1993)_298K_49-103nm.txt
79.617224,2.211e-17,O2_Holland(1993)_298K_49-103nm.txt
79.622217,2.241e-17,O2_Holland(1993)_298K_49-103nm.txt
79.62721,2.248e-17,O2_Holland(1993)_298K_49-103nm.txt
79.632208,2.321e-17,O2_Holland(1993)_298K_49-103nm.txt
79.637201,2.375e-17,O2_Holland(1993)_298K_49-103nm.txt
79.642188,2.471e-17,O2_Holland(1993)_298K_49-103nm.txt
79.64718,2.585e-17,O2_Holland(1993)_298K_49-103nm.txt
79.652173,2.662e-17,O2_Holland(1993)_298K_49-103nm.txt
79.657172,2.727e-17,O2_Holland(1993)_298K_49-103nm.txt
79.662164,2.771e-17,O2_Holland(1993)_298K_49-103nm.txt
79.667151,2.834e-17,O2_Holland(1993)_298K_49-103nm.txt
79.672144,2.831e-17,O2_Holland(1993)_298K_49-103nm.txt
79.677136,2.889e-17,O2_Holland(1993)_298K_49-103nm.txt
79.682135,2.908e-17,O2_Holland(1993)_298K_49-103nm.txt
79.687128,2.945e-17,O2_Holland(1993)_298K_49-103nm.txt
79.692114,2.939e-17,O2_Holland(1993)_298K_49-103nm.txt
79.697107,2.907e-17,O2_Holland(1993)_298K_49-103nm.txt
79.7021,2.881e-17,O2_Holland(1993)_298K_49-103nm.txt
79.707098,2.912e-17,O2_Holland(1993)_298K_49-103nm.txt
79.712091,2.938e-17,O2_Holland(1993)_298K_49-103nm.txt
79.717078,2.987e-17,O2_Holland(1993)_298K_49-103nm.txt
79.72207,3.106e-17,O2_Holland(1993)_298K_49-103nm.txt
79.727063,3.216e-17,O2_Holland(1993)_298K_49-103nm.txt
79.732062,3.285e-17,O2_Holland(1993)_298K_49-103nm.txt
79.737054,3.342e-17,O2_Holland(1993)_298K_49-103nm.txt
79.742041,3.362e-17,O2_Holland(1993)_298K_49-103nm.txt
79.747034,3.331e-17,O2_Holland(1993)_298K_49-103nm.txt
79.752026,3.302e-17,O2_Holland(1993)_298K_49-103nm.txt
79.757025,3.231e-17,O2_Holland(1993)_298K_49-103nm.txt
79.762012,3.168e-17,O2_Holland(1993)_298K_49-103nm.txt
79.767004,3.057e-17,O2_Holland(1993)_298K_49-103nm.txt
79.771997,2.96e-17,O2_Holland(1993)_298K_49-103nm.txt
79.77699,2.887e-17,O2_Holland(1993)_298K_49-103nm.txt
79.781989,2.799e-17,O2_Holland(1993)_298K_49-103nm.txt
79.786975,2.737e-17,O2_Holland(1993)_298K_49-103nm.txt
79.791968,2.704e-17,O2_Holland(1993)_298K_49-103nm.txt
79.79696,2.714e-17,O2_Holland(1993)_298K_49-103nm.txt
79.801953,2.702e-17,O2_Holland(1993)_298K_49-103nm.txt
79.806952,2.743e-17,O2_Holland(1993)_298K_49-103nm.txt
79.811938,2.761e-17,O2_Holland(1993)_298K_49-103nm.txt
79.816931,2.83e-17,O2_Holland(1993)_298K_49-103nm.txt
79.821924,2.955e-17,O2_Holland(1993)_298K_49-103nm.txt
79.826917,3.045e-17,O2_Holland(1993)_298K_49-103nm.txt
79.831915,3.136e-17,O2_Holland(1993)_298K_49-103nm.txt
79.836902,3.197e-17,O2_Holland(1993)_298K_49-103nm.txt
79.841895,3.281e-17,O2_Holland(1993)_298K_49-103nm.txt
79.846887,3.313e-17,O2_Holland(1993)_298K_49-103nm.txt
79.85188,3.366e-17,O2_Holland(1993)_298K_49-103nm.txt
79.856879,3.414e-17,O2_Holland(1993)_298K_49-103nm.txt
79.861865,3.505e-17,O2_Holland(1993)_298K_49-103nm.txt
79.866858,3.539e-17,O2_Holland(1993)_298K_49-103nm.txt
79.871851,3.606e-17,O2_Holland(1993)_298K_49-103nm.txt
79.876843,3.719e-17,O2_Holland(1993)_298K_49-103nm.txt
79.881842,3.833e-17,O2_Holland(1993)_298K_49-103nm.txt
79.886829,3.962e-17,O2_Holland(1993)_298K_49-103nm.txt
79.891821,4.05e-17,O2_Holland(1993)_298K_49-103nm.txt
79.896814,4.085e-17,O2_Holland(1993)_298K_49-103nm.txt
79.901807,4.053e-17,O2_Holland(1993)_298K_49-103nm.txt
79.906805,4.005e-17,O2_Holland(1993)_298K_49-103nm.txt
79.911792,3.928e-17,O2_Holland(1993)_298K_49-103nm.txt
79.916785,3.902e-17,O2_Holland(1993)_298K_49-103nm.txt
79.921777,3.839e-17,O2_Holland(1993)_298K_49-103nm.txt
79.92677,3.781e-17,O2_Holland(1993)_298K_49-103nm.txt
79.931769,3.717e-17,O2_Holland(1993)_298K_49-103nm.txt
79.936755,3.704e-17,O2_Holland(1993)_298K_49-103nm.txt
79.941748,3.667e-17,O2_Holland(1993)_298K_49-103nm.txt
79.946741,3.666e-17,O2_Holland(1993)_298K_49-103nm.txt
79.951733,3.643e-17,O2_Holland(1993)_298K_49-103nm.txt
79.956726,3.583e-17,O2_Holland(1993)_298K_49-103nm.txt
79.961719,3.611e-17,O2_Holland(1993)_298K_49-103nm.txt
79.966711,3.559e-17,O2_Holland(1993)_298K_49-103nm.txt
79.971704,3.535e-17,O2_Holland(1993)_298K_49-103nm.txt
79.976697,3.52e-17,O2_Holland(1993)_298K_49-103nm.txt
79.98169,3.455e-17,O2_Holland(1993)_298K_49-103nm.txt
79.986682,3.454e-17,O2_Holland(1993)_298K_49-103nm.txt
79.991675,3.41e-17,O2_Holland(1993)_298K_49-103nm.txt
79.996668,3.38e-17,O2_Holland(1993)_298K_49-103nm.txt
80.00166,3.318e-17,O2_Holland(1993)_298K_49-103nm.txt
80.006653,3.287e-17,O2_Holland(1993)_298K_49-103nm.txt
80.011645,3.234e-17,O2_Holland(1993)_298K_49-103nm.txt
80.016638,3.215e-17,O2_Holland(1993)_298K_49-103nm.txt
80.021631,3.142e-17,O2_Holland(1993)_298K_49-103nm.txt
80.026624,3.154e-17,O2_Holland(1993)_298K_49-103nm.txt
80.031616,3.112e-17,O2_Holland(1993)_298K_49-103nm.txt
80.036609,3.104e-17,O2_Holland(1993)_298K_49-103nm.txt
80.041602,3.088e-17,O2_Holland(1993)_298K_49-103nm.txt
80.046594,3.099e-17,O2_Holland(1993)_298K_49-103nm.txt
80.051587,3.071e-17,O2_Holland(1993)_298K_49-103nm.txt
80.05658,3.037e-17,O2_Holland(1993)_298K_49-103nm.txt
80.061572,3.002e-17,O2_Holland(1993)_298K_49-103nm.txt
80.066565,2.982e-17,O2_Holland(1993)_298K_49-103nm.txt
80.071558,2.976e-17,O2_Holland(1993)_298K_49-103nm.txt
80.07655,2.986e-17,O2_Holland(1993)_298K_49-103nm.txt
80.081543,2.988e-17,O2_Holland(1993)_298K_49-103nm.txt
80.086536,3.028e-17,O2_Holland(1993)_298K_49-103nm.txt
80.091528,2.989e-17,O2_Holland(1993)_298K_49-103nm.txt
80.096521,2.941e-17,O2_Holland(1993)_298K_49-103nm.txt
80.101416,2.917e-17,O2_Holland(1993)_298K_49-103nm.txt
80.106506,2.873e-17,O2_Holland(1993)_298K_49-103nm.txt
80.111499,2.809e-17,O2_Holland(1993)_298K_49-103nm.txt
80.116492,2.798e-17,O2_Holland(1993)_298K_49-103nm.txt
80.121484,2.784e-17,O2_Holland(1993)_298K_49-103nm.txt
80.126379,2.783e-17,O2_Holland(1993)_298K_49-103nm.txt
80.131366,2.788e-17,O2_Holland(1993)_298K_49-103nm.txt
80.136359,2.787e-17,O2_Holland(1993)_298K_49-103nm.txt
80.141455,2.823e-17,O2_Holland(1993)_298K_49-103nm.txt
80.146448,2.852e-17,O2_Holland(1993)_298K_49-103nm.txt
80.151343,2.802e-17,O2_Holland(1993)_298K_49-103nm.txt
80.156329,2.873e-17,O2_Holland(1993)_298K_49-103nm.txt
80.161322,2.929e-17,O2_Holland(1993)_298K_49-103nm.txt
80.166321,3.037e-17,O2_Holland(1993)_298K_49-103nm.txt
80.171411,3.159e-17,O2_Holland(1993)_298K_49-103nm.txt
80.1763,3.244e-17,O2_Holland(1993)_298K_49-103nm.txt
80.181293,3.304e-17,O2_Holland(1993)_298K_49-103nm.txt
80.186285,3.328e-17,O2_Holland(1993)_298K_49-103nm.txt
80.191284,3.447e-17,O2_Holland(1993)_298K_49-103nm.txt
80.196277,3.486e-17,O2_Holland(1993)_298K_49-103nm.txt
80.201263,3.511e-17,O2_Holland(1993)_298K_49-103nm.txt
80.206256,3.566e-17,O2_Holland(1993)_298K_49-103nm.txt
80.211249,3.576e-17,O2_Holland(1993)_298K_49-103nm.txt
80.216248,3.556e-17,O2_Holland(1993)_298K_49-103nm.txt
80.22124,3.522e-17,O2_Holland(1993)_298K_49-103nm.txt
80.226227,3.491e-17,O2_Holland(1993)_298K_49-103nm.txt
80.231219,3.453e-17,O2_Holland(1993)_298K_49-103nm.txt
80.236212,3.442e-17,O2_Holland(1993)_298K_49-103nm.txt
80.241211,3.447e-17,O2_Holland(1993)_298K_49-103nm.txt
80.246204,3.44e-17,O2_Holland(1993)_298K_49-103nm.txt
80.25119,3.41e-17,O2_Holland(1993)_298K_49-103nm.txt
80.256183,3.365e-17,O2_Holland(1993)_298K_49-103nm.txt
80.261176,3.295e-17,O2_Holland(1993)_298K_49-103nm.txt
80.266174,3.194e-17,O2_Holland(1993)_298K_49-103nm.txt
80.271167,3.121e-17,O2_Holland(1993)_298K_49-103nm.txt
80.276154,3.053e-17,O2_Holland(1993)_298K_49-103nm.txt
80.281146,2.932e-17,O2_Holland(1993)_298K_49-103nm.txt
80.286139,2.875e-17,O2_Holland(1993)_298K_49-103nm.txt
80.291138,2.853e-17,O2_Holland(1993)_298K_49-103nm.txt
80.29613,2.834e-17,O2_Holland(1993)_298K_49-103nm.txt
80.301117,2.822e-17,O2_Holland(1993)_298K_49-103nm.txt
80.30611,2.794e-17,O2_Holland(1993)_298K_49-103nm.txt
80.311102,2.729e-17,O2_Holland(1993)_298K_49-103nm.txt
80.316101,2.724e-17,O2_Holland(1993)_298K_49-103nm.txt
80.321094,2.645e-17,O2_Holland(1993)_298K_49-103nm.txt
80.32608,2.612e-17,O2_Holland(1993)_298K_49-103nm.txt
80.331073,2.624e-17,O2_Holland(1993)_298K_49-103nm.txt
80.336066,2.608e-17,O2_Holland(1993)_298K_49-103nm.txt
80.341065,2.621e-17,O2_Holland(1993)_298K_49-103nm.txt
80.346057,2.641e-17,O2_Holland(1993)_298K_49-103nm.txt
80.351044,2.612e-17,O2_Holland(1993)_298K_49-103nm.txt
80.356036,2.615e-17,O2_Holland(1993)_298K_49-103nm.txt
80.361029,2.636e-17,O2_Holland(1993)_298K_49-103nm.txt
80.366028,2.696e-17,O2_Holland(1993)_298K_49-103nm.txt
80.371014,2.797e-17,O2_Holland(1993)_298K_49-103nm.txt
80.376007,2.914e-17,O2_Holland(1993)_298K_49-103nm.txt
80.381,3.121e-17,O2_Holland(1993)_298K_49-103nm.txt
80.385992,3.306e-17,O2_Holland(1993)_298K_49-103nm.txt
80.390991,3.499e-17,O2_Holland(1993)_298K_49-103nm.txt
80.395978,3.66e-17,O2_Holland(1993)_298K_49-103nm.txt
80.400971,3.752e-17,O2_Holland(1993)_298K_49-103nm.txt
80.405963,3.854e-17,O2_Holland(1993)_298K_49-103nm.txt
80.410956,3.923e-17,O2_Holland(1993)_298K_49-103nm.txt
80.415955,3.995e-17,O2_Holland(1993)_298K_49-103nm.txt
80.420941,4.101e-17,O2_Holland(1993)_298K_49-103nm.txt
80.425934,4.168e-17,O2_Holland(1993)_298K_49-103nm.txt
80.430926,4.239e-17,O2_Holland(1993)_298K_49-103nm.txt
80.435919,4.385e-17,O2_Holland(1993)_298K_49-103nm.txt
80.440918,4.626e-17,O2_Holland(1993)_298K_49-103nm.txt
80.445904,4.825e-17,O2_Holland(1993)_298K_49-103nm.txt
80.450897,5.039e-17,O2_Holland(1993)_298K_49-103nm.txt
80.45589,5.117e-17,O2_Holland(1993)_298K_49-103nm.txt
80.460883,5.152e-17,O2_Holland(1993)_298K_49-103nm.txt
80.465881,5.135e-17,O2_Holland(1993)_298K_49-103nm.txt
80.470868,5.07e-17,O2_Holland(1993)_298K_49-103nm.txt
80.475861,4.976e-17,O2_Holland(1993)_298K_49-103nm.txt
80.480853,4.871e-17,O2_Holland(1993)_298K_49-103nm.txt
80.485846,4.796e-17,O2_Holland(1993)_298K_49-103nm.txt
80.490845,4.715e-17,O2_Holland(1993)_298K_49-103nm.txt
80.495831,4.646e-17,O2_Holland(1993)_298K_49-103nm.txt
80.500824,4.597e-17,O2_Holland(1993)_298K_49-103nm.txt
80.505817,4.508e-17,O2_Holland(1993)_298K_49-103nm.txt
80.510809,4.402e-17,O2_Holland(1993)_298K_49-103nm.txt
80.515808,4.354e-17,O2_Holland(1993)_298K_49-103nm.txt
80.520795,4.279e-17,O2_Holland(1993)_298K_49-103nm.txt
80.525787,4.225e-17,O2_Holland(1993)_298K_49-103nm.txt
80.53078,4.151e-17,O2_Holland(1993)_298K_49-103nm.txt
80.535773,4.121e-17,O2_Holland(1993)_298K_49-103nm.txt
80.540772,4.096e-17,O2_Holland(1993)_298K_49-103nm.txt
80.545758,4.055e-17,O2_Holland(1993)_298K_49-103nm.txt
80.550751,3.999e-17,O2_Holland(1993)_298K_49-103nm.txt
80.555743,3.933e-17,O2_Holland(1993)_298K_49-103nm.txt
80.560736,3.907e-17,O2_Holland(1993)_298K_49-103nm.txt
80.565729,3.851e-17,O2_Holland(1993)_298K_49-103nm.txt
80.570721,3.808e-17,O2_Holland(1993)_298K_49-103nm.txt
80.575714,3.796e-17,O2_Holland(1993)_298K_49-103nm.txt
80.580707,3.766e-17,O2_Holland(1993)_298K_49-103nm.txt
80.585699,3.707e-17,O2_Holland(1993)_298K_49-103nm.txt
80.590692,3.677e-17,O2_Holland(1993)_298K_49-103nm.txt
80.595685,3.648e-17,O2_Holland(1993)_298K_49-103nm.txt
80.600677,3.614e-17,O2_Holland(1993)_298K_49-103nm.txt
80.60567,3.56e-17,O2_Holland(1993)_298K_49-103nm.txt
80.610663,3.47e-17,O2_Holland(1993)_298K_49-103nm.txt
80.615656,3.444e-17,O2_Holland(1993)_298K_49-103nm.txt
80.620648,3.376e-17,O2_Holland(1993)_298K_49-103nm.txt
80.625641,3.339e-17,O2_Holland(1993)_298K_49-103nm.txt
80.630633,3.327e-17,O2_Holland(1993)_298K_49-103nm.txt
80.635626,3.268e-17,O2_Holland(1993)_298K_49-103nm.txt
80.640619,3.239e-17,O2_Holland(1993)_298K_49-103nm.txt
80.645612,3.215e-17,O2_Holland(1993)_298K_49-103nm.txt
80.650604,3.197e-17,O2_Holland(1993)_298K_49-103nm.txt
80.655597,3.169e-17,O2_Holland(1993)_298K_49-103nm.txt
80.66059,3.099e-17,O2_Holland(1993)_298K_49-103nm.txt
80.665582,3.092e-17,O2_Holland(1993)_298K_49-103nm.txt
80.670575,3.052e-17,O2_Holland(1993)_298K_49-103nm.txt
80.675568,3.053e-17,O2_Holland(1993)_298K_49-103nm.txt
80.68056,3.091e-17,O2_Holland(1993)_298K_49-103nm.txt
80.685553,3.053e-17,O2_Holland(1993)_298K_49-103nm.txt
80.690546,3.09e-17,O2_Holland(1993)_298K_49-103nm.txt
80.695538,3.132e-17,O2_Holland(1993)_298K_49-103nm.txt
80.700531,3.204e-17,O2_Holland(1993)_298K_49-103nm.txt
80.705524,3.299e-17,O2_Holland(1993)_298K_49-103nm.txt
80.710516,3.358e-17,O2_Holland(1993)_298K_49-103nm.txt
80.715509,3.384e-17,O2_Holland(1993)_298K_49-103nm.txt
80.720502,3.351e-17,O2_Holland(1993)_298K_49-103nm.txt
80.725494,3.399e-17,O2_Holland(1993)_298K_49-103nm.txt
80.730487,3.46e-17,O2_Holland(1993)_298K_49-103nm.txt
80.73548,3.507e-17,O2_Holland(1993)_298K_49-103nm.txt
80.740472,3.563e-17,O2_Holland(1993)_298K_49-103nm.txt
80.745465,3.627e-17,O2_Holland(1993)_298K_49-103nm.txt
80.750458,3.621e-17,O2_Holland(1993)_298K_49-103nm.txt
80.75545,3.643e-17,O2_Holland(1993)_298K_49-103nm.txt
80.760437,3.635e-17,O2_Holland(1993)_298K_49-103nm.txt
80.765436,3.611e-17,O2_Holland(1993)_298K_49-103nm.txt
80.770429,3.651e-17,O2_Holland(1993)_298K_49-103nm.txt
80.775421,3.684e-17,O2_Holland(1993)_298K_49-103nm.txt
80.780414,3.715e-17,O2_Holland(1993)_298K_49-103nm.txt
80.7854,3.754e-17,O2_Holland(1993)_298K_49-103nm.txt
80.790399,3.758e-17,O2_Holland(1993)_298K_49-103nm.txt
80.795392,3.73e-17,O2_Holland(1993)_298K_49-103nm.txt
80.800384,3.651e-17,O2_Holland(1993)_298K_49-103nm.txt
80.805377,3.547e-17,O2_Holland(1993)_298K_49-103nm.txt
80.810364,3.463e-17,O2_Holland(1993)_298K_49-103nm.txt
80.815363,3.402e-17,O2_Holland(1993)_298K_49-103nm.txt
80.820355,3.341e-17,O2_Holland(1993)_298K_49-103nm.txt
80.825348,3.308e-17,O2_Holland(1993)_298K_49-103nm.txt
80.830341,3.253e-17,O2_Holland(1993)_298K_49-103nm.txt
80.835327,3.238e-17,O2_Holland(1993)_298K_49-103nm.txt
80.840326,3.227e-17,O2_Holland(1993)_298K_49-103nm.txt
80.845319,3.181e-17,O2_Holland(1993)_298K_49-103nm.txt
80.850311,3.118e-17,O2_Holland(1993)_298K_49-103nm.txt
80.855304,3.053e-17,O2_Holland(1993)_298K_49-103nm.txt
80.86029,3.012e-17,O2_Holland(1993)_298K_49-103nm.txt
80.865289,2.999e-17,O2_Holland(1993)_298K_49-103nm.txt
80.870282,2.979e-17,O2_Holland(1993)_298K_49-103nm.txt
80.875275,2.952e-17,O2_Holland(1993)_298K_49-103nm.txt
80.880267,2.894e-17,O2_Holland(1993)_298K_49-103nm.txt
80.885254,2.852e-17,O2_Holland(1993)_298K_49-103nm.txt
80.890253,2.745e-17,O2_Holland(1993)_298K_49-103nm.txt
80.895245,2.669e-17,O2_Holland(1993)_298K_49-103nm.txt
80.900238,2.57e-17,O2_Holland(1993)_298K_49-103nm.txt
80.905231,2.487e-17,O2_Holland(1993)_298K_49-103nm.txt
80.910217,2.402e-17,O2_Holland(1993)_298K_49-103nm.txt
80.915216,2.365e-17,O2_Holland(1993)_298K_49-103nm.txt
80.920209,2.304e-17,O2_Holland(1993)_298K_49-103nm.txt
80.925201,2.239e-17,O2_Holland(1993)_298K_49-103nm.txt
80.930194,2.217e-17,O2_Holland(1993)_298K_49-103nm.txt
80.935181,2.226e-17,O2_Holland(1993)_298K_49-103nm.txt
80.940179,2.224e-17,O2_Holland(1993)_298K_49-103nm.txt
80.945172,2.332e-17,O2_Holland(1993)_298K_49-103nm.txt
80.950165,2.379e-17,O2_Holland(1993)_298K_49-103nm.txt
80.955151,2.547e-17,O2_Holland(1993)_298K_49-103nm.txt
80.960144,2.734e-17,O2_Holland(1993)_298K_49-103nm.txt
80.965143,3.006e-17,O2_Holland(1993)_298K_49-103nm.txt
80.970136,3.156e-17,O2_Holland(1993)_298K_49-103nm.txt
80.975128,3.294e-17,O2_Holland(1993)_298K_49-103nm.txt
80.980115,3.421e-17,O2_Holland(1993)_298K_49-103nm.txt
80.985107,3.553e-17,O2_Holland(1993)_298K_49-103nm.txt
80.990106,3.731e-17,O2_Holland(1993)_298K_49-103nm.txt
80.995099,3.946e-17,O2_Holland(1993)_298K_49-103nm.txt
81.000092,4.137e-17,O2_Holland(1993)_298K_49-103nm.txt
81.005078,4.256e-17,O2_Holland(1993)_298K_49-103nm.txt
81.010071,4.309e-17,O2_Holland(1993)_298K_49-103nm.txt
81.01507,4.363e-17,O2_Holland(1993)_298K_49-103nm.txt
81.020062,4.523e-17,O2_Holland(1993)_298K_49-103nm.txt
81.025055,4.789e-17,O2_Holland(1993)_298K_49-103nm.txt
81.030042,5.083e-17,O2_Holland(1993)_298K_49-103nm.txt
81.035034,5.369e-17,O2_Holland(1993)_298K_49-103nm.txt
81.040033,5.536e-17,O2_Holland(1993)_298K_49-103nm.txt
81.045026,5.65e-17,O2_Holland(1993)_298K_49-103nm.txt
81.050018,5.596e-17,O2_Holland(1993)_298K_49-103nm.txt
81.055005,5.521e-17,O2_Holland(1993)_298K_49-103nm.txt
81.059998,5.389e-17,O2_Holland(1993)_298K_49-103nm.txt
81.064996,5.266e-17,O2_Holland(1993)_298K_49-103nm.txt
81.069989,5.172e-17,O2_Holland(1993)_298K_49-103nm.txt
81.074982,5.121e-17,O2_Holland(1993)_298K_49-103nm.txt
81.079968,4.96e-17,O2_Holland(1993)_298K_49-103nm.txt
81.084961,4.818e-17,O2_Holland(1993)_298K_49-103nm.txt
81.08996,4.69e-17,O2_Holland(1993)_298K_49-103nm.txt
81.094952,4.531e-17,O2_Holland(1993)_298K_49-103nm.txt
81.099945,4.4e-17,O2_Holland(1993)_298K_49-103nm.txt
81.104932,4.296e-17,O2_Holland(1993)_298K_49-103nm.txt
81.109924,4.222e-17,O2_Holland(1993)_298K_49-103nm.txt
81.114923,4.116e-17,O2_Holland(1993)_298K_49-103nm.txt
81.119916,4.013e-17,O2_Holland(1993)_298K_49-103nm.txt
81.124908,3.898e-17,O2_Holland(1993)_298K_49-103nm.txt
81.129895,3.871e-17,O2_Holland(1993)_298K_49-103nm.txt
81.134888,3.76e-17,O2_Holland(1993)_298K_49-103nm.txt
81.139887,3.701e-17,O2_Holland(1993)_298K_49-103nm.txt
81.144879,3.688e-17,O2_Holland(1993)_298K_49-103nm.txt
81.149866,3.616e-17,O2_Holland(1993)_298K_49-103nm.txt
81.154858,3.582e-17,O2_Holland(1993)_298K_49-103nm.txt
81.159851,3.483e-17,O2_Holland(1993)_298K_49-103nm.txt
81.16485,3.44e-17,O2_Holland(1993)_298K_49-103nm.txt
81.169843,3.357e-17,O2_Holland(1993)_298K_49-103nm.txt
81.174829,3.254e-17,O2_Holland(1993)_298K_49-103nm.txt
81.179822,3.274e-17,O2_Holland(1993)_298K_49-103nm.txt
81.184815,3.238e-17,O2_Holland(1993)_298K_49-103nm.txt
81.189813,3.186e-17,O2_Holland(1993)_298K_49-103nm.txt
81.194806,3.135e-17,O2_Holland(1993)_298K_49-103nm.txt
81.199793,3.12e-17,O2_Holland(1993)_298K_49-103nm.txt
81.204785,3.108e-17,O2_Holland(1993)_298K_49-103nm.txt
81.209778,3.121e-17,O2_Holland(1993)_298K_49-103nm.txt
81.214777,3.09e-17,O2_Holland(1993)_298K_49-103nm.txt
81.219769,3.017e-17,O2_Holland(1993)_298K_49-103nm.txt
81.224756,3.05e-17,O2_Holland(1993)_298K_49-103nm.txt
81.229749,2.996e-17,O2_Holland(1993)_298K_49-103nm.txt
81.234741,3.008e-17,O2_Holland(1993)_298K_49-103nm.txt
81.23974,2.974e-17,O2_Holland(1993)_298K_49-103nm.txt
81.244733,2.935e-17,O2_Holland(1993)_298K_49-103nm.txt
81.249719,2.93e-17,O2_Holland(1993)_298K_49-103nm.txt
81.254712,2.903e-17,O2_Holland(1993)_298K_49-103nm.txt
81.259705,2.932e-17,O2_Holland(1993)_298K_49-103nm.txt
81.264703,2.985e-17,O2_Holland(1993)_298K_49-103nm.txt
81.269696,3.088e-17,O2_Holland(1993)_298K_49-103nm.txt
81.274683,3.142e-17,O2_Holland(1993)_298K_49-103nm.txt
81.279675,3.191e-17,O2_Holland(1993)_298K_49-103nm.txt
81.284668,3.275e-17,O2_Holland(1993)_298K_49-103nm.txt
81.289667,3.302e-17,O2_Holland(1993)_298K_49-103nm.txt
81.294659,3.319e-17,O2_Holland(1993)_298K_49-103nm.txt
81.299646,3.358e-17,O2_Holland(1993)_298K_49-103nm.txt
81.304639,3.412e-17,O2_Holland(1993)_298K_49-103nm.txt
81.309631,3.439e-17,O2_Holland(1993)_298K_49-103nm.txt
81.31463,3.526e-17,O2_Holland(1993)_298K_49-103nm.txt
81.319623,3.572e-17,O2_Holland(1993)_298K_49-103nm.txt
81.324609,3.59e-17,O2_Holland(1993)_298K_49-103nm.txt
81.329602,3.553e-17,O2_Holland(1993)_298K_49-103nm.txt
81.334595,3.538e-17,O2_Holland(1993)_298K_49-103nm.txt
81.339594,3.487e-17,O2_Holland(1993)_298K_49-103nm.txt
81.34458,3.467e-17,O2_Holland(1993)_298K_49-103nm.txt
81.349573,3.477e-17,O2_Holland(1993)_298K_49-103nm.txt
81.354565,3.508e-17,O2_Holland(1993)_298K_49-103nm.txt
81.359558,3.517e-17,O2_Holland(1993)_298K_49-103nm.txt
81.364557,3.535e-17,O2_Holland(1993)_298K_49-103nm.txt
81.369543,3.491e-17,O2_Holland(1993)_298K_49-103nm.txt
81.374536,3.423e-17,O2_Holland(1993)_298K_49-103nm.txt
81.379529,3.327e-17,O2_Holland(1993)_298K_49-103nm.txt
81.384522,3.214e-17,O2_Holland(1993)_298K_49-103nm.txt
81.38952,3.117e-17,O2_Holland(1993)_298K_49-103nm.txt
81.394507,3.05e-17,O2_Holland(1993)_298K_49-103nm.txt
81.3995,2.95e-17,O2_Holland(1993)_298K_49-103nm.txt
81.404492,2.878e-17,O2_Holland(1993)_298K_49-103nm.txt
81.409485,2.785e-17,O2_Holland(1993)_298K_49-103nm.txt
81.414484,2.729e-17,O2_Holland(1993)_298K_49-103nm.txt
81.41947,2.624e-17,O2_Holland(1993)_298K_49-103nm.txt
81.424463,2.576e-17,O2_Holland(1993)_298K_49-103nm.txt
81.429456,2.536e-17,O2_Holland(1993)_298K_49-103nm.txt
81.434448,2.448e-17,O2_Holland(1993)_298K_49-103nm.txt
81.439447,2.416e-17,O2_Holland(1993)_298K_49-103nm.txt
81.444434,2.388e-17,O2_Holland(1993)_298K_49-103nm.txt
81.449426,2.374e-17,O2_Holland(1993)_298K_49-103nm.txt
81.454419,2.358e-17,O2_Holland(1993)_298K_49-103nm.txt
81.459412,2.329e-17,O2_Holland(1993)_298K_49-103nm.txt
81.46441,2.303e-17,O2_Holland(1993)_298K_49-103nm.txt
81.469397,2.283e-17,O2_Holland(1993)_298K_49-103nm.txt
81.47439,2.316e-17,O2_Holland(1993)_298K_49-103nm.txt
81.479382,2.32e-17,O2_Holland(1993)_298K_49-103nm.txt
81.484375,2.27e-17,O2_Holland(1993)_298K_49-103nm.txt
81.489374,2.217e-17,O2_Holland(1993)_298K_49-103nm.txt
81.49436,2.123e-17,O2_Holland(1993)_298K_49-103nm.txt
81.499353,1.993e-17,O2_Holland(1993)_298K_49-103nm.txt
81.504346,1.964e-17,O2_Holland(1993)_298K_49-103nm.txt
81.509338,1.916e-17,O2_Holland(1993)_298K_49-103nm.txt
81.514337,1.892e-17,O2_Holland(1993)_298K_49-103nm.txt
81.519324,1.834e-17,O2_Holland(1993)_298K_49-103nm.txt
81.524316,1.826e-17,O2_Holland(1993)_298K_49-103nm.txt
81.529309,1.856e-17,O2_Holland(1993)_298K_49-103nm.txt
81.534302,1.887e-17,O2_Holland(1993)_298K_49-103nm.txt
81.539301,1.994e-17,O2_Holland(1993)_298K_49-103nm.txt
81.544287,2.11e-17,O2_Holland(1993)_298K_49-103nm.txt
81.54928,2.204e-17,O2_Holland(1993)_298K_49-103nm.txt
81.554273,2.279e-17,O2_Holland(1993)_298K_49-103nm.txt
81.559265,2.372e-17,O2_Holland(1993)_298K_49-103nm.txt
81.564258,2.473e-17,O2_Holland(1993)_298K_49-103nm.txt
81.56925,2.582e-17,O2_Holland(1993)_298K_49-103nm.txt
81.574243,2.656e-17,O2_Holland(1993)_298K_49-103nm.txt
81.579236,2.682e-17,O2_Holland(1993)_298K_49-103nm.txt
81.584228,2.704e-17,O2_Holland(1993)_298K_49-103nm.txt
81.589221,2.674e-17,O2_Holland(1993)_298K_49-103nm.txt
81.594214,2.635e-17,O2_Holland(1993)_298K_49-103nm.txt
81.599207,2.697e-17,O2_Holland(1993)_298K_49-103nm.txt
81.604199,2.768e-17,O2_Holland(1993)_298K_49-103nm.txt
81.609192,2.881e-17,O2_Holland(1993)_298K_49-103nm.txt
81.614185,2.942e-17,O2_Holland(1993)_298K_49-103nm.txt
81.619177,3.004e-17,O2_Holland(1993)_298K_49-103nm.txt
81.62417,3.005e-17,O2_Holland(1993)_298K_49-103nm.txt
81.629163,3.058e-17,O2_Holland(1993)_298K_49-103nm.txt
81.634155,3.193e-17,O2_Holland(1993)_298K_49-103nm.txt
81.639148,3.37e-17,O2_Holland(1993)_298K_49-103nm.txt
81.644141,3.616e-17,O2_Holland(1993)_298K_49-103nm.txt
81.649133,3.844e-17,O2_Holland(1993)_298K_49-103nm.txt
81.654126,4.016e-17,O2_Holland(1993)_298K_49-103nm.txt
81.659119,4.16e-17,O2_Holland(1993)_298K_49-103nm.txt
81.664111,4.24e-17,O2_Holland(1993)_298K_49-103nm.txt
81.669104,4.336e-17,O2_Holland(1993)_298K_49-103nm.txt
81.674097,4.459e-17,O2_Holland(1993)_298K_49-103nm.txt
81.679089,4.569e-17,O2_Holland(1993)_298K_49-103nm.txt
81.684082,4.604e-17,O2_Holland(1993)_298K_49-103nm.txt
81.689075,4.623e-17,O2_Holland(1993)_298K_49-103nm.txt
81.694067,4.548e-17,O2_Holland(1993)_298K_49-103nm.txt
81.69906,4.49e-17,O2_Holland(1993)_298K_49-103nm.txt
81.704053,4.388e-17,O2_Holland(1993)_298K_49-103nm.txt
81.709045,4.289e-17,O2_Holland(1993)_298K_49-103nm.txt
81.714038,4.162e-17,O2_Holland(1993)_298K_49-103nm.txt
81.719031,4.03e-17,O2_Holland(1993)_298K_49-103nm.txt
81.724023,3.871e-17,O2_Holland(1993)_298K_49-103nm.txt
81.729016,3.77e-17,O2_Holland(1993)_298K_49-103nm.txt
81.734009,3.666e-17,O2_Holland(1993)_298K_49-103nm.txt
81.739001,3.55e-17,O2_Holland(1993)_298K_49-103nm.txt
81.743994,3.412e-17,O2_Holland(1993)_298K_49-103nm.txt
81.748987,3.304e-17,O2_Holland(1993)_298K_49-103nm.txt
81.75398,3.181e-17,O2_Holland(1993)_298K_49-103nm.txt
81.758966,3.123e-17,O2_Holland(1993)_298K_49-103nm.txt
81.763965,2.994e-17,O2_Holland(1993)_298K_49-103nm.txt
81.768957,2.921e-17,O2_Holland(1993)_298K_49-103nm.txt
81.77395,2.819e-17,O2_Holland(1993)_298K_49-103nm.txt
81.778943,2.757e-17,O2_Holland(1993)_298K_49-103nm.txt
81.783929,2.635e-17,O2_Holland(1993)_298K_49-103nm.txt
81.788928,2.553e-17,O2_Holland(1993)_298K_49-103nm.txt
81.793921,2.468e-17,O2_Holland(1993)_298K_49-103nm.txt
81.798914,2.407e-17,O2_Holland(1993)_298K_49-103nm.txt
81.803906,2.379e-17,O2_Holland(1993)_298K_49-103nm.txt
81.808893,2.329e-17,O2_Holland(1993)_298K_49-103nm.txt
81.813892,2.277e-17,O2_Holland(1993)_298K_49-103nm.txt
81.818884,2.252e-17,O2_Holland(1993)_298K_49-103nm.txt
81.823877,2.206e-17,O2_Holland(1993)_298K_49-103nm.txt
81.82887,2.135e-17,O2_Holland(1993)_298K_49-103nm.txt
81.833856,2.137e-17,O2_Holland(1993)_298K_49-103nm.txt
81.838855,2.086e-17,O2_Holland(1993)_298K_49-103nm.txt
81.843848,2.057e-17,O2_Holland(1993)_298K_49-103nm.txt
81.84884,2.025e-17,O2_Holland(1993)_298K_49-103nm.txt
81.853833,1.99e-17,O2_Holland(1993)_298K_49-103nm.txt
81.85882,2.018e-17,O2_Holland(1993)_298K_49-103nm.txt
81.863818,2.011e-17,O2_Holland(1993)_298K_49-103nm.txt
81.868811,2.109e-17,O2_Holland(1993)_298K_49-103nm.txt
81.873804,2.227e-17,O2_Holland(1993)_298K_49-103nm.txt
81.878796,2.369e-17,O2_Holland(1993)_298K_49-103nm.txt
81.883783,2.485e-17,O2_Holland(1993)_298K_49-103nm.txt
81.888782,2.642e-17,O2_Holland(1993)_298K_49-103nm.txt
81.893774,2.685e-17,O2_Holland(1993)_298K_49-103nm.txt
81.898767,2.719e-17,O2_Holland(1993)_298K_49-103nm.txt
81.90376,2.789e-17,O2_Holland(1993)_298K_49-103nm.txt
81.908746,2.833e-17,O2_Holland(1993)_298K_49-103nm.txt
81.913745,2.939e-17,O2_Holland(1993)_298K_49-103nm.txt
81.918738,3.04e-17,O2_Holland(1993)_298K_49-103nm.txt
81.92373,3.117e-17,O2_Holland(1993)_298K_49-103nm.txt
81.928723,3.177e-17,O2_Holland(1993)_298K_49-103nm.txt
81.93371,3.145e-17,O2_Holland(1993)_298K_49-103nm.txt
81.938708,3.12e-17,O2_Holland(1993)_298K_49-103nm.txt
81.943701,3.116e-17,O2_Holland(1993)_298K_49-103nm.txt
81.948694,3.049e-17,O2_Holland(1993)_298K_49-103nm.txt
81.95368,3.073e-17,O2_Holland(1993)_298K_49-103nm.txt
81.958673,3.11e-17,O2_Holland(1993)_298K_49-103nm.txt
81.963672,3.213e-17,O2_Holland(1993)_298K_49-103nm.txt
81.968665,3.262e-17,O2_Holland(1993)_298K_49-103nm.txt
81.973657,3.275e-17,O2_Holland(1993)_298K_49-103nm.txt
81.978644,3.251e-17,O2_Holland(1993)_298K_49-103nm.txt
81.983637,3.133e-17,O2_Holland(1993)_298K_49-103nm.txt
81.988635,2.968e-17,O2_Holland(1993)_298K_49-103nm.txt
81.993628,2.824e-17,O2_Holland(1993)_298K_49-103nm.txt
81.998621,2.675e-17,O2_Holland(1993)_298K_49-103nm.txt
82.003607,2.55e-17,O2_Holland(1993)_298K_49-103nm.txt
82.0086,2.465e-17,O2_Holland(1993)_298K_49-103nm.txt
82.013599,2.365e-17,O2_Holland(1993)_298K_49-103nm.txt
82.018591,2.267e-17,O2_Holland(1993)_298K_49-103nm.txt
82.023584,2.175e-17,O2_Holland(1993)_298K_49-103nm.txt
82.028571,2.109e-17,O2_Holland(1993)_298K_49-103nm.txt
82.033563,2.037e-17,O2_Holland(1993)_298K_49-103nm.txt
82.038562,2.014e-17,O2_Holland(1993)_298K_49-103nm.txt
82.043555,1.978e-17,O2_Holland(1993)_298K_49-103nm.txt
82.048547,1.921e-17,O2_Holland(1993)_298K_49-103nm.txt
82.053534,1.881e-17,O2_Holland(1993)_298K_49-103nm.txt
82.058527,1.825e-17,O2_Holland(1993)_298K_49-103nm.txt
82.063525,1.837e-17,O2_Holland(1993)_298K_49-103nm.txt
82.068518,1.826e-17,O2_Holland(1993)_298K_49-103nm.txt
82.073511,1.801e-17,O2_Holland(1993)_298K_49-103nm.txt
82.078497,1.797e-17,O2_Holland(1993)_298K_49-103nm.txt
82.08349,1.77e-17,O2_Holland(1993)_298K_49-103nm.txt
82.088489,1.777e-17,O2_Holland(1993)_298K_49-103nm.txt
82.093481,1.754e-17,O2_Holland(1993)_298K_49-103nm.txt
82.098474,1.782e-17,O2_Holland(1993)_298K_49-103nm.txt
82.103461,1.814e-17,O2_Holland(1993)_298K_49-103nm.txt
82.108453,1.834e-17,O2_Holland(1993)_298K_49-103nm.txt
82.113452,1.801e-17,O2_Holland(1993)_298K_49-103nm.txt
82.118445,1.819e-17,O2_Holland(1993)_298K_49-103nm.txt
82.123438,1.816e-17,O2_Holland(1993)_298K_49-103nm.txt
82.128424,1.82e-17,O2_Holland(1993)_298K_49-103nm.txt
82.133417,1.78e-17,O2_Holland(1993)_298K_49-103nm.txt
82.138415,1.742e-17,O2_Holland(1993)_298K_49-103nm.txt
82.143408,1.705e-17,O2_Holland(1993)_298K_49-103nm.txt
82.148395,1.741e-17,O2_Holland(1993)_298K_49-103nm.txt
82.153387,1.705e-17,O2_Holland(1993)_298K_49-103nm.txt
82.15838,1.741e-17,O2_Holland(1993)_298K_49-103nm.txt
82.163379,1.724e-17,O2_Holland(1993)_298K_49-103nm.txt
82.168372,1.715e-17,O2_Holland(1993)_298K_49-103nm.txt
82.173358,1.695e-17,O2_Holland(1993)_298K_49-103nm.txt
82.178351,1.695e-17,O2_Holland(1993)_298K_49-103nm.txt
82.183344,1.725e-17,O2_Holland(1993)_298K_49-103nm.txt
82.188342,1.739e-17,O2_Holland(1993)_298K_49-103nm.txt
82.193335,1.744e-17,O2_Holland(1993)_298K_49-103nm.txt
82.198321,1.805e-17,O2_Holland(1993)_298K_49-103nm.txt
82.203314,1.888e-17,O2_Holland(1993)_298K_49-103nm.txt
82.208307,1.933e-17,O2_Holland(1993)_298K_49-103nm.txt
82.213306,2.028e-17,O2_Holland(1993)_298K_49-103nm.txt
82.218298,2.082e-17,O2_Holland(1993)_298K_49-103nm.txt
82.223285,2.105e-17,O2_Holland(1993)_298K_49-103nm.txt
82.228278,2.149e-17,O2_Holland(1993)_298K_49-103nm.txt
82.23327,2.259e-17,O2_Holland(1993)_298K_49-103nm.txt
82.238269,2.322e-17,O2_Holland(1993)_298K_49-103nm.txt
82.243262,2.47e-17,O2_Holland(1993)_298K_49-103nm.txt
82.248248,2.572e-17,O2_Holland(1993)_298K_49-103nm.txt
82.253241,2.659e-17,O2_Holland(1993)_298K_49-103nm.txt
82.258136,2.635e-17,O2_Holland(1993)_298K_49-103nm.txt
82.263232,2.582e-17,O2_Holland(1993)_298K_49-103nm.txt
82.268225,2.534e-17,O2_Holland(1993)_298K_49-103nm.txt
82.273212,2.527e-17,O2_Holland(1993)_298K_49-103nm.txt
82.278204,2.669e-17,O2_Holland(1993)_298K_49-103nm.txt
82.283099,2.807e-17,O2_Holland(1993)_298K_49-103nm.txt
82.288092,2.965e-17,O2_Holland(1993)_298K_49-103nm.txt
82.293188,3.01e-17,O2_Holland(1993)_298K_49-103nm.txt
82.298175,2.956e-17,O2_Holland(1993)_298K_49-103nm.txt
82.303168,2.899e-17,O2_Holland(1993)_298K_49-103nm.txt
82.308063,2.784e-17,O2_Holland(1993)_298K_49-103nm.txt
82.313055,2.679e-17,O2_Holland(1993)_298K_49-103nm.txt
82.318048,2.591e-17,O2_Holland(1993)_298K_49-103nm.txt
82.323138,2.525e-17,O2_Holland(1993)_298K_49-103nm.txt
82.328131,2.451e-17,O2_Holland(1993)_298K_49-103nm.txt
82.333026,2.361e-17,O2_Holland(1993)_298K_49-103nm.txt
82.338019,2.31e-17,O2_Holland(1993)_298K_49-103nm.txt
82.343012,2.205e-17,O2_Holland(1993)_298K_49-103nm.txt
82.348004,2.108e-17,O2_Holland(1993)_298K_49-103nm.txt
82.353094,2.088e-17,O2_Holland(1993)_298K_49-103nm.txt
82.357989,1.955e-17,O2_Holland(1993)_298K_49-103nm.txt
82.362982,1.903e-17,O2_Holland(1993)_298K_49-103nm.txt
82.367969,1.804e-17,O2_Holland(1993)_298K_49-103nm.txt
82.372968,1.755e-17,O2_Holland(1993)_298K_49-103nm.txt
82.37796,1.73e-17,O2_Holland(1993)_298K_49-103nm.txt
82.382953,1.656e-17,O2_Holland(1993)_298K_49-103nm.txt
82.387946,1.671e-17,O2_Holland(1993)_298K_49-103nm.txt
82.392932,1.678e-17,O2_Holland(1993)_298K_49-103nm.txt
82.397931,1.768e-17,O2_Holland(1993)_298K_49-103nm.txt
82.402924,1.916e-17,O2_Holland(1993)_298K_49-103nm.txt
82.407916,2.045e-17,O2_Holland(1993)_298K_49-103nm.txt
82.412909,2.275e-17,O2_Holland(1993)_298K_49-103nm.txt
82.417895,2.428e-17,O2_Holland(1993)_298K_49-103nm.txt
82.422894,2.52e-17,O2_Holland(1993)_298K_49-103nm.txt
82.427887,2.564e-17,O2_Holland(1993)_298K_49-103nm.txt
82.43288,2.567e-17,O2_Holland(1993)_298K_49-103nm.txt
82.437872,2.561e-17,O2_Holland(1993)_298K_49-103nm.txt
82.442859,2.535e-17,O2_Holland(1993)_298K_49-103nm.txt
82.447858,2.5e-17,O2_Holland(1993)_298K_49-103nm.txt
82.45285,2.438e-17,O2_Holland(1993)_298K_49-103nm.txt
82.457843,2.388e-17,O2_Holland(1993)_298K_49-103nm.txt
82.462836,2.287e-17,O2_Holland(1993)_298K_49-103nm.txt
82.467822,2.234e-17,O2_Holland(1993)_298K_49-103nm.txt
82.472821,2.197e-17,O2_Holland(1993)_298K_49-103nm.txt
82.477814,2.182e-17,O2_Holland(1993)_298K_49-103nm.txt
82.482806,2.092e-17,O2_Holland(1993)_298K_49-103nm.txt
82.487799,2.077e-17,O2_Holland(1993)_298K_49-103nm.txt
82.492786,2.134e-17,O2_Holland(1993)_298K_49-103nm.txt
82.497784,2.216e-17,O2_Holland(1993)_298K_49-103nm.txt
82.502777,2.338e-17,O2_Holland(1993)_298K_49-103nm.txt
82.50777,2.479e-17,O2_Holland(1993)_298K_49-103nm.txt
82.512762,2.644e-17,O2_Holland(1993)_298K_49-103nm.txt
82.517749,2.724e-17,O2_Holland(1993)_298K_49-103nm.txt
82.522748,2.763e-17,O2_Holland(1993)_298K_49-103nm.txt
82.527741,2.802e-17,O2_Holland(1993)_298K_49-103nm.txt
82.532733,2.816e-17,O2_Holland(1993)_298K_49-103nm.txt
82.537726,2.876e-17,O2_Holland(1993)_298K_49-103nm.txt
82.542712,2.988e-17,O2_Holland(1993)_298K_49-103nm.txt
82.547711,3.072e-17,O2_Holland(1993)_298K_49-103nm.txt
82.552704,3.14e-17,O2_Holland(1993)_298K_49-103nm.txt
82.557696,3.117e-17,O2_Holland(1993)_298K_49-103nm.txt
82.562683,3.1e-17,O2_Holland(1993)_298K_49-103nm.txt
82.567676,3.024e-17,O2_Holland(1993)_298K_49-103nm.txt
82.572675,2.948e-17,O2_Holland(1993)_298K_49-103nm.txt
82.577667,2.882e-17,O2_Holland(1993)_298K_49-103nm.txt
82.58266,2.92e-17,O2_Holland(1993)_298K_49-103nm.txt
82.587647,2.958e-17,O2_Holland(1993)_298K_49-103nm.txt
82.592639,3.096e-17,O2_Holland(1993)_298K_49-103nm.txt
82.597638,3.147e-17,O2_Holland(1993)_298K_49-103nm.txt
82.602631,3.145e-17,O2_Holland(1993)_298K_49-103nm.txt
82.607623,3.097e-17,O2_Holland(1993)_298K_49-103nm.txt
82.61261,2.969e-17,O2_Holland(1993)_298K_49-103nm.txt
82.617602,2.758e-17,O2_Holland(1993)_298K_49-103nm.txt
82.622601,2.592e-17,O2_Holland(1993)_298K_49-103nm.txt
82.627594,2.411e-17,O2_Holland(1993)_298K_49-103nm.txt
82.632587,2.25e-17,O2_Holland(1993)_298K_49-103nm.txt
82.637573,2.15e-17,O2_Holland(1993)_298K_49-103nm.txt
82.642566,2.025e-17,O2_Holland(1993)_298K_49-103nm.txt
82.647565,1.913e-17,O2_Holland(1993)_298K_49-103nm.txt
82.652557,1.831e-17,O2_Holland(1993)_298K_49-103nm.txt
82.65755,1.749e-17,O2_Holland(1993)_298K_49-103nm.txt
82.662537,1.674e-17,O2_Holland(1993)_298K_49-103nm.txt
82.667529,1.619e-17,O2_Holland(1993)_298K_49-103nm.txt
82.672528,1.559e-17,O2_Holland(1993)_298K_49-103nm.txt
82.677521,1.518e-17,O2_Holland(1993)_298K_49-103nm.txt
82.682513,1.489e-17,O2_Holland(1993)_298K_49-103nm.txt
82.6875,1.485e-17,O2_Holland(1993)_298K_49-103nm.txt
82.692493,1.419e-17,O2_Holland(1993)_298K_49-103nm.txt
82.697492,1.396e-17,O2_Holland(1993)_298K_49-103nm.txt
82.702484,1.36e-17,O2_Holland(1993)_298K_49-103nm.txt
82.707477,1.359e-17,O2_Holland(1993)_298K_49-103nm.txt
82.712463,1.368e-17,O2_Holland(1993)_298K_49-103nm.txt
82.717456,1.362e-17,O2_Holland(1993)_298K_49-103nm.txt
82.722455,1.345e-17,O2_Holland(1993)_298K_49-103nm.txt
82.727448,1.33e-17,O2_Holland(1993)_298K_49-103nm.txt
82.73244,1.326e-17,O2_Holland(1993)_298K_49-103nm.txt
82.737427,1.316e-17,O2_Holland(1993)_298K_49-103nm.txt
82.742419,1.305e-17,O2_Holland(1993)_298K_49-103nm.txt
82.747418,1.294e-17,O2_Holland(1993)_298K_49-103nm.txt
82.752411,1.325e-17,O2_Holland(1993)_298K_49-103nm.txt
82.757398,1.288e-17,O2_Holland(1993)_298K_49-103nm.txt
82.76239,1.326e-17,O2_Holland(1993)_298K_49-103nm.txt
82.767383,1.37e-17,O2_Holland(1993)_298K_49-103nm.txt
82.772382,1.392e-17,O2_Holland(1993)_298K_49-103nm.txt
82.777374,1.355e-17,O2_Holland(1993)_298K_49-103nm.txt
82.782361,1.315e-17,O2_Holland(1993)_298K_49-103nm.txt
82.787353,1.262e-17,O2_Holland(1993)_298K_49-103nm.txt
82.792346,1.255e-17,O2_Holland(1993)_298K_49-103nm.txt
82.797345,1.226e-17,O2_Holland(1993)_298K_49-103nm.txt
82.802338,1.242e-17,O2_Holland(1993)_298K_49-103nm.txt
82.807324,1.214e-17,O2_Holland(1993)_298K_49-103nm.txt
82.812317,1.237e-17,O2_Holland(1993)_298K_49-103nm.txt
82.81731,1.273e-17,O2_Holland(1993)_298K_49-103nm.txt
82.822308,1.229e-17,O2_Holland(1993)_298K_49-103nm.txt
82.827301,1.214e-17,O2_Holland(1993)_298K_49-103nm.txt
82.832288,1.187e-17,O2_Holland(1993)_298K_49-103nm.txt
82.83728,1.235e-17,O2_Holland(1993)_298K_49-103nm.txt
82.842273,1.273e-17,O2_Holland(1993)_298K_49-103nm.txt
82.847272,1.295e-17,O2_Holland(1993)_298K_49-103nm.txt
82.852264,1.417e-17,O2_Holland(1993)_298K_49-103nm.txt
82.857251,1.605e-17,O2_Holland(1993)_298K_49-103nm.txt
82.862244,1.776e-17,O2_Holland(1993)_298K_49-103nm.txt
82.867236,1.937e-17,O2_Holland(1993)_298K_49-103nm.txt
82.872235,2.042e-17,O2_Holland(1993)_298K_49-103nm.txt
82.877228,2.08e-17,O2_Holland(1993)_298K_49-103nm.txt
82.882214,2.102e-17,O2_Holland(1993)_298K_49-103nm.txt
82.887207,2.141e-17,O2_Holland(1993)_298K_49-103nm.txt
82.8922,2.191e-17,O2_Holland(1993)_298K_49-103nm.txt
82.897199,2.219e-17,O2_Holland(1993)_298K_49-103nm.txt
82.902191,2.274e-17,O2_Holland(1993)_298K_49-103nm.txt
82.907178,2.377e-17,O2_Holland(1993)_298K_49-103nm.txt
82.91217,2.461e-17,O2_Holland(1993)_298K_49-103nm.txt
82.917163,2.505e-17,O2_Holland(1993)_298K_49-103nm.txt
82.922162,2.44e-17,O2_Holland(1993)_298K_49-103nm.txt
82.927154,2.396e-17,O2_Holland(1993)_298K_49-103nm.txt
82.932141,2.336e-17,O2_Holland(1993)_298K_49-103nm.txt
82.937134,2.343e-17,O2_Holland(1993)_298K_49-103nm.txt
82.942126,2.42e-17,O2_Holland(1993)_298K_49-103nm.txt
82.947125,2.465e-17,O2_Holland(1993)_298K_49-103nm.txt
82.952112,2.5e-17,O2_Holland(1993)_298K_49-103nm.txt
82.957105,2.554e-17,O2_Holland(1993)_298K_49-103nm.txt
82.962097,2.533e-17,O2_Holland(1993)_298K_49-103nm.txt
82.96709,2.45e-17,O2_Holland(1993)_298K_49-103nm.txt
82.972089,2.316e-17,O2_Holland(1993)_298K_49-103nm.txt
82.977075,2.207e-17,O2_Holland(1993)_298K_49-103nm.txt
82.982068,2.125e-17,O2_Holland(1993)_298K_49-103nm.txt
82.98706,2.052e-17,O2_Holland(1993)_298K_49-103nm.txt
82.992053,1.948e-17,O2_Holland(1993)_298K_49-103nm.txt
82.997052,1.89e-17,O2_Holland(1993)_298K_49-103nm.txt
83.002039,1.84e-17,O2_Holland(1993)_298K_49-103nm.txt
83.007031,1.776e-17,O2_Holland(1993)_298K_49-103nm.txt
83.012024,1.698e-17,O2_Holland(1993)_298K_49-103nm.txt
83.017017,1.667e-17,O2_Holland(1993)_298K_49-103nm.txt
83.022015,1.553e-17,O2_Holland(1993)_298K_49-103nm.txt
83.027002,1.503e-17,O2_Holland(1993)_298K_49-103nm.txt
83.031995,1.46e-17,O2_Holland(1993)_298K_49-103nm.txt
83.036987,1.41e-17,O2_Holland(1993)_298K_49-103nm.txt
83.04198,1.339e-17,O2_Holland(1993)_298K_49-103nm.txt
83.046979,1.323e-17,O2_Holland(1993)_298K_49-103nm.txt
83.051965,1.274e-17,O2_Holland(1993)_298K_49-103nm.txt
83.056958,1.283e-17,O2_Holland(1993)_298K_49-103nm.txt
83.061951,1.253e-17,O2_Holland(1993)_298K_49-103nm.txt
83.066943,1.199e-17,O2_Holland(1993)_298K_49-103nm.txt
83.071942,1.141e-17,O2_Holland(1993)_298K_49-103nm.txt
83.076929,1.198e-17,O2_Holland(1993)_298K_49-103nm.txt
83.081921,1.198e-17,O2_Holland(1993)_298K_49-103nm.txt
83.086914,1.165e-17,O2_Holland(1993)_298K_49-103nm.txt
83.091907,1.164e-17,O2_Holland(1993)_298K_49-103nm.txt
83.096906,1.184e-17,O2_Holland(1993)_298K_49-103nm.txt
83.101892,1.229e-17,O2_Holland(1993)_298K_49-103nm.txt
83.106885,1.29e-17,O2_Holland(1993)_298K_49-103nm.txt
83.111877,1.353e-17,O2_Holland(1993)_298K_49-103nm.txt
83.11687,1.383e-17,O2_Holland(1993)_298K_49-103nm.txt
83.121869,1.402e-17,O2_Holland(1993)_298K_49-103nm.txt
83.126855,1.406e-17,O2_Holland(1993)_298K_49-103nm.txt
83.131848,1.429e-17,O2_Holland(1993)_298K_49-103nm.txt
83.136841,1.583e-17,O2_Holland(1993)_298K_49-103nm.txt
83.141833,1.693e-17,O2_Holland(1993)_298K_49-103nm.txt
83.146826,1.863e-17,O2_Holland(1993)_298K_49-103nm.txt
83.151819,2.025e-17,O2_Holland(1993)_298K_49-103nm.txt
83.156812,2.181e-17,O2_Holland(1993)_298K_49-103nm.txt
83.161804,2.301e-17,O2_Holland(1993)_298K_49-103nm.txt
83.166797,2.371e-17,O2_Holland(1993)_298K_49-103nm.txt
83.17179,2.404e-17,O2_Holland(1993)_298K_49-103nm.txt
83.176782,2.443e-17,O2_Holland(1993)_298K_49-103nm.txt
83.181775,2.495e-17,O2_Holland(1993)_298K_49-103nm.txt
83.186768,2.614e-17,O2_Holland(1993)_298K_49-103nm.txt
83.19176,2.771e-17,O2_Holland(1993)_298K_49-103nm.txt
83.196753,2.922e-17,O2_Holland(1993)_298K_49-103nm.txt
83.201746,3.038e-17,O2_Holland(1993)_298K_49-103nm.txt
83.206738,3.059e-17,O2_Holland(1993)_298K_49-103nm.txt
83.211731,3.039e-17,O2_Holland(1993)_298K_49-103nm.txt
83.216724,2.994e-17,O2_Holland(1993)_298K_49-103nm.txt
83.221716,3.007e-17,O2_Holland(1993)_298K_49-103nm.txt
83.226709,3.053e-17,O2_Holland(1993)_298K_49-103nm.txt
83.231702,3.22e-17,O2_Holland(1993)_298K_49-103nm.txt
83.236694,3.407e-17,O2_Holland(1993)_298K_49-103nm.txt
83.241687,3.549e-17,O2_Holland(1993)_298K_49-103nm.txt
83.24668,3.581e-17,O2_Holland(1993)_298K_49-103nm.txt
83.251672,3.539e-17,O2_Holland(1993)_298K_49-103nm.txt
83.256665,3.397e-17,O2_Holland(1993)_298K_49-103nm.txt
83.261658,3.223e-17,O2_Holland(1993)_298K_49-103nm.txt
83.26665,3.056e-17,O2_Holland(1993)_298K_49-103nm.txt
83.271643,2.838e-17,O2_Holland(1993)_298K_49-103nm.txt
83.276636,2.638e-17,O2_Holland(1993)_298K_49-103nm.txt
83.281628,2.452e-17,O2_Holland(1993)_298K_49-103nm.txt
83.286621,2.266e-17,O2_Holland(1993)_298K_49-103nm.txt
83.291614,2.137e-17,O2_Holland(1993)_298K_49-103nm.txt
83.296606,1.998e-17,O2_Holland(1993)_298K_49-103nm.txt
83.301599,1.886e-17,O2_Holland(1993)_298K_49-103nm.txt
83.306592,1.793e-17,O2_Holland(1993)_298K_49-103nm.txt
83.311585,1.707e-17,O2_Holland(1993)_298K_49-103nm.txt
83.316577,1.661e-17,O2_Holland(1993)_298K_49-103nm.txt
83.32157,1.56e-17,O2_Holland(1993)_298K_49-103nm.txt
83.326563,1.521e-17,O2_Holland(1993)_298K_49-103nm.txt
83.331555,1.473e-17,O2_Holland(1993)_298K_49-103nm.txt
83.336548,1.417e-17,O2_Holland(1993)_298K_49-103nm.txt
83.341534,1.395e-17,O2_Holland(1993)_298K_49-103nm.txt
83.346533,1.331e-17,O2_Holland(1993)_298K_49-103nm.txt
83.351526,1.297e-17,O2_Holland(1993)_298K_49-103nm.txt
83.356519,1.289e-17,O2_Holland(1993)_298K_49-103nm.txt
83.361511,1.24e-17,O2_Holland(1993)_298K_49-103nm.txt
83.366498,1.205e-17,O2_Holland(1993)_298K_49-103nm.txt
83.371497,1.19e-17,O2_Holland(1993)_298K_49-103nm.txt
83.376489,1.182e-17,O2_Holland(1993)_298K_49-103nm.txt
83.381482,1.169e-17,O2_Holland(1993)_298K_49-103nm.txt
83.386475,1.137e-17,O2_Holland(1993)_298K_49-103nm.txt
83.391461,1.128e-17,O2_Holland(1993)_298K_49-103nm.txt
83.39646,1.152e-17,O2_Holland(1993)_298K_49-103nm.txt
83.401453,1.115e-17,O2_Holland(1993)_298K_49-103nm.txt
83.406445,1.168e-17,O2_Holland(1993)_298K_49-103nm.txt
83.411438,1.177e-17,O2_Holland(1993)_298K_49-103nm.txt
83.416425,1.185e-17,O2_Holland(1993)_298K_49-103nm.txt
83.421423,1.22e-17,O2_Holland(1993)_298K_49-103nm.txt
83.426416,1.2e-17,O2_Holland(1993)_298K_49-103nm.txt
83.431409,1.169e-17,O2_Holland(1993)_298K_49-103nm.txt
83.436401,1.151e-17,O2_Holland(1993)_298K_49-103nm.txt
83.441388,1.121e-17,O2_Holland(1993)_298K_49-103nm.txt
83.446387,1.15e-17,O2_Holland(1993)_298K_49-103nm.txt
83.451379,1.155e-17,O2_Holland(1993)_298K_49-103nm.txt
83.456372,1.135e-17,O2_Holland(1993)_298K_49-103nm.txt
83.461365,1.159e-17,O2_Holland(1993)_298K_49-103nm.txt
83.466351,1.198e-17,O2_Holland(1993)_298K_49-103nm.txt
83.47135,1.191e-17,O2_Holland(1993)_298K_49-103nm.txt
83.476343,1.247e-17,O2_Holland(1993)_298K_49-103nm.txt
83.481335,1.233e-17,O2_Holland(1993)_298K_49-103nm.txt
83.486328,1.22e-17,O2_Holland(1993)_298K_49-103nm.txt
83.491315,1.191e-17,O2_Holland(1993)_298K_49-103nm.txt
83.496313,1.196e-17,O2_Holland(1993)_298K_49-103nm.txt
83.501306,1.173e-17,O2_Holland(1993)_298K_49-103nm.txt
83.506299,1.097e-17,O2_Holland(1993)_298K_49-103nm.txt
83.511292,1.108e-17,O2_Holland(1993)_298K_49-103nm.txt
83.516278,1.093e-17,O2_Holland(1993)_298K_49-103nm.txt
83.521277,1.078e-17,O2_Holland(1993)_298K_49-103nm.txt
83.52627,1.107e-17,O2_Holland(1993)_298K_49-103nm.txt
83.531262,1.09e-17,O2_Holland(1993)_298K_49-103nm.txt
83.536249,1.137e-17,O2_Holland(1993)_298K_49-103nm.txt
83.541242,1.231e-17,O2_Holland(1993)_298K_49-103nm.txt
83.54624,1.243e-17,O2_Holland(1993)_298K_49-103nm.txt
83.551233,1.291e-17,O2_Holland(1993)_298K_49-103nm.txt
83.556226,1.302e-17,O2_Holland(1993)_298K_49-103nm.txt
83.561212,1.35e-17,O2_Holland(1993)_298K_49-103nm.txt
83.566205,1.421e-17,O2_Holland(1993)_298K_49-103nm.txt
83.571204,1.406e-17,O2_Holland(1993)_298K_49-103nm.txt
83.576196,1.506e-17,O2_Holland(1993)_298K_49-103nm.txt
83.581189,1.56e-17,O2_Holland(1993)_298K_49-103nm.txt
83.586176,1.64e-17,O2_Holland(1993)_298K_49-103nm.txt
83.591168,1.737e-17,O2_Holland(1993)_298K_49-103nm.txt
83.596167,1.795e-17,O2_Holland(1993)_298K_49-103nm.txt
83.60116,1.78e-17,O2_Holland(1993)_298K_49-103nm.txt
83.606152,1.761e-17,O2_Holland(1993)_298K_49-103nm.txt
83.611139,1.739e-17,O2_Holland(1993)_298K_49-103nm.txt
83.616132,1.749e-17,O2_Holland(1993)_298K_49-103nm.txt
83.62113,1.723e-17,O2_Holland(1993)_298K_49-103nm.txt
83.626123,1.738e-17,O2_Holland(1993)_298K_49-103nm.txt
83.631116,1.806e-17,O2_Holland(1993)_298K_49-103nm.txt
83.636102,1.84e-17,O2_Holland(1993)_298K_49-103nm.txt
83.641095,1.871e-17,O2_Holland(1993)_298K_49-103nm.txt
83.646094,1.865e-17,O2_Holland(1993)_298K_49-103nm.txt
83.651086,1.814e-17,O2_Holland(1993)_298K_49-103nm.txt
83.656079,1.701e-17,O2_Holland(1993)_298K_49-103nm.txt
83.661066,1.65e-17,O2_Holland(1993)_298K_49-103nm.txt
83.666058,1.564e-17,O2_Holland(1993)_298K_49-103nm.txt
83.671057,1.474e-17,O2_Holland(1993)_298K_49-103nm.txt
83.67605,1.458e-17,O2_Holland(1993)_298K_49-103nm.txt
83.681043,1.448e-17,O2_Holland(1993)_298K_49-103nm.txt
83.686029,1.464e-17,O2_Holland(1993)_298K_49-103nm.txt
83.691022,1.48e-17,O2_Holland(1993)_298K_49-103nm.txt
83.69602,1.526e-17,O2_Holland(1993)_298K_49-103nm.txt
83.701013,1.513e-17,O2_Holland(1993)_298K_49-103nm.txt
83.706006,1.522e-17,O2_Holland(1993)_298K_49-103nm.txt
83.710992,1.54e-17,O2_Holland(1993)_298K_49-103nm.txt
83.715985,1.514e-17,O2_Holland(1993)_298K_49-103nm.txt
83.720984,1.431e-17,O2_Holland(1993)_298K_49-103nm.txt
83.725977,1.384e-17,O2_Holland(1993)_298K_49-103nm.txt
83.730963,1.363e-17,O2_Holland(1993)_298K_49-103nm.txt
83.735956,1.343e-17,O2_Holland(1993)_298K_49-103nm.txt
83.740949,1.381e-17,O2_Holland(1993)_298K_49-103nm.txt
83.745947,1.383e-17,O2_Holland(1993)_298K_49-103nm.txt
83.75094,1.341e-17,O2_Holland(1993)_298K_49-103nm.txt
83.755926,1.294e-17,O2_Holland(1993)_298K_49-103nm.txt
83.760919,1.273e-17,O2_Holland(1993)_298K_49-103nm.txt
83.765912,1.262e-17,O2_Holland(1993)_298K_49-103nm.txt
83.770911,1.273e-17,O2_Holland(1993)_298K_49-103nm.txt
83.775903,1.249e-17,O2_Holland(1993)_298K_49-103nm.txt
83.78089,1.188e-17,O2_Holland(1993)_298K_49-103nm.txt
83.785883,1.198e-17,O2_Holland(1993)_298K_49-103nm.txt
83.790875,1.213e-17,O2_Holland(1993)_298K_49-103nm.txt
83.795874,1.23e-17,O2_Holland(1993)_298K_49-103nm.txt
83.800867,1.284e-17,O2_Holland(1993)_298K_49-103nm.txt
83.805853,1.336e-17,O2_Holland(1993)_298K_49-103nm.txt
83.810846,1.427e-17,O2_Holland(1993)_298K_49-103nm.txt
83.815839,1.617e-17,O2_Holland(1993)_298K_49-103nm.txt
83.820837,1.788e-17,O2_Holland(1993)_298K_49-103nm.txt
83.82583,1.956e-17,O2_Holland(1993)_298K_49-103nm.txt
83.830817,2.107e-17,O2_Holland(1993)_298K_49-103nm.txt
83.835809,2.175e-17,O2_Holland(1993)_298K_49-103nm.txt
83.840802,2.213e-17,O2_Holland(1993)_298K_49-103nm.txt
83.845801,2.24e-17,O2_Holland(1993)_298K_49-103nm.txt
83.850793,2.311e-17,O2_Holland(1993)_298K_49-103nm.txt
83.85578,2.433e-17,O2_Holland(1993)_298K_49-103nm.txt
83.860773,2.552e-17,O2_Holland(1993)_298K_49-103nm.txt
83.865765,2.616e-17,O2_Holland(1993)_298K_49-103nm.txt
83.870764,2.625e-17,O2_Holland(1993)_298K_49-103nm.txt
83.875757,2.596e-17,O2_Holland(1993)_298K_49-103nm.txt
83.880743,2.516e-17,O2_Holland(1993)_298K_49-103nm.txt
83.885736,2.434e-17,O2_Holland(1993)_298K_49-103nm.txt
83.890729,2.405e-17,O2_Holland(1993)_298K_49-103nm.txt
83.895727,2.405e-17,O2_Holland(1993)_298K_49-103nm.txt
83.90072,2.514e-17,O2_Holland(1993)_298K_49-103nm.txt
83.905707,2.601e-17,O2_Holland(1993)_298K_49-103nm.txt
83.910699,2.69e-17,O2_Holland(1993)_298K_49-103nm.txt
83.915692,2.688e-17,O2_Holland(1993)_298K_49-103nm.txt
83.920691,2.635e-17,O2_Holland(1993)_298K_49-103nm.txt
83.925677,2.565e-17,O2_Holland(1993)_298K_49-103nm.txt
83.93067,2.4e-17,O2_Holland(1993)_298K_49-103nm.txt
83.935663,2.299e-17,O2_Holland(1993)_298K_49-103nm.txt
83.940656,2.136e-17,O2_Holland(1993)_298K_49-103nm.txt
83.945654,2.03e-17,O2_Holland(1993)_298K_49-103nm.txt
83.950641,1.957e-17,O2_Holland(1993)_298K_49-103nm.txt
83.955633,1.863e-17,O2_Holland(1993)_298K_49-103nm.txt
83.960626,1.766e-17,O2_Holland(1993)_298K_49-103nm.txt
83.965619,1.682e-17,O2_Holland(1993)_298K_49-103nm.txt
83.970618,1.631e-17,O2_Holland(1993)_298K_49-103nm.txt
83.975604,1.561e-17,O2_Holland(1993)_298K_49-103nm.txt
83.980597,1.54e-17,O2_Holland(1993)_298K_49-103nm.txt
83.98559,1.481e-17,O2_Holland(1993)_298K_49-103nm.txt
83.990582,1.437e-17,O2_Holland(1993)_298K_49-103nm.txt
83.995581,1.426e-17,O2_Holland(1993)_298K_49-103nm.txt
84.000568,1.407e-17,O2_Holland(1993)_298K_49-103nm.txt
84.00556,1.305e-17,O2_Holland(1993)_298K_49-103nm.txt
84.010553,1.269e-17,O2_Holland(1993)_298K_49-103nm.txt
84.015546,1.252e-17,O2_Holland(1993)_298K_49-103nm.txt
84.020544,1.216e-17,O2_Holland(1993)_298K_49-103nm.txt
84.025531,1.27e-17,O2_Holland(1993)_298K_49-103nm.txt
84.030524,1.22e-17,O2_Holland(1993)_298K_49-103nm.txt
84.035516,1.21e-17,O2_Holland(1993)_298K_49-103nm.txt
84.040509,1.164e-17,O2_Holland(1993)_298K_49-103nm.txt
84.045508,1.148e-17,O2_Holland(1993)_298K_49-103nm.txt
84.050494,1.177e-17,O2_Holland(1993)_298K_49-103nm.txt
84.055487,1.15e-17,O2_Holland(1993)_298K_49-103nm.txt
84.06048,1.121e-17,O2_Holland(1993)_298K_49-103nm.txt
84.065472,1.103e-17,O2_Holland(1993)_298K_49-103nm.txt
84.070471,1.055e-17,O2_Holland(1993)_298K_49-103nm.txt
84.075458,1.057e-17,O2_Holland(1993)_298K_49-103nm.txt
84.08045,1.086e-17,O2_Holland(1993)_298K_49-103nm.txt
84.085443,1.071e-17,O2_Holland(1993)_298K_49-103nm.txt
84.090436,1.088e-17,O2_Holland(1993)_298K_49-103nm.txt
84.095435,1.067e-17,O2_Holland(1993)_298K_49-103nm.txt
84.100421,1.092e-17,O2_Holland(1993)_298K_49-103nm.txt
84.105414,1.065e-17,O2_Holland(1993)_298K_49-103nm.txt
84.110406,1.064e-17,O2_Holland(1993)_298K_49-103nm.txt
84.115399,1.073e-17,O2_Holland(1993)_298K_49-103nm.txt
84.120392,1.062e-17,O2_Holland(1993)_298K_49-103nm.txt
84.125384,1.051e-17,O2_Holland(1993)_298K_49-103nm.txt
84.130377,1.063e-17,O2_Holland(1993)_298K_49-103nm.txt
84.13537,1.086e-17,O2_Holland(1993)_298K_49-103nm.txt
84.140363,1.056e-17,O2_Holland(1993)_298K_49-103nm.txt
84.145355,1.034e-17,O2_Holland(1993)_298K_49-103nm.txt
84.150348,1.058e-17,O2_Holland(1993)_298K_49-103nm.txt
84.155341,1.036e-17,O2_Holland(1993)_298K_49-103nm.txt
84.160333,1.001e-17,O2_Holland(1993)_298K_49-103nm.txt
84.165326,1.001e-17,O2_Holland(1993)_298K_49-103nm.txt
84.170319,9.919e-18,O2_Holland(1993)_298K_49-103nm.txt
84.175311,9.624e-18,O2_Holland(1993)_298K_49-103nm.txt
84.180304,9.622e-18,O2_Holland(1993)_298K_49-103nm.txt
84.185297,9.111e-18,O2_Holland(1993)_298K_49-103nm.txt
84.190289,9.734e-18,O2_Holland(1993)_298K_49-103nm.txt
84.195282,9.927e-18,O2_Holland(1993)_298K_49-103nm.txt
84.200275,8.944e-18,O2_Holland(1993)_298K_49-103nm.txt
84.205267,9.232e-18,O2_Holland(1993)_298K_49-103nm.txt
84.21026,9.872e-18,O2_Holland(1993)_298K_49-103nm.txt
84.215253,9.257e-18,O2_Holland(1993)_298K_49-103nm.txt
84.220245,9.364e-18,O2_Holland(1993)_298K_49-103nm.txt
84.225238,9.336e-18,O2_Holland(1993)_298K_49-103nm.txt
84.230231,9.536e-18,O2_Holland(1993)_298K_49-103nm.txt
84.235223,1.007e-17,O2_Holland(1993)_298K_49-103nm.txt
84.240216,1.009e-17,O2_Holland(1993)_298K_49-103nm.txt
84.245209,1.038e-17,O2_Holland(1993)_298K_49-103nm.txt
84.250201,1.042e-17,O2_Holland(1993)_298K_49-103nm.txt
84.255194,1.061e-17,O2_Holland(1993)_298K_49-103nm.txt
84.260187,1.023e-17,O2_Holland(1993)_298K_49-103nm.txt
84.265179,1.062e-17,O2_Holland(1993)_298K_49-103nm.txt
84.270172,1.093e-17,O2_Holland(1993)_298K_49-103nm.txt
84.275165,1.071e-17,O2_Holland(1993)_298K_49-103nm.txt
84.280157,1.119e-17,O2_Holland(1993)_298K_49-103nm.txt
84.28515,1.178e-17,O2_Holland(1993)_298K_49-103nm.txt
84.290143,1.206e-17,O2_Holland(1993)_298K_49-103nm.txt
84.295136,1.208e-17,O2_Holland(1993)_298K_49-103nm.txt
84.300128,1.287e-17,O2_Holland(1993)_298K_49-103nm.txt
84.305121,1.277e-17,O2_Holland(1993)_298K_49-103nm.txt
84.310114,1.251e-17,O2_Holland(1993)_298K_49-103nm.txt
84.315106,1.244e-17,O2_Holland(1993)_298K_49-103nm.txt
84.320099,1.282e-17,O2_Holland(1993)_298K_49-103nm.txt
84.325092,1.264e-17,O2_Holland(1993)_298K_49-103nm.txt
84.330084,1.294e-17,O2_Holland(1993)_298K_49-103nm.txt
84.335077,1.271e-17,O2_Holland(1993)_298K_49-103nm.txt
84.340063,1.345e-17,O2_Holland(1993)_298K_49-103nm.txt
84.345062,1.365e-17,O2_Holland(1993)_298K_49-103nm.txt
84.350055,1.326e-17,O2_Holland(1993)_298K_49-103nm.txt
84.355048,1.323e-17,O2_Holland(1993)_298K_49-103nm.txt
84.36004,1.254e-17,O2_Holland(1993)_298K_49-103nm.txt
84.365027,1.263e-17,O2_Holland(1993)_298K_49-103nm.txt
84.370026,1.208e-17,O2_Holland(1993)_298K_49-103nm.txt
84.375018,1.294e-17,O2_Holland(1993)_298K_49-103nm.txt
84.380011,1.292e-17,O2_Holland(1993)_298K_49-103nm.txt
84.385004,1.269e-17,O2_Holland(1993)_298K_49-103nm.txt
84.38999,1.292e-17,O2_Holland(1993)_298K_49-103nm.txt
84.394989,1.238e-17,O2_Holland(1993)_298K_49-103nm.txt
84.399982,1.23e-17,O2_Holland(1993)_298K_49-103nm.txt
84.404974,1.201e-17,O2_Holland(1993)_298K_49-103nm.txt
84.409967,1.217e-17,O2_Holland(1993)_298K_49-103nm.txt
84.414954,1.191e-17,O2_Holland(1993)_298K_49-103nm.txt
84.419952,1.161e-17,O2_Holland(1993)_298K_49-103nm.txt
84.424945,1.173e-17,O2_Holland(1993)_298K_49-103nm.txt
84.429938,1.186e-17,O2_Holland(1993)_298K_49-103nm.txt
84.43493,1.162e-17,O2_Holland(1993)_298K_49-103nm.txt
84.439819,1.147e-17,O2_Holland(1993)_298K_49-103nm.txt
84.444916,1.125e-17,O2_Holland(1993)_298K_49-103nm.txt
84.449908,1.155e-17,O2_Holland(1993)_298K_49-103nm.txt
84.454901,1.125e-17,O2_Holland(1993)_298K_49-103nm.txt
84.459894,1.159e-17,O2_Holland(1993)_298K_49-103nm.txt
84.464783,1.171e-17,O2_Holland(1993)_298K_49-103nm.txt
84.469775,1.196e-17,O2_Holland(1993)_298K_49-103nm.txt
84.474768,1.165e-17,O2_Holland(1993)_298K_49-103nm.txt
84.479864,1.159e-17,O2_Holland(1993)_298K_49-103nm.txt
84.484857,1.251e-17,O2_Holland(1993)_298K_49-103nm.txt
84.489746,1.304e-17,O2_Holland(1993)_298K_49-103nm.txt
84.494739,1.346e-17,O2_Holland(1993)_298K_49-103nm.txt
84.499731,1.39e-17,O2_Holland(1993)_298K_49-103nm.txt
84.50473,1.495e-17,O2_Holland(1993)_298K_49-103nm.txt
84.509821,1.582e-17,O2_Holland(1993)_298K_49-103nm.txt
84.51471,1.676e-17,O2_Holland(1993)_298K_49-103nm.txt
84.519702,1.791e-17,O2_Holland(1993)_298K_49-103nm.txt
84.524695,1.849e-17,O2_Holland(1993)_298K_49-103nm.txt
84.529694,1.846e-17,O2_Holland(1993)_298K_49-103nm.txt
84.534686,1.857e-17,O2_Holland(1993)_298K_49-103nm.txt
84.539673,1.938e-17,O2_Holland(1993)_298K_49-103nm.txt
84.544665,1.951e-17,O2_Holland(1993)_298K_49-103nm.txt
84.549658,2.006e-17,O2_Holland(1993)_298K_49-103nm.txt
84.554657,2.014e-17,O2_Holland(1993)_298K_49-103nm.txt
84.559644,1.986e-17,O2_Holland(1993)_298K_49-103nm.txt
84.564636,2.004e-17,O2_Holland(1993)_298K_49-103nm.txt
84.569629,1.997e-17,O2_Holland(1993)_298K_49-103nm.txt
84.574622,1.915e-17,O2_Holland(1993)_298K_49-103nm.txt
84.57962,1.892e-17,O2_Holland(1993)_298K_49-103nm.txt
84.584607,1.876e-17,O2_Holland(1993)_298K_49-103nm.txt
84.5896,1.889e-17,O2_Holland(1993)_298K_49-103nm.txt
84.594592,1.965e-17,O2_Holland(1993)_298K_49-103nm.txt
84.599585,2.015e-17,O2_Holland(1993)_298K_49-103nm.txt
84.604584,2.051e-17,O2_Holland(1993)_298K_49-103nm.txt
84.60957,2.015e-17,O2_Holland(1993)_298K_49-103nm.txt
84.614563,1.937e-17,O2_Holland(1993)_298K_49-103nm.txt
84.619556,1.884e-17,O2_Holland(1993)_298K_49-103nm.txt
84.624548,1.799e-17,O2_Holland(1993)_298K_49-103nm.txt
84.629547,1.709e-17,O2_Holland(1993)_298K_49-103nm.txt
84.634534,1.564e-17,O2_Holland(1993)_298K_49-103nm.txt
84.639526,1.527e-17,O2_Holland(1993)_298K_49-103nm.txt
84.644519,1.478e-17,O2_Holland(1993)_298K_49-103nm.txt
84.649512,1.477e-17,O2_Holland(1993)_298K_49-103nm.txt
84.654511,1.411e-17,O2_Holland(1993)_298K_49-103nm.txt
84.659497,1.372e-17,O2_Holland(1993)_298K_49-103nm.txt
84.66449,1.317e-17,O2_Holland(1993)_298K_49-103nm.txt
84.669482,1.325e-17,O2_Holland(1993)_298K_49-103nm.txt
84.674475,1.182e-17,O2_Holland(1993)_298K_49-103nm.txt
84.679474,1.171e-17,O2_Holland(1993)_298K_49-103nm.txt
84.68446,1.103e-17,O2_Holland(1993)_298K_49-103nm.txt
84.689453,1.113e-17,O2_Holland(1993)_298K_49-103nm.txt
84.694446,1.078e-17,O2_Holland(1993)_298K_49-103nm.txt
84.699438,1.107e-17,O2_Holland(1993)_298K_49-103nm.txt
84.704437,9.821e-18,O2_Holland(1993)_298K_49-103nm.txt
84.709424,1.078e-17,O2_Holland(1993)_298K_49-103nm.txt
84.714417,9.837e-18,O2_Holland(1993)_298K_49-103nm.txt
84.719409,9.905e-18,O2_Holland(1993)_298K_49-103nm.txt
84.724402,9.61e-18,O2_Holland(1993)_298K_49-103nm.txt
84.729401,9.443e-18,O2_Holland(1993)_298K_49-103nm.txt
84.734387,8.985e-18,O2_Holland(1993)_298K_49-103nm.txt
84.73938,9.706e-18,O2_Holland(1993)_298K_49-103nm.txt
84.744373,8.751e-18,O2_Holland(1993)_298K_49-103nm.txt
84.749365,8.622e-18,O2_Holland(1993)_298K_49-103nm.txt
84.754358,9.254e-18,O2_Holland(1993)_298K_49-103nm.txt
84.759351,8.932e-18,O2_Holland(1993)_298K_49-103nm.txt
84.764343,9.662e-18,O2_Holland(1993)_298K_49-103nm.txt
84.769336,9.562e-18,O2_Holland(1993)_298K_49-103nm.txt
84.774329,9.462e-18,O2_Holland(1993)_298K_49-103nm.txt
84.779321,8.836e-18,O2_Holland(1993)_298K_49-103nm.txt
84.784314,9.029e-18,O2_Holland(1993)_298K_49-103nm.txt
84.789307,9.024e-18,O2_Holland(1993)_298K_49-103nm.txt
84.794299,8.621e-18,O2_Holland(1993)_298K_49-103nm.txt
84.799292,8.99e-18,O2_Holland(1993)_298K_49-103nm.txt
84.804285,9.174e-18,O2_Holland(1993)_298K_49-103nm.txt
84.809277,9.013e-18,O2_Holland(1993)_298K_49-103nm.txt
84.81427,9.604e-18,O2_Holland(1993)_298K_49-103nm.txt
84.819263,8.576e-18,O2_Holland(1993)_298K_49-103nm.txt
84.824255,9.415e-18,O2_Holland(1993)_298K_49-103nm.txt
84.829248,9.197e-18,O2_Holland(1993)_298K_49-103nm.txt
84.834241,9.193e-18,O2_Holland(1993)_298K_49-103nm.txt
84.839233,9.112e-18,O2_Holland(1993)_298K_49-103nm.txt
84.844226,9.24e-18,O2_Holland(1993)_298K_49-103nm.txt
84.849219,9.454e-18,O2_Holland(1993)_298K_49-103nm.txt
84.854211,9.229e-18,O2_Holland(1993)_298K_49-103nm.txt
84.859204,9.457e-18,O2_Holland(1993)_298K_49-103nm.txt
84.864197,9.421e-18,O2_Holland(1993)_298K_49-103nm.txt
84.86919,9.086e-18,O2_Holland(1993)_298K_49-103nm.txt
84.874182,9.157e-18,O2_Holland(1993)_298K_49-103nm.txt
84.879175,9.049e-18,O2_Holland(1993)_298K_49-103nm.txt
84.884168,9.265e-18,O2_Holland(1993)_298K_49-103nm.txt
84.88916,8.795e-18,O2_Holland(1993)_298K_49-103nm.txt
84.894153,9.08e-18,O2_Holland(1993)_298K_49-103nm.txt
84.899145,8.827e-18,O2_Holland(1993)_298K_49-103nm.txt
84.904138,8.664e-18,O2_Holland(1993)_298K_49-103nm.txt
84.909131,8.934e-18,O2_Holland(1993)_298K_49-103nm.txt
84.914124,9.738e-18,O2_Holland(1993)_298K_49-103nm.txt
84.919116,9.262e-18,O2_Holland(1993)_298K_49-103nm.txt
84.924109,9e-18,O2_Holland(1993)_298K_49-103nm.txt
84.929102,8.468e-18,O2_Holland(1993)_298K_49-103nm.txt
84.934094,8.607e-18,O2_Holland(1993)_298K_49-103nm.txt
84.939087,8.708e-18,O2_Holland(1993)_298K_49-103nm.txt
84.94408,9.319e-18,O2_Holland(1993)_298K_49-103nm.txt
84.949066,8.862e-18,O2_Holland(1993)_298K_49-103nm.txt
84.954065,8.862e-18,O2_Holland(1993)_298K_49-103nm.txt
84.959058,1.005e-17,O2_Holland(1993)_298K_49-103nm.txt
84.96405,1e-17,O2_Holland(1993)_298K_49-103nm.txt
84.969043,9.527e-18,O2_Holland(1993)_298K_49-103nm.txt
84.974029,9.766e-18,O2_Holland(1993)_298K_49-103nm.txt
84.979028,1.032e-17,O2_Holland(1993)_298K_49-103nm.txt
84.984021,1.025e-17,O2_Holland(1993)_298K_49-103nm.txt
84.989014,1.035e-17,O2_Holland(1993)_298K_49-103nm.txt
84.994006,1.081e-17,O2_Holland(1993)_298K_49-103nm.txt
84.998993,1.075e-17,O2_Holland(1993)_298K_49-103nm.txt
85.003992,1.03e-17,O2_Holland(1993)_298K_49-103nm.txt
85.008984,1.052e-17,O2_Holland(1993)_298K_49-103nm.txt
85.013977,1.039e-17,O2_Holland(1993)_298K_49-103nm.txt
85.01897,1.025e-17,O2_Holland(1993)_298K_49-103nm.txt
85.023956,1.032e-17,O2_Holland(1993)_298K_49-103nm.txt
85.028955,1.039e-17,O2_Holland(1993)_298K_49-103nm.txt
85.033948,1.042e-17,O2_Holland(1993)_298K_49-103nm.txt
85.03894,1.011e-17,O2_Holland(1993)_298K_49-103nm.txt
85.043933,1.045e-17,O2_Holland(1993)_298K_49-103nm.txt
85.04892,1.046e-17,O2_Holland(1993)_298K_49-103nm.txt
85.053918,1.043e-17,O2_Holland(1993)_298K_49-103nm.txt
85.058911,1.061e-17,O2_Holland(1993)_298K_49-103nm.txt
85.063904,1.046e-17,O2_Holland(1993)_298K_49-103nm.txt
85.068897,1.078e-17,O2_Holland(1993)_298K_49-103nm.txt
85.073883,1.051e-17,O2_Holland(1993)_298K_49-103nm.txt
85.078882,1.057e-17,O2_Holland(1993)_298K_49-103nm.txt
85.083875,1.054e-17,O2_Holland(1993)_298K_49-103nm.txt
85.088867,1.019e-17,O2_Holland(1993)_298K_49-103nm.txt
85.09386,1.069e-17,O2_Holland(1993)_298K_49-103nm.txt
85.098846,1.075e-17,O2_Holland(1993)_298K_49-103nm.txt
85.103845,1.077e-17,O2_Holland(1993)_298K_49-103nm.txt
85.108838,1.055e-17,O2_Holland(1993)_298K_49-103nm.txt
85.113831,1.022e-17,O2_Holland(1993)_298K_49-103nm.txt
85.118823,1.011e-17,O2_Holland(1993)_298K_49-103nm.txt
85.12381,9.972e-18,O2_Holland(1993)_298K_49-103nm.txt
85.128809,9.989e-18,O2_Holland(1993)_298K_49-103nm.txt
85.133801,9.875e-18,O2_Holland(1993)_298K_49-103nm.txt
85.138794,9.802e-18,O2_Holland(1993)_298K_49-103nm.txt
85.143781,9.574e-18,O2_Holland(1993)_298K_49-103nm.txt
85.148773,9.727e-18,O2_Holland(1993)_298K_49-103nm.txt
85.153772,9.444e-18,O2_Holland(1993)_298K_49-103nm.txt
85.158765,9.684e-18,O2_Holland(1993)_298K_49-103nm.txt
85.163757,9.292e-18,O2_Holland(1993)_298K_49-103nm.txt
85.168744,9.629e-18,O2_Holland(1993)_298K_49-103nm.txt
85.173737,1.001e-17,O2_Holland(1993)_298K_49-103nm.txt
85.178735,1.009e-17,O2_Holland(1993)_298K_49-103nm.txt
85.183728,1.056e-17,O2_Holland(1993)_298K_49-103nm.txt
85.188721,1.068e-17,O2_Holland(1993)_298K_49-103nm.txt
85.193707,1.103e-17,O2_Holland(1993)_298K_49-103nm.txt
85.1987,1.061e-17,O2_Holland(1993)_298K_49-103nm.txt
85.203699,1.075e-17,O2_Holland(1993)_298K_49-103nm.txt
85.208691,1.122e-17,O2_Holland(1993)_298K_49-103nm.txt
85.213684,1.131e-17,O2_Holland(1993)_298K_49-103nm.txt
85.218671,1.105e-17,O2_Holland(1993)_298K_49-103nm.txt
85.223663,1.13e-17,O2_Holland(1993)_298K_49-103nm.txt
85.228662,1.189e-17,O2_Holland(1993)_298K_49-103nm.txt
85.233655,1.245e-17,O2_Holland(1993)_298K_49-103nm.txt
85.238648,1.27e-17,O2_Holland(1993)_298K_49-103nm.txt
85.243634,1.239e-17,O2_Holland(1993)_298K_49-103nm.txt
85.248627,1.252e-17,O2_Holland(1993)_298K_49-103nm.txt
85.253625,1.285e-17,O2_Holland(1993)_298K_49-103nm.txt
85.258618,1.311e-17,O2_Holland(1993)_298K_49-103nm.txt
85.263611,1.333e-17,O2_Holland(1993)_298K_49-103nm.txt
85.268597,1.333e-17,O2_Holland(1993)_298K_49-103nm.txt
85.27359,1.361e-17,O2_Holland(1993)_298K_49-103nm.txt
85.278589,1.32e-17,O2_Holland(1993)_298K_49-103nm.txt
85.283582,1.33e-17,O2_Holland(1993)_298K_49-103nm.txt
85.288574,1.292e-17,O2_Holland(1993)_298K_49-103nm.txt
85.293561,1.276e-17,O2_Holland(1993)_298K_49-103nm.txt
85.298554,1.307e-17,O2_Holland(1993)_298K_49-103nm.txt
85.303552,1.344e-17,O2_Holland(1993)_298K_49-103nm.txt
85.308545,1.345e-17,O2_Holland(1993)_298K_49-103nm.txt
85.313538,1.353e-17,O2_Holland(1993)_298K_49-103nm.txt
85.318524,1.378e-17,O2_Holland(1993)_298K_49-103nm.txt
85.323517,1.351e-17,O2_Holland(1993)_298K_49-103nm.txt
85.328516,1.344e-17,O2_Holland(1993)_298K_49-103nm.txt
85.333508,1.263e-17,O2_Holland(1993)_298K_49-103nm.txt
85.338495,1.278e-17,O2_Holland(1993)_298K_49-103nm.txt
85.343488,1.172e-17,O2_Holland(1993)_298K_49-103nm.txt
85.34848,1.125e-17,O2_Holland(1993)_298K_49-103nm.txt
85.353479,1.132e-17,O2_Holland(1993)_298K_49-103nm.txt
85.358472,1.071e-17,O2_Holland(1993)_298K_49-103nm.txt
85.363458,1.085e-17,O2_Holland(1993)_298K_49-103nm.txt
85.368451,1.077e-17,O2_Holland(1993)_298K_49-103nm.txt
85.373444,1.014e-17,O2_Holland(1993)_298K_49-103nm.txt
85.378442,1.009e-17,O2_Holland(1993)_298K_49-103nm.txt
85.383435,1.002e-17,O2_Holland(1993)_298K_49-103nm.txt
85.388422,9.196e-18,O2_Holland(1993)_298K_49-103nm.txt
85.393414,8.925e-18,O2_Holland(1993)_298K_49-103nm.txt
85.398407,9.424e-18,O2_Holland(1993)_298K_49-103nm.txt
85.403406,9.196e-18,O2_Holland(1993)_298K_49-103nm.txt
85.408398,9.26e-18,O2_Holland(1993)_298K_49-103nm.txt
85.413385,8.256e-18,O2_Holland(1993)_298K_49-103nm.txt
85.418378,8.858e-18,O2_Holland(1993)_298K_49-103nm.txt
85.42337,8.612e-18,O2_Holland(1993)_298K_49-103nm.txt
85.428369,8.794e-18,O2_Holland(1993)_298K_49-103nm.txt
85.433362,8.557e-18,O2_Holland(1993)_298K_49-103nm.txt
85.438348,8.596e-18,O2_Holland(1993)_298K_49-103nm.txt
85.443341,8.399e-18,O2_Holland(1993)_298K_49-103nm.txt
85.448334,8.055e-18,O2_Holland(1993)_298K_49-103nm.txt
85.453332,8.311e-18,O2_Holland(1993)_298K_49-103nm.txt
85.458325,8.504e-18,O2_Holland(1993)_298K_49-103nm.txt
85.463312,9.293e-18,O2_Holland(1993)_298K_49-103nm.txt
85.468304,9.147e-18,O2_Holland(1993)_298K_49-103nm.txt
85.473297,8.287e-18,O2_Holland(1993)_298K_49-103nm.txt
85.478296,8.538e-18,O2_Holland(1993)_298K_49-103nm.txt
85.483289,8.641e-18,O2_Holland(1993)_298K_49-103nm.txt
85.488275,8.789e-18,O2_Holland(1993)_298K_49-103nm.txt
85.493268,8.488e-18,O2_Holland(1993)_298K_49-103nm.txt
85.498261,8.388e-18,O2_Holland(1993)_298K_49-103nm.txt
85.503259,8.361e-18,O2_Holland(1993)_298K_49-103nm.txt
85.508252,8.319e-18,O2_Holland(1993)_298K_49-103nm.txt
85.513239,8.409e-18,O2_Holland(1993)_298K_49-103nm.txt
85.518231,8.392e-18,O2_Holland(1993)_298K_49-103nm.txt
85.523224,8.499e-18,O2_Holland(1993)_298K_49-103nm.txt
85.528223,7.85e-18,O2_Holland(1993)_298K_49-103nm.txt
85.533209,8.524e-18,O2_Holland(1993)_298K_49-103nm.txt
85.538202,8.259e-18,O2_Holland(1993)_298K_49-103nm.txt
85.543195,7.982e-18,O2_Holland(1993)_298K_49-103nm.txt
85.548187,8.144e-18,O2_Holland(1993)_298K_49-103nm.txt
85.553186,8.333e-18,O2_Holland(1993)_298K_49-103nm.txt
85.558173,8.905e-18,O2_Holland(1993)_298K_49-103nm.txt
85.563165,9.237e-18,O2_Holland(1993)_298K_49-103nm.txt
85.568158,8.557e-18,O2_Holland(1993)_298K_49-103nm.txt
85.573151,8.827e-18,O2_Holland(1993)_298K_49-103nm.txt
85.578149,9.1e-18,O2_Holland(1993)_298K_49-103nm.txt
85.583136,9.097e-18,O2_Holland(1993)_298K_49-103nm.txt
85.588129,9.418e-18,O2_Holland(1993)_298K_49-103nm.txt
85.593121,9.212e-18,O2_Holland(1993)_298K_49-103nm.txt
85.598114,9.273e-18,O2_Holland(1993)_298K_49-103nm.txt
85.603113,9.431e-18,O2_Holland(1993)_298K_49-103nm.txt
85.608099,9.406e-18,O2_Holland(1993)_298K_49-103nm.txt
85.613092,9.586e-18,O2_Holland(1993)_298K_49-103nm.txt
85.618085,1.025e-17,O2_Holland(1993)_298K_49-103nm.txt
85.623077,9.962e-18,O2_Holland(1993)_298K_49-103nm.txt
85.628076,9.788e-18,O2_Holland(1993)_298K_49-103nm.txt
85.633063,9.854e-18,O2_Holland(1993)_298K_49-103nm.txt
85.638055,9.774e-18,O2_Holland(1993)_298K_49-103nm.txt
85.643048,1.038e-17,O2_Holland(1993)_298K_49-103nm.txt
85.648041,1.015e-17,O2_Holland(1993)_298K_49-103nm.txt
85.65304,1.082e-17,O2_Holland(1993)_298K_49-103nm.txt
85.658026,1.029e-17,O2_Holland(1993)_298K_49-103nm.txt
85.663019,1.006e-17,O2_Holland(1993)_298K_49-103nm.txt
85.668012,1.041e-17,O2_Holland(1993)_298K_49-103nm.txt
85.673004,1.073e-17,O2_Holland(1993)_298K_49-103nm.txt
85.678003,1.041e-17,O2_Holland(1993)_298K_49-103nm.txt
85.682989,1.046e-17,O2_Holland(1993)_298K_49-103nm.txt
85.687982,1.065e-17,O2_Holland(1993)_298K_49-103nm.txt
85.692975,1.097e-17,O2_Holland(1993)_298K_49-103nm.txt
85.697968,1.096e-17,O2_Holland(1993)_298K_49-103nm.txt
85.702966,1.088e-17,O2_Holland(1993)_298K_49-103nm.txt
85.707953,1.085e-17,O2_Holland(1993)_298K_49-103nm.txt
85.712946,1.096e-17,O2_Holland(1993)_298K_49-103nm.txt
85.717938,1.126e-17,O2_Holland(1993)_298K_49-103nm.txt
85.722931,1.115e-17,O2_Holland(1993)_298K_49-103nm.txt
85.727924,1.134e-17,O2_Holland(1993)_298K_49-103nm.txt
85.732916,1.105e-17,O2_Holland(1993)_298K_49-103nm.txt
85.737909,1.113e-17,O2_Holland(1993)_298K_49-103nm.txt
85.742902,1.061e-17,O2_Holland(1993)_298K_49-103nm.txt
85.747894,1.01e-17,O2_Holland(1993)_298K_49-103nm.txt
85.752887,1.017e-17,O2_Holland(1993)_298K_49-103nm.txt
85.75788,9.65e-18,O2_Holland(1993)_298K_49-103nm.txt
85.762872,1.002e-17,O2_Holland(1993)_298K_49-103nm.txt
85.767865,9.788e-18,O2_Holland(1993)_298K_49-103nm.txt
85.772858,9.951e-18,O2_Holland(1993)_298K_49-103nm.txt
85.77785,9.552e-18,O2_Holland(1993)_298K_49-103nm.txt
85.782843,9.592e-18,O2_Holland(1993)_298K_49-103nm.txt
85.787836,9.426e-18,O2_Holland(1993)_298K_49-103nm.txt
85.792828,8.895e-18,O2_Holland(1993)_298K_49-103nm.txt
85.797821,9.231e-18,O2_Holland(1993)_298K_49-103nm.txt
85.802814,8.901e-18,O2_Holland(1993)_298K_49-103nm.txt
85.807806,8.721e-18,O2_Holland(1993)_298K_49-103nm.txt
85.812799,8.95e-18,O2_Holland(1993)_298K_49-103nm.txt
85.817792,9.113e-18,O2_Holland(1993)_298K_49-103nm.txt
85.822784,8.563e-18,O2_Holland(1993)_298K_49-103nm.txt
85.827777,8.268e-18,O2_Holland(1993)_298K_49-103nm.txt
85.83277,8.547e-18,O2_Holland(1993)_298K_49-103nm.txt
85.837762,8.688e-18,O2_Holland(1993)_298K_49-103nm.txt
85.842755,8.411e-18,O2_Holland(1993)_298K_49-103nm.txt
85.847748,8.617e-18,O2_Holland(1993)_298K_49-103nm.txt
85.852741,8.611e-18,O2_Holland(1993)_298K_49-103nm.txt
85.857733,8.795e-18,O2_Holland(1993)_298K_49-103nm.txt
85.862726,8.732e-18,O2_Holland(1993)_298K_49-103nm.txt
85.867719,8.647e-18,O2_Holland(1993)_298K_49-103nm.txt
85.872711,8.577e-18,O2_Holland(1993)_298K_49-103nm.txt
85.877704,9.094e-18,O2_Holland(1993)_298K_49-103nm.txt
85.882696,8.324e-18,O2_Holland(1993)_298K_49-103nm.txt
85.887689,9.118e-18,O2_Holland(1993)_298K_49-103nm.txt
85.892682,8.647e-18,O2_Holland(1993)_298K_49-103nm.txt
85.897675,8.405e-18,O2_Holland(1993)_298K_49-103nm.txt
85.902667,7.888e-18,O2_Holland(1993)_298K_49-103nm.txt
85.90766,8.304e-18,O2_Holland(1993)_298K_49-103nm.txt
85.912653,8.207e-18,O2_Holland(1993)_298K_49-103nm.txt
85.917645,8.604e-18,O2_Holland(1993)_298K_49-103nm.txt
85.922632,8.454e-18,O2_Holland(1993)_298K_49-103nm.txt
85.927631,8.082e-18,O2_Holland(1993)_298K_49-103nm.txt
85.932623,7.527e-18,O2_Holland(1993)_298K_49-103nm.txt
85.937616,8.142e-18,O2_Holland(1993)_298K_49-103nm.txt
85.942609,8.088e-18,O2_Holland(1993)_298K_49-103nm.txt
85.947595,8.489e-18,O2_Holland(1993)_298K_49-103nm.txt
85.952594,8.87e-18,O2_Holland(1993)_298K_49-103nm.txt
85.957587,8.506e-18,O2_Holland(1993)_298K_49-103nm.txt
85.962579,8.115e-18,O2_Holland(1993)_298K_49-103nm.txt
85.967572,8.08e-18,O2_Holland(1993)_298K_49-103nm.txt
85.972559,8.798e-18,O2_Holland(1993)_298K_49-103nm.txt
85.977557,8.334e-18,O2_Holland(1993)_298K_49-103nm.txt
85.98255,8.186e-18,O2_Holland(1993)_298K_49-103nm.txt
85.987543,8.234e-18,O2_Holland(1993)_298K_49-103nm.txt
85.992535,8.568e-18,O2_Holland(1993)_298K_49-103nm.txt
85.997522,8.819e-18,O2_Holland(1993)_298K_49-103nm.txt
86.002521,8.756e-18,O2_Holland(1993)_298K_49-103nm.txt
86.007513,8.846e-18,O2_Holland(1993)_298K_49-103nm.txt
86.012506,8.848e-18,O2_Holland(1993)_298K_49-103nm.txt
86.017499,8.325e-18,O2_Holland(1993)_298K_49-103nm.txt
86.022485,8.709e-18,O2_Holland(1993)_298K_49-103nm.txt
86.027484,8.681e-18,O2_Holland(1993)_298K_49-103nm.txt
86.032477,9.35e-18,O2_Holland(1993)_298K_49-103nm.txt
86.037469,9.095e-18,O2_Holland(1993)_298K_49-103nm.txt
86.042462,8.944e-18,O2_Holland(1993)_298K_49-103nm.txt
86.047449,9.061e-18,O2_Holland(1993)_298K_49-103nm.txt
86.052448,9.256e-18,O2_Holland(1993)_298K_49-103nm.txt
86.05744,9.12e-18,O2_Holland(1993)_298K_49-103nm.txt
86.062433,9.301e-18,O2_Holland(1993)_298K_49-103nm.txt
86.067426,8.809e-18,O2_Holland(1993)_298K_49-103nm.txt
86.072412,8.758e-18,O2_Holland(1993)_298K_49-103nm.txt
86.077411,9.229e-18,O2_Holland(1993)_298K_49-103nm.txt
86.082404,8.389e-18,O2_Holland(1993)_298K_49-103nm.txt
86.087396,8.759e-18,O2_Holland(1993)_298K_49-103nm.txt
86.092389,9.025e-18,O2_Holland(1993)_298K_49-103nm.txt
86.097375,9.177e-18,O2_Holland(1993)_298K_49-103nm.txt
86.102374,9.319e-18,O2_Holland(1993)_298K_49-103nm.txt
86.107367,8.354e-18,O2_Holland(1993)_298K_49-103nm.txt
86.11236,8.485e-18,O2_Holland(1993)_298K_49-103nm.txt
86.117346,8.829e-18,O2_Holland(1993)_298K_49-103nm.txt
86.122339,8.731e-18,O2_Holland(1993)_298K_49-103nm.txt
86.127338,8.69e-18,O2_Holland(1993)_298K_49-103nm.txt
86.13233,8.563e-18,O2_Holland(1993)_298K_49-103nm.txt
86.137323,8.445e-18,O2_Holland(1993)_298K_49-103nm.txt
86.14231,8.68e-18,O2_Holland(1993)_298K_49-103nm.txt
86.147302,8.513e-18,O2_Holland(1993)_298K_49-103nm.txt
86.152301,7.891e-18,O2_Holland(1993)_298K_49-103nm.txt
86.157294,8.444e-18,O2_Holland(1993)_298K_49-103nm.txt
86.162286,8.645e-18,O2_Holland(1993)_298K_49-103nm.txt
86.167273,8.114e-18,O2_Holland(1993)_298K_49-103nm.txt
86.172266,7.879e-18,O2_Holland(1993)_298K_49-103nm.txt
86.177264,8.157e-18,O2_Holland(1993)_298K_49-103nm.txt
86.182257,7.607e-18,O2_Holland(1993)_298K_49-103nm.txt
86.18725,8.159e-18,O2_Holland(1993)_298K_49-103nm.txt
86.192236,8.208e-18,O2_Holland(1993)_298K_49-103nm.txt
86.197229,8.923e-18,O2_Holland(1993)_298K_49-103nm.txt
86.202228,8.705e-18,O2_Holland(1993)_298K_49-103nm.txt
86.207221,8.521e-18,O2_Holland(1993)_298K_49-103nm.txt
86.212213,8.315e-18,O2_Holland(1993)_298K_49-103nm.txt
86.2172,8.765e-18,O2_Holland(1993)_298K_49-103nm.txt
86.222192,8.395e-18,O2_Holland(1993)_298K_49-103nm.txt
86.227191,8.535e-18,O2_Holland(1993)_298K_49-103nm.txt
86.232184,8.828e-18,O2_Holland(1993)_298K_49-103nm.txt
86.237176,8.809e-18,O2_Holland(1993)_298K_49-103nm.txt
86.242163,8.492e-18,O2_Holland(1993)_298K_49-103nm.txt
86.247156,8.43e-18,O2_Holland(1993)_298K_49-103nm.txt
86.252154,8.538e-18,O2_Holland(1993)_298K_49-103nm.txt
86.257147,8.469e-18,O2_Holland(1993)_298K_49-103nm.txt
86.26214,8.686e-18,O2_Holland(1993)_298K_49-103nm.txt
86.267126,8.452e-18,O2_Holland(1993)_298K_49-103nm.txt
86.272119,8.512e-18,O2_Holland(1993)_298K_49-103nm.txt
86.277118,8.583e-18,O2_Holland(1993)_298K_49-103nm.txt
86.282111,8.94e-18,O2_Holland(1993)_298K_49-103nm.txt
86.287103,8.719e-18,O2_Holland(1993)_298K_49-103nm.txt
86.29209,8.791e-18,O2_Holland(1993)_298K_49-103nm.txt
86.297082,9.046e-18,O2_Holland(1993)_298K_49-103nm.txt
86.302081,9.201e-18,O2_Holland(1993)_298K_49-103nm.txt
86.307074,9.229e-18,O2_Holland(1993)_298K_49-103nm.txt
86.31206,9.516e-18,O2_Holland(1993)_298K_49-103nm.txt
86.317053,9.545e-18,O2_Holland(1993)_298K_49-103nm.txt
86.322046,9.376e-18,O2_Holland(1993)_298K_49-103nm.txt
86.327045,9.31e-18,O2_Holland(1993)_298K_49-103nm.txt
86.332037,9.203e-18,O2_Holland(1993)_298K_49-103nm.txt
86.337024,9.866e-18,O2_Holland(1993)_298K_49-103nm.txt
86.342017,9.556e-18,O2_Holland(1993)_298K_49-103nm.txt
86.347009,9.629e-18,O2_Holland(1993)_298K_49-103nm.txt
86.352008,9.887e-18,O2_Holland(1993)_298K_49-103nm.txt
86.357001,1.03e-17,O2_Holland(1993)_298K_49-103nm.txt
86.361987,1.002e-17,O2_Holland(1993)_298K_49-103nm.txt
86.36698,9.912e-18,O2_Holland(1993)_298K_49-103nm.txt
86.371973,1.041e-17,O2_Holland(1993)_298K_49-103nm.txt
86.376971,1.008e-17,O2_Holland(1993)_298K_49-103nm.txt
86.381964,1.008e-17,O2_Holland(1993)_298K_49-103nm.txt
86.386951,1.017e-17,O2_Holland(1993)_298K_49-103nm.txt
86.391943,1.044e-17,O2_Holland(1993)_298K_49-103nm.txt
86.396936,1.026e-17,O2_Holland(1993)_298K_49-103nm.txt
86.401935,1.016e-17,O2_Holland(1993)_298K_49-103nm.txt
86.406927,1.034e-17,O2_Holland(1993)_298K_49-103nm.txt
86.411914,1.028e-17,O2_Holland(1993)_298K_49-103nm.txt
86.416907,1.062e-17,O2_Holland(1993)_298K_49-103nm.txt
86.421899,1.05e-17,O2_Holland(1993)_298K_49-103nm.txt
86.426898,1.05e-17,O2_Holland(1993)_298K_49-103nm.txt
86.431891,1.035e-17,O2_Holland(1993)_298K_49-103nm.txt
86.436877,1.015e-17,O2_Holland(1993)_298K_49-103nm.txt
86.44187,1.043e-17,O2_Holland(1993)_298K_49-103nm.txt
86.446863,1.033e-17,O2_Holland(1993)_298K_49-103nm.txt
86.451862,9.885e-18,O2_Holland(1993)_298K_49-103nm.txt
86.456854,1.019e-17,O2_Holland(1993)_298K_49-103nm.txt
86.461841,1.024e-17,O2_Holland(1993)_298K_49-103nm.txt
86.466833,1.042e-17,O2_Holland(1993)_298K_49-103nm.txt
86.471826,1.024e-17,O2_Holland(1993)_298K_49-103nm.txt
86.476825,1.027e-17,O2_Holland(1993)_298K_49-103nm.txt
86.481818,9.953e-18,O2_Holland(1993)_298K_49-103nm.txt
86.486804,9.588e-18,O2_Holland(1993)_298K_49-103nm.txt
86.491797,9.93e-18,O2_Holland(1993)_298K_49-103nm.txt
86.49679,9.805e-18,O2_Holland(1993)_298K_49-103nm.txt
86.501788,1.001e-17,O2_Holland(1993)_298K_49-103nm.txt
86.506775,9.688e-18,O2_Holland(1993)_298K_49-103nm.txt
86.511768,1.023e-17,O2_Holland(1993)_298K_49-103nm.txt
86.51676,1.03e-17,O2_Holland(1993)_298K_49-103nm.txt
86.521753,9.57e-18,O2_Holland(1993)_298K_49-103nm.txt
86.526752,9.577e-18,O2_Holland(1993)_298K_49-103nm.txt
86.531738,9.31e-18,O2_Holland(1993)_298K_49-103nm.txt
86.536731,9.442e-18,O2_Holland(1993)_298K_49-103nm.txt
86.541724,9.713e-18,O2_Holland(1993)_298K_49-103nm.txt
86.546716,8.814e-18,O2_Holland(1993)_298K_49-103nm.txt
86.551715,8.534e-18,O2_Holland(1993)_298K_49-103nm.txt
86.556702,8.731e-18,O2_Holland(1993)_298K_49-103nm.txt
86.561694,8.874e-18,O2_Holland(1993)_298K_49-103nm.txt
86.566687,8.4e-18,O2_Holland(1993)_298K_49-103nm.txt
86.57168,8.136e-18,O2_Holland(1993)_298K_49-103nm.txt
86.576679,8.359e-18,O2_Holland(1993)_298K_49-103nm.txt
86.581665,8.349e-18,O2_Holland(1993)_298K_49-103nm.txt
86.586658,8.047e-18,O2_Holland(1993)_298K_49-103nm.txt
86.59165,8.203e-18,O2_Holland(1993)_298K_49-103nm.txt
86.596545,8.173e-18,O2_Holland(1993)_298K_49-103nm.txt
86.601642,8.235e-18,O2_Holland(1993)_298K_49-103nm.txt
86.606628,7.684e-18,O2_Holland(1993)_298K_49-103nm.txt
86.611621,7.695e-18,O2_Holland(1993)_298K_49-103nm.txt
86.616614,7.956e-18,O2_Holland(1993)_298K_49-103nm.txt
86.621509,7.338e-18,O2_Holland(1993)_298K_49-103nm.txt
86.626501,7.737e-18,O2_Holland(1993)_298K_49-103nm.txt
86.631592,7.844e-18,O2_Holland(1993)_298K_49-103nm.txt
86.636585,7.745e-18,O2_Holland(1993)_298K_49-103nm.txt
86.641577,7.652e-18,O2_Holland(1993)_298K_49-103nm.txt
86.646472,7.914e-18,O2_Holland(1993)_298K_49-103nm.txt
86.651465,8.049e-18,O2_Holland(1993)_298K_49-103nm.txt
86.656451,8.97e-18,O2_Holland(1993)_298K_49-103nm.txt
86.661548,8.676e-18,O2_Holland(1993)_298K_49-103nm.txt
86.66654,7.956e-18,O2_Holland(1993)_298K_49-103nm.txt
86.671435,8.641e-18,O2_Holland(1993)_298K_49-103nm.txt
86.676428,8.007e-18,O2_Holland(1993)_298K_49-103nm.txt
86.681415,8.326e-18,O2_Holland(1993)_298K_49-103nm.txt
86.686414,8.074e-18,O2_Holland(1993)_298K_49-103nm.txt
86.691504,7.745e-18,O2_Holland(1993)_298K_49-103nm.txt
86.696399,8.151e-18,O2_Holland(1993)_298K_49-103nm.txt
86.701392,7.732e-18,O2_Holland(1993)_298K_49-103nm.txt
86.706378,7.503e-18,O2_Holland(1993)_298K_49-103nm.txt
86.711377,7.723e-18,O2_Holland(1993)_298K_49-103nm.txt
86.71637,7.096e-18,O2_Holland(1993)_298K_49-103nm.txt
86.721362,8.321e-18,O2_Holland(1993)_298K_49-103nm.txt
86.726349,7.652e-18,O2_Holland(1993)_298K_49-103nm.txt
86.731342,7.688e-18,O2_Holland(1993)_298K_49-103nm.txt
86.73634,7.69e-18,O2_Holland(1993)_298K_49-103nm.txt
86.741333,8.088e-18,O2_Holland(1993)_298K_49-103nm.txt
86.746326,7.576e-18,O2_Holland(1993)_298K_49-103nm.txt
86.751312,7.802e-18,O2_Holland(1993)_298K_49-103nm.txt
86.756305,7.67e-18,O2_Holland(1993)_298K_49-103nm.txt
86.761304,7.105e-18,O2_Holland(1993)_298K_49-103nm.txt
86.766296,7.865e-18,O2_Holland(1993)_298K_49-103nm.txt
86.771289,7.059e-18,O2_Holland(1993)_298K_49-103nm.txt
86.776276,7.413e-18,O2_Holland(1993)_298K_49-103nm.txt
86.781268,7.426e-18,O2_Holland(1993)_298K_49-103nm.txt
86.786267,7.347e-18,O2_Holland(1993)_298K_49-103nm.txt
86.79126,7.645e-18,O2_Holland(1993)_298K_49-103nm.txt
86.796252,7.953e-18,O2_Holland(1993)_298K_49-103nm.txt
86.801239,7.017e-18,O2_Holland(1993)_298K_49-103nm.txt
86.806232,7.253e-18,O2_Holland(1993)_298K_49-103nm.txt
86.81123,7.622e-18,O2_Holland(1993)_298K_49-103nm.txt
86.816223,7.257e-18,O2_Holland(1993)_298K_49-103nm.txt
86.821216,7.412e-18,O2_Holland(1993)_298K_49-103nm.txt
86.826202,7.667e-18,O2_Holland(1993)_298K_49-103nm.txt
86.831195,7.382e-18,O2_Holland(1993)_298K_49-103nm.txt
86.836194,7.966e-18,O2_Holland(1993)_298K_49-103nm.txt
86.841187,7.408e-18,O2_Holland(1993)_298K_49-103nm.txt
86.846179,7.96e-18,O2_Holland(1993)_298K_49-103nm.txt
86.851166,7.918e-18,O2_Holland(1993)_298K_49-103nm.txt
86.856158,8.341e-18,O2_Holland(1993)_298K_49-103nm.txt
86.861157,8.266e-18,O2_Holland(1993)_298K_49-103nm.txt
86.86615,8.55e-18,O2_Holland(1993)_298K_49-103nm.txt
86.871143,8.629e-18,O2_Holland(1993)_298K_49-103nm.txt
86.876129,8.245e-18,O2_Holland(1993)_298K_49-103nm.txt
86.881122,8.692e-18,O2_Holland(1993)_298K_49-103nm.txt
86.886121,8.886e-18,O2_Holland(1993)_298K_49-103nm.txt
86.891113,8.478e-18,O2_Holland(1993)_298K_49-103nm.txt
86.896106,9.218e-18,O2_Holland(1993)_298K_49-103nm.txt
86.901093,8.998e-18,O2_Holland(1993)_298K_49-103nm.txt
86.906085,9.201e-18,O2_Holland(1993)_298K_49-103nm.txt
86.911084,9.003e-18,O2_Holland(1993)_298K_49-103nm.txt
86.916077,9.589e-18,O2_Holland(1993)_298K_49-103nm.txt
86.921063,9.524e-18,O2_Holland(1993)_298K_49-103nm.txt
86.926056,9.823e-18,O2_Holland(1993)_298K_49-103nm.txt
86.931049,9.492e-18,O2_Holland(1993)_298K_49-103nm.txt
86.936047,9.666e-18,O2_Holland(1993)_298K_49-103nm.txt
86.94104,9.628e-18,O2_Holland(1993)_298K_49-103nm.txt
86.946027,9.925e-18,O2_Holland(1993)_298K_49-103nm.txt
86.951019,9.715e-18,O2_Holland(1993)_298K_49-103nm.txt
86.956012,1.006e-17,O2_Holland(1993)_298K_49-103nm.txt
86.961011,9.765e-18,O2_Holland(1993)_298K_49-103nm.txt
86.966003,9.485e-18,O2_Holland(1993)_298K_49-103nm.txt
86.97099,8.679e-18,O2_Holland(1993)_298K_49-103nm.txt
86.975983,8.99e-18,O2_Holland(1993)_298K_49-103nm.txt
86.980975,9.088e-18,O2_Holland(1993)_298K_49-103nm.txt
86.985974,8.687e-18,O2_Holland(1993)_298K_49-103nm.txt
86.990967,9.009e-18,O2_Holland(1993)_298K_49-103nm.txt
86.995953,9.066e-18,O2_Holland(1993)_298K_49-103nm.txt
87.000946,8.623e-18,O2_Holland(1993)_298K_49-103nm.txt
87.005939,9.206e-18,O2_Holland(1993)_298K_49-103nm.txt
87.010938,8.862e-18,O2_Holland(1993)_298K_49-103nm.txt
87.01593,8.375e-18,O2_Holland(1993)_298K_49-103nm.txt
87.020917,8.91e-18,O2_Holland(1993)_298K_49-103nm.txt
87.025909,8.934e-18,O2_Holland(1993)_298K_49-103nm.txt
87.030902,8.91e-18,O2_Holland(1993)_298K_49-103nm.txt
87.035901,9.114e-18,O2_Holland(1993)_298K_49-103nm.txt
87.040894,8.669e-18,O2_Holland(1993)_298K_49-103nm.txt
87.04588,8.793e-18,O2_Holland(1993)_298K_49-103nm.txt
87.050873,8.508e-18,O2_Holland(1993)_298K_49-103nm.txt
87.055866,8.198e-18,O2_Holland(1993)_298K_49-103nm.txt
87.060864,8.349e-18,O2_Holland(1993)_298K_49-103nm.txt
87.065857,8.533e-18,O2_Holland(1993)_298K_49-103nm.txt
87.070844,8.486e-18,O2_Holland(1993)_298K_49-103nm.txt
87.075836,8.386e-18,O2_Holland(1993)_298K_49-103nm.txt
87.080829,8.697e-18,O2_Holland(1993)_298K_49-103nm.txt
87.085828,8.879e-18,O2_Holland(1993)_298K_49-103nm.txt
87.09082,8.914e-18,O2_Holland(1993)_298K_49-103nm.txt
87.095807,9.27e-18,O2_Holland(1993)_298K_49-103nm.txt
87.1008,9.049e-18,O2_Holland(1993)_298K_49-103nm.txt
87.105792,9.499e-18,O2_Holland(1993)_298K_49-103nm.txt
87.110791,9.222e-18,O2_Holland(1993)_298K_49-103nm.txt
87.115784,9.539e-18,O2_Holland(1993)_298K_49-103nm.txt
87.12077,1.005e-17,O2_Holland(1993)_298K_49-103nm.txt
87.125763,1.017e-17,O2_Holland(1993)_298K_49-103nm.txt
87.130756,1.02e-17,O2_Holland(1993)_298K_49-103nm.txt
87.135754,1.089e-17,O2_Holland(1993)_298K_49-103nm.txt
87.140741,1.106e-17,O2_Holland(1993)_298K_49-103nm.txt
87.145734,1.137e-17,O2_Holland(1993)_298K_49-103nm.txt
87.150726,1.167e-17,O2_Holland(1993)_298K_49-103nm.txt
87.155719,1.161e-17,O2_Holland(1993)_298K_49-103nm.txt
87.160718,1.17e-17,O2_Holland(1993)_298K_49-103nm.txt
87.165704,1.171e-17,O2_Holland(1993)_298K_49-103nm.txt
87.170697,1.164e-17,O2_Holland(1993)_298K_49-103nm.txt
87.17569,1.122e-17,O2_Holland(1993)_298K_49-103nm.txt
87.180682,1.095e-17,O2_Holland(1993)_298K_49-103nm.txt
87.185681,1.066e-17,O2_Holland(1993)_298K_49-103nm.txt
87.190668,1.048e-17,O2_Holland(1993)_298K_49-103nm.txt
87.19566,1.057e-17,O2_Holland(1993)_298K_49-103nm.txt
87.200653,9.999e-18,O2_Holland(1993)_298K_49-103nm.txt
87.205646,9.629e-18,O2_Holland(1993)_298K_49-103nm.txt
87.210645,9.295e-18,O2_Holland(1993)_298K_49-103nm.txt
87.215631,9.303e-18,O2_Holland(1993)_298K_49-103nm.txt
87.220624,9.436e-18,O2_Holland(1993)_298K_49-103nm.txt
87.225617,9.161e-18,O2_Holland(1993)_298K_49-103nm.txt
87.230609,9.474e-18,O2_Holland(1993)_298K_49-103nm.txt
87.235608,9.786e-18,O2_Holland(1993)_298K_49-103nm.txt
87.240594,9.47e-18,O2_Holland(1993)_298K_49-103nm.txt
87.245587,9.126e-18,O2_Holland(1993)_298K_49-103nm.txt
87.25058,9.234e-18,O2_Holland(1993)_298K_49-103nm.txt
87.255573,8.856e-18,O2_Holland(1993)_298K_49-103nm.txt
87.260571,8.364e-18,O2_Holland(1993)_298K_49-103nm.txt
87.265558,8.226e-18,O2_Holland(1993)_298K_49-103nm.txt
87.270551,8.455e-18,O2_Holland(1993)_298K_49-103nm.txt
87.275543,8.774e-18,O2_Holland(1993)_298K_49-103nm.txt
87.280536,8.589e-18,O2_Holland(1993)_298K_49-103nm.txt
87.285535,8.615e-18,O2_Holland(1993)_298K_49-103nm.txt
87.290521,8.345e-18,O2_Holland(1993)_298K_49-103nm.txt
87.295514,7.999e-18,O2_Holland(1993)_298K_49-103nm.txt
87.300507,8.058e-18,O2_Holland(1993)_298K_49-103nm.txt
87.305499,7.934e-18,O2_Holland(1993)_298K_49-103nm.txt
87.310498,8.069e-18,O2_Holland(1993)_298K_49-103nm.txt
87.315485,8.374e-18,O2_Holland(1993)_298K_49-103nm.txt
87.320477,8.295e-18,O2_Holland(1993)_298K_49-103nm.txt
87.32547,8.013e-18,O2_Holland(1993)_298K_49-103nm.txt
87.330463,8.41e-18,O2_Holland(1993)_298K_49-103nm.txt
87.335455,7.785e-18,O2_Holland(1993)_298K_49-103nm.txt
87.340448,7.547e-18,O2_Holland(1993)_298K_49-103nm.txt
87.345441,7.669e-18,O2_Holland(1993)_298K_49-103nm.txt
87.350433,7.626e-18,O2_Holland(1993)_298K_49-103nm.txt
87.355426,7.354e-18,O2_Holland(1993)_298K_49-103nm.txt
87.360419,7.17e-18,O2_Holland(1993)_298K_49-103nm.txt
87.365411,7.404e-18,O2_Holland(1993)_298K_49-103nm.txt
87.370404,7.318e-18,O2_Holland(1993)_298K_49-103nm.txt
87.375397,6.983e-18,O2_Holland(1993)_298K_49-103nm.txt
87.380389,7.358e-18,O2_Holland(1993)_298K_49-103nm.txt
87.385382,6.979e-18,O2_Holland(1993)_298K_49-103nm.txt
87.390375,7.594e-18,O2_Holland(1993)_298K_49-103nm.txt
87.395367,6.829e-18,O2_Holland(1993)_298K_49-103nm.txt
87.40036,7.208e-18,O2_Holland(1993)_298K_49-103nm.txt
87.405353,7.492e-18,O2_Holland(1993)_298K_49-103nm.txt
87.410346,7.841e-18,O2_Holland(1993)_298K_49-103nm.txt
87.415338,7.142e-18,O2_Holland(1993)_298K_49-103nm.txt
87.420331,7.289e-18,O2_Holland(1993)_298K_49-103nm.txt
87.425324,7.609e-18,O2_Holland(1993)_298K_49-103nm.txt
87.430316,7.113e-18,O2_Holland(1993)_298K_49-103nm.txt
87.435309,6.945e-18,O2_Holland(1993)_298K_49-103nm.txt
87.440301,7.75e-18,O2_Holland(1993)_298K_49-103nm.txt
87.445294,7.207e-18,O2_Holland(1993)_298K_49-103nm.txt
87.450287,7.182e-18,O2_Holland(1993)_298K_49-103nm.txt
87.455279,6.834e-18,O2_Holland(1993)_298K_49-103nm.txt
87.460272,7.307e-18,O2_Holland(1993)_298K_49-103nm.txt
87.465265,7.335e-18,O2_Holland(1993)_298K_49-103nm.txt
87.470258,6.844e-18,O2_Holland(1993)_298K_49-103nm.txt
87.47525,7.543e-18,O2_Holland(1993)_298K_49-103nm.txt
87.480243,7.165e-18,O2_Holland(1993)_298K_49-103nm.txt
87.485236,6.683e-18,O2_Holland(1993)_298K_49-103nm.txt
87.490228,6.883e-18,O2_Holland(1993)_298K_49-103nm.txt
87.495221,6.723e-18,O2_Holland(1993)_298K_49-103nm.txt
87.500214,6.824e-18,O2_Holland(1993)_298K_49-103nm.txt
87.505206,7.353e-18,O2_Holland(1993)_298K_49-103nm.txt
87.510199,7.022e-18,O2_Holland(1993)_298K_49-103nm.txt
87.515192,7.18e-18,O2_Holland(1993)_298K_49-103nm.txt
87.520184,6.958e-18,O2_Holland(1993)_298K_49-103nm.txt
87.525177,7.011e-18,O2_Holland(1993)_298K_49-103nm.txt
87.530164,7.096e-18,O2_Holland(1993)_298K_49-103nm.txt
87.535162,7.146e-18,O2_Holland(1993)_298K_49-103nm.txt
87.540155,7.207e-18,O2_Holland(1993)_298K_49-103nm.txt
87.545148,6.81e-18,O2_Holland(1993)_298K_49-103nm.txt
87.55014,7.112e-18,O2_Holland(1993)_298K_49-103nm.txt
87.555127,6.742e-18,O2_Holland(1993)_298K_49-103nm.txt
87.560126,6.717e-18,O2_Holland(1993)_298K_49-103nm.txt
87.565118,6.862e-18,O2_Holland(1993)_298K_49-103nm.txt
87.570111,6.788e-18,O2_Holland(1993)_298K_49-103nm.txt
87.575104,7.358e-18,O2_Holland(1993)_298K_49-103nm.txt
87.58009,7.369e-18,O2_Holland(1993)_298K_49-103nm.txt
87.585089,8.171e-18,O2_Holland(1993)_298K_49-103nm.txt
87.590082,8.358e-18,O2_Holland(1993)_298K_49-103nm.txt
87.595074,8.163e-18,O2_Holland(1993)_298K_49-103nm.txt
87.600067,8.09e-18,O2_Holland(1993)_298K_49-103nm.txt
87.605054,7.873e-18,O2_Holland(1993)_298K_49-103nm.txt
87.610052,7.967e-18,O2_Holland(1993)_298K_49-103nm.txt
87.615045,7.21e-18,O2_Holland(1993)_298K_49-103nm.txt
87.620038,7.066e-18,O2_Holland(1993)_298K_49-103nm.txt
87.625031,7.132e-18,O2_Holland(1993)_298K_49-103nm.txt
87.630017,7.364e-18,O2_Holland(1993)_298K_49-103nm.txt
87.635016,7.223e-18,O2_Holland(1993)_298K_49-103nm.txt
87.640008,7.122e-18,O2_Holland(1993)_298K_49-103nm.txt
87.645001,6.882e-18,O2_Holland(1993)_298K_49-103nm.txt
87.649994,7.01e-18,O2_Holland(1993)_298K_49-103nm.txt
87.65498,7.598e-18,O2_Holland(1993)_298K_49-103nm.txt
87.659979,7.429e-18,O2_Holland(1993)_298K_49-103nm.txt
87.664972,7.422e-18,O2_Holland(1993)_298K_49-103nm.txt
87.669965,6.739e-18,O2_Holland(1993)_298K_49-103nm.txt
87.674957,7.315e-18,O2_Holland(1993)_298K_49-103nm.txt
87.679944,7.375e-18,O2_Holland(1993)_298K_49-103nm.txt
87.684943,7.209e-18,O2_Holland(1993)_298K_49-103nm.txt
87.689935,7.287e-18,O2_Holland(1993)_298K_49-103nm.txt
87.694928,7.64e-18,O2_Holland(1993)_298K_49-103nm.txt
87.699921,7.779e-18,O2_Holland(1993)_298K_49-103nm.txt
87.704907,7.958e-18,O2_Holland(1993)_298K_49-103nm.txt
87.709906,8.147e-18,O2_Holland(1993)_298K_49-103nm.txt
87.714899,8.263e-18,O2_Holland(1993)_298K_49-103nm.txt
87.719891,8.13e-18,O2_Holland(1993)_298K_49-103nm.txt
87.724878,8.402e-18,O2_Holland(1993)_298K_49-103nm.txt
87.729871,8.931e-18,O2_Holland(1993)_298K_49-103nm.txt
87.734869,9.373e-18,O2_Holland(1993)_298K_49-103nm.txt
87.739862,9.606e-18,O2_Holland(1993)_298K_49-103nm.txt
87.744855,1.011e-17,O2_Holland(1993)_298K_49-103nm.txt
87.749841,1.047e-17,O2_Holland(1993)_298K_49-103nm.txt
87.754834,1.11e-17,O2_Holland(1993)_298K_49-103nm.txt
87.759833,1.192e-17,O2_Holland(1993)_298K_49-103nm.txt
87.764825,1.24e-17,O2_Holland(1993)_298K_49-103nm.txt
87.769818,1.298e-17,O2_Holland(1993)_298K_49-103nm.txt
87.774805,1.337e-17,O2_Holland(1993)_298K_49-103nm.txt
87.779797,1.344e-17,O2_Holland(1993)_298K_49-103nm.txt
87.784796,1.365e-17,O2_Holland(1993)_298K_49-103nm.txt
87.789789,1.407e-17,O2_Holland(1993)_298K_49-103nm.txt
87.794781,1.403e-17,O2_Holland(1993)_298K_49-103nm.txt
87.799768,1.43e-17,O2_Holland(1993)_298K_49-103nm.txt
87.804761,1.389e-17,O2_Holland(1993)_298K_49-103nm.txt
87.809759,1.375e-17,O2_Holland(1993)_298K_49-103nm.txt
87.814752,1.361e-17,O2_Holland(1993)_298K_49-103nm.txt
87.819745,1.303e-17,O2_Holland(1993)_298K_49-103nm.txt
87.824731,1.236e-17,O2_Holland(1993)_298K_49-103nm.txt
87.829724,1.255e-17,O2_Holland(1993)_298K_49-103nm.txt
87.834723,1.209e-17,O2_Holland(1993)_298K_49-103nm.txt
87.839716,1.22e-17,O2_Holland(1993)_298K_49-103nm.txt
87.844708,1.245e-17,O2_Holland(1993)_298K_49-103nm.txt
87.849695,1.25e-17,O2_Holland(1993)_298K_49-103nm.txt
87.854688,1.214e-17,O2_Holland(1993)_298K_49-103nm.txt
87.859686,1.237e-17,O2_Holland(1993)_298K_49-103nm.txt
87.864679,1.216e-17,O2_Holland(1993)_298K_49-103nm.txt
87.869672,1.197e-17,O2_Holland(1993)_298K_49-103nm.txt
87.874658,1.174e-17,O2_Holland(1993)_298K_49-103nm.txt
87.879651,1.154e-17,O2_Holland(1993)_298K_49-103nm.txt
87.88465,1.125e-17,O2_Holland(1993)_298K_49-103nm.txt
87.889642,1.086e-17,O2_Holland(1993)_298K_49-103nm.txt
87.894635,1.1e-17,O2_Holland(1993)_298K_49-103nm.txt
87.899622,1.106e-17,O2_Holland(1993)_298K_49-103nm.txt
87.904614,1.094e-17,O2_Holland(1993)_298K_49-103nm.txt
87.909613,1.054e-17,O2_Holland(1993)_298K_49-103nm.txt
87.914606,1.006e-17,O2_Holland(1993)_298K_49-103nm.txt
87.919592,9.964e-18,O2_Holland(1993)_298K_49-103nm.txt
87.924585,9.85e-18,O2_Holland(1993)_298K_49-103nm.txt
87.929578,9.905e-18,O2_Holland(1993)_298K_49-103nm.txt
87.934576,9.259e-18,O2_Holland(1993)_298K_49-103nm.txt
87.939569,9.494e-18,O2_Holland(1993)_298K_49-103nm.txt
87.944556,9.637e-18,O2_Holland(1993)_298K_49-103nm.txt
87.949548,9.282e-18,O2_Holland(1993)_298K_49-103nm.txt
87.954541,9.033e-18,O2_Holland(1993)_298K_49-103nm.txt
87.95954,9.22e-18,O2_Holland(1993)_298K_49-103nm.txt
87.964532,8.971e-18,O2_Holland(1993)_298K_49-103nm.txt
87.969519,8.36e-18,O2_Holland(1993)_298K_49-103nm.txt
87.974512,8.705e-18,O2_Holland(1993)_298K_49-103nm.txt
87.979504,8.741e-18,O2_Holland(1993)_298K_49-103nm.txt
87.984503,8.967e-18,O2_Holland(1993)_298K_49-103nm.txt
87.989496,8.861e-18,O2_Holland(1993)_298K_49-103nm.txt
87.994482,8.339e-18,O2_Holland(1993)_298K_49-103nm.txt
87.999475,8.134e-18,O2_Holland(1993)_298K_49-103nm.txt
88.004468,8.143e-18,O2_Holland(1993)_298K_49-103nm.txt
88.009467,7.971e-18,O2_Holland(1993)_298K_49-103nm.txt
88.014459,8.259e-18,O2_Holland(1993)_298K_49-103nm.txt
88.019446,7.699e-18,O2_Holland(1993)_298K_49-103nm.txt
88.024438,7.842e-18,O2_Holland(1993)_298K_49-103nm.txt
88.029431,7.3e-18,O2_Holland(1993)_298K_49-103nm.txt
88.03443,7.62e-18,O2_Holland(1993)_298K_49-103nm.txt
88.039423,7.143e-18,O2_Holland(1993)_298K_49-103nm.txt
88.044409,7.179e-18,O2_Holland(1993)_298K_49-103nm.txt
88.049402,7.179e-18,O2_Holland(1993)_298K_49-103nm.txt
88.054395,7.236e-18,O2_Holland(1993)_298K_49-103nm.txt
88.059393,7.58e-18,O2_Holland(1993)_298K_49-103nm.txt
88.064386,7.613e-18,O2_Holland(1993)_298K_49-103nm.txt
88.069373,7.817e-18,O2_Holland(1993)_298K_49-103nm.txt
88.074365,7.532e-18,O2_Holland(1993)_298K_49-103nm.txt
88.079358,7.273e-18,O2_Holland(1993)_298K_49-103nm.txt
88.084357,7.659e-18,O2_Holland(1993)_298K_49-103nm.txt
88.089349,7.467e-18,O2_Holland(1993)_298K_49-103nm.txt
88.094336,7.294e-18,O2_Holland(1993)_298K_49-103nm.txt
88.099329,7.671e-18,O2_Holland(1993)_298K_49-103nm.txt
88.104321,7.163e-18,O2_Holland(1993)_298K_49-103nm.txt
88.10932,7.177e-18,O2_Holland(1993)_298K_49-103nm.txt
88.114307,7.183e-18,O2_Holland(1993)_298K_49-103nm.txt
88.119299,6.857e-18,O2_Holland(1993)_298K_49-103nm.txt
88.124292,6.987e-18,O2_Holland(1993)_298K_49-103nm.txt
88.129285,6.987e-18,O2_Holland(1993)_298K_49-103nm.txt
88.134283,6.719e-18,O2_Holland(1993)_298K_49-103nm.txt
88.13927,6.689e-18,O2_Holland(1993)_298K_49-103nm.txt
88.144263,6.678e-18,O2_Holland(1993)_298K_49-103nm.txt
88.149255,7.017e-18,O2_Holland(1993)_298K_49-103nm.txt
88.154248,7.109e-18,O2_Holland(1993)_298K_49-103nm.txt
88.159247,6.856e-18,O2_Holland(1993)_298K_49-103nm.txt
88.164233,6.936e-18,O2_Holland(1993)_298K_49-103nm.txt
88.169226,6.858e-18,O2_Holland(1993)_298K_49-103nm.txt
88.174219,7.043e-18,O2_Holland(1993)_298K_49-103nm.txt
88.179211,6.427e-18,O2_Holland(1993)_298K_49-103nm.txt
88.18421,6.498e-18,O2_Holland(1993)_298K_49-103nm.txt
88.189197,7.151e-18,O2_Holland(1993)_298K_49-103nm.txt
88.19419,6.615e-18,O2_Holland(1993)_298K_49-103nm.txt
88.199182,6.55e-18,O2_Holland(1993)_298K_49-103nm.txt
88.204175,6.556e-18,O2_Holland(1993)_298K_49-103nm.txt
88.209174,6.882e-18,O2_Holland(1993)_298K_49-103nm.txt
88.21416,6.311e-18,O2_Holland(1993)_298K_49-103nm.txt
88.219153,6.736e-18,O2_Holland(1993)_298K_49-103nm.txt
88.224145,6.821e-18,O2_Holland(1993)_298K_49-103nm.txt
88.229138,6.696e-18,O2_Holland(1993)_298K_49-103nm.txt
88.234137,6.559e-18,O2_Holland(1993)_298K_49-103nm.txt
88.239124,6.811e-18,O2_Holland(1993)_298K_49-103nm.txt
88.244116,6.581e-18,O2_Holland(1993)_298K_49-103nm.txt
88.249109,6.534e-18,O2_Holland(1993)_298K_49-103nm.txt
88.254102,6.415e-18,O2_Holland(1993)_298K_49-103nm.txt
88.2591,6.056e-18,O2_Holland(1993)_298K_49-103nm.txt
88.264087,6.484e-18,O2_Holland(1993)_298K_49-103nm.txt
88.26908,7.057e-18,O2_Holland(1993)_298K_49-103nm.txt
88.274072,6.314e-18,O2_Holland(1993)_298K_49-103nm.txt
88.279065,6.662e-18,O2_Holland(1993)_298K_49-103nm.txt
88.284064,6.694e-18,O2_Holland(1993)_298K_49-103nm.txt
88.28905,6.165e-18,O2_Holland(1993)_298K_49-103nm.txt
88.294043,6.304e-18,O2_Holland(1993)_298K_49-103nm.txt
88.299036,6.597e-18,O2_Holland(1993)_298K_49-103nm.txt
88.304028,6.621e-18,O2_Holland(1993)_298K_49-103nm.txt
88.309021,6.372e-18,O2_Holland(1993)_298K_49-103nm.txt
88.314014,6.36e-18,O2_Holland(1993)_298K_49-103nm.txt
88.319006,6.265e-18,O2_Holland(1993)_298K_49-103nm.txt
88.323999,6.453e-18,O2_Holland(1993)_298K_49-103nm.txt
88.328992,6.601e-18,O2_Holland(1993)_298K_49-103nm.txt
88.333984,6.467e-18,O2_Holland(1993)_298K_49-103nm.txt
88.338977,6.567e-18,O2_Holland(1993)_298K_49-103nm.txt
88.34397,6.094e-18,O2_Holland(1993)_298K_49-103nm.txt
88.348962,6.268e-18,O2_Holland(1993)_298K_49-103nm.txt
88.353955,6.698e-18,O2_Holland(1993)_298K_49-103nm.txt
88.358948,6.212e-18,O2_Holland(1993)_298K_49-103nm.txt
88.36394,6.406e-18,O2_Holland(1993)_298K_49-103nm.txt
88.368933,6.003e-18,O2_Holland(1993)_298K_49-103nm.txt
88.373926,6.642e-18,O2_Holland(1993)_298K_49-103nm.txt
88.378918,6.687e-18,O2_Holland(1993)_298K_49-103nm.txt
88.383911,6.608e-18,O2_Holland(1993)_298K_49-103nm.txt
88.388904,6.445e-18,O2_Holland(1993)_298K_49-103nm.txt
88.393897,6.772e-18,O2_Holland(1993)_298K_49-103nm.txt
88.398889,6.299e-18,O2_Holland(1993)_298K_49-103nm.txt
88.403882,6.441e-18,O2_Holland(1993)_298K_49-103nm.txt
88.408875,6.295e-18,O2_Holland(1993)_298K_49-103nm.txt
88.413867,6.247e-18,O2_Holland(1993)_298K_49-103nm.txt
88.41886,5.969e-18,O2_Holland(1993)_298K_49-103nm.txt
88.423852,6.581e-18,O2_Holland(1993)_298K_49-103nm.txt
88.428845,6.399e-18,O2_Holland(1993)_298K_49-103nm.txt
88.433838,6.592e-18,O2_Holland(1993)_298K_49-103nm.txt
88.438831,6.778e-18,O2_Holland(1993)_298K_49-103nm.txt
88.443823,6.954e-18,O2_Holland(1993)_298K_49-103nm.txt
88.448816,6.3e-18,O2_Holland(1993)_298K_49-103nm.txt
88.453809,6.339e-18,O2_Holland(1993)_298K_49-103nm.txt
88.458801,6.539e-18,O2_Holland(1993)_298K_49-103nm.txt
88.463794,6.626e-18,O2_Holland(1993)_298K_49-103nm.txt
88.468787,6.624e-18,O2_Holland(1993)_298K_49-103nm.txt
88.473779,6.73e-18,O2_Holland(1993)_298K_49-103nm.txt
88.478772,6.96e-18,O2_Holland(1993)_298K_49-103nm.txt
88.483765,7.574e-18,O2_Holland(1993)_298K_49-103nm.txt
88.488757,8.019e-18,O2_Holland(1993)_298K_49-103nm.txt
88.49375,8.211e-18,O2_Holland(1993)_298K_49-103nm.txt
88.498743,8.94e-18,O2_Holland(1993)_298K_49-103nm.txt
88.503729,9.22e-18,O2_Holland(1993)_298K_49-103nm.txt
88.508728,9.315e-18,O2_Holland(1993)_298K_49-103nm.txt
88.513721,1.023e-17,O2_Holland(1993)_298K_49-103nm.txt
88.518713,1.095e-17,O2_Holland(1993)_298K_49-103nm.txt
88.523706,1.142e-17,O2_Holland(1993)_298K_49-103nm.txt
88.528693,1.23e-17,O2_Holland(1993)_298K_49-103nm.txt
88.533691,1.329e-17,O2_Holland(1993)_298K_49-103nm.txt
88.538684,1.432e-17,O2_Holland(1993)_298K_49-103nm.txt
88.543677,1.538e-17,O2_Holland(1993)_298K_49-103nm.txt
88.548669,1.669e-17,O2_Holland(1993)_298K_49-103nm.txt
88.553656,1.77e-17,O2_Holland(1993)_298K_49-103nm.txt
88.558655,1.859e-17,O2_Holland(1993)_298K_49-103nm.txt
88.563648,1.892e-17,O2_Holland(1993)_298K_49-103nm.txt
88.56864,1.916e-17,O2_Holland(1993)_298K_49-103nm.txt
88.573633,1.872e-17,O2_Holland(1993)_298K_49-103nm.txt
88.578619,1.849e-17,O2_Holland(1993)_298K_49-103nm.txt
88.583618,1.808e-17,O2_Holland(1993)_298K_49-103nm.txt
88.588611,1.757e-17,O2_Holland(1993)_298K_49-103nm.txt
88.593603,1.659e-17,O2_Holland(1993)_298K_49-103nm.txt
88.598596,1.591e-17,O2_Holland(1993)_298K_49-103nm.txt
88.603583,1.567e-17,O2_Holland(1993)_298K_49-103nm.txt
88.608582,1.502e-17,O2_Holland(1993)_298K_49-103nm.txt
88.613574,1.456e-17,O2_Holland(1993)_298K_49-103nm.txt
88.618567,1.402e-17,O2_Holland(1993)_298K_49-103nm.txt
88.62356,1.351e-17,O2_Holland(1993)_298K_49-103nm.txt
88.628546,1.301e-17,O2_Holland(1993)_298K_49-103nm.txt
88.633545,1.235e-17,O2_Holland(1993)_298K_49-103nm.txt
88.638538,1.153e-17,O2_Holland(1993)_298K_49-103nm.txt
88.64353,1.121e-17,O2_Holland(1993)_298K_49-103nm.txt
88.648523,1.095e-17,O2_Holland(1993)_298K_49-103nm.txt
88.653509,1.084e-17,O2_Holland(1993)_298K_49-103nm.txt
88.658508,1.114e-17,O2_Holland(1993)_298K_49-103nm.txt
88.663501,1.111e-17,O2_Holland(1993)_298K_49-103nm.txt
88.668494,1.053e-17,O2_Holland(1993)_298K_49-103nm.txt
88.673486,1.009e-17,O2_Holland(1993)_298K_49-103nm.txt
88.678473,9.611e-18,O2_Holland(1993)_298K_49-103nm.txt
88.683472,9.368e-18,O2_Holland(1993)_298K_49-103nm.txt
88.688464,9.454e-18,O2_Holland(1993)_298K_49-103nm.txt
88.693457,9.181e-18,O2_Holland(1993)_298K_49-103nm.txt
88.698444,9.266e-18,O2_Holland(1993)_298K_49-103nm.txt
88.703436,9.515e-18,O2_Holland(1993)_298K_49-103nm.txt
88.708435,8.596e-18,O2_Holland(1993)_298K_49-103nm.txt
88.713428,7.926e-18,O2_Holland(1993)_298K_49-103nm.txt
88.71842,8.265e-18,O2_Holland(1993)_298K_49-103nm.txt
88.723407,8.501e-18,O2_Holland(1993)_298K_49-103nm.txt
88.7284,8.079e-18,O2_Holland(1993)_298K_49-103nm.txt
88.733398,7.835e-18,O2_Holland(1993)_298K_49-103nm.txt
88.738391,8.028e-18,O2_Holland(1993)_298K_49-103nm.txt
88.743384,7.227e-18,O2_Holland(1993)_298K_49-103nm.txt
88.74837,7.164e-18,O2_Holland(1993)_298K_49-103nm.txt
88.753363,6.624e-18,O2_Holland(1993)_298K_49-103nm.txt
88.758362,7.405e-18,O2_Holland(1993)_298K_49-103nm.txt
88.763355,7.029e-18,O2_Holland(1993)_298K_49-103nm.txt
88.768347,6.874e-18,O2_Holland(1993)_298K_49-103nm.txt
88.773334,7.207e-18,O2_Holland(1993)_298K_49-103nm.txt
88.778229,6.774e-18,O2_Holland(1993)_298K_49-103nm.txt
88.783221,7.048e-18,O2_Holland(1993)_298K_49-103nm.txt
88.788318,7.178e-18,O2_Holland(1993)_298K_49-103nm.txt
88.79331,6.547e-18,O2_Holland(1993)_298K_49-103nm.txt
88.798297,6.497e-18,O2_Holland(1993)_298K_49-103nm.txt
88.803192,7.084e-18,O2_Holland(1993)_298K_49-103nm.txt
88.808185,6.837e-18,O2_Holland(1993)_298K_49-103nm.txt
88.813177,6.601e-18,O2_Holland(1993)_298K_49-103nm.txt
88.818274,6.381e-18,O2_Holland(1993)_298K_49-103nm.txt
88.823261,7.123e-18,O2_Holland(1993)_298K_49-103nm.txt
88.828156,6.544e-18,O2_Holland(1993)_298K_49-103nm.txt
88.833148,6.427e-18,O2_Holland(1993)_298K_49-103nm.txt
88.838141,6.807e-18,O2_Holland(1993)_298K_49-103nm.txt
88.84314,7.165e-18,O2_Holland(1993)_298K_49-103nm.txt
88.848224,7.195e-18,O2_Holland(1993)_298K_49-103nm.txt
88.853119,6.581e-18,O2_Holland(1993)_298K_49-103nm.txt
88.858112,7.09e-18,O2_Holland(1993)_298K_49-103nm.txt
88.863104,6.646e-18,O2_Holland(1993)_298K_49-103nm.txt
88.868103,7.463e-18,O2_Holland(1993)_298K_49-103nm.txt
88.87309,6.465e-18,O2_Holland(1993)_298K_49-103nm.txt
88.878082,6.458e-18,O2_Holland(1993)_298K_49-103nm.txt
88.883075,6.434e-18,O2_Holland(1993)_298K_49-103nm.txt
88.888068,6.651e-18,O2_Holland(1993)_298K_49-103nm.txt
88.893066,6.263e-18,O2_Holland(1993)_298K_49-103nm.txt
88.898053,6.454e-18,O2_Holland(1993)_298K_49-103nm.txt
88.903046,6.66e-18,O2_Holland(1993)_298K_49-103nm.txt
88.908038,5.997e-18,O2_Holland(1993)_298K_49-103nm.txt
88.913031,5.824e-18,O2_Holland(1993)_298K_49-103nm.txt
88.918024,6.504e-18,O2_Holland(1993)_298K_49-103nm.txt
88.923016,6.528e-18,O2_Holland(1993)_298K_49-103nm.txt
88.928009,7.179e-18,O2_Holland(1993)_298K_49-103nm.txt
88.933002,6.403e-18,O2_Holland(1993)_298K_49-103nm.txt
88.937994,6.281e-18,O2_Holland(1993)_298K_49-103nm.txt
88.942987,6.956e-18,O2_Holland(1993)_298K_49-103nm.txt
88.94798,6.578e-18,O2_Holland(1993)_298K_49-103nm.txt
88.952972,6.86e-18,O2_Holland(1993)_298K_49-103nm.txt
88.957965,6.602e-18,O2_Holland(1993)_298K_49-103nm.txt
88.962958,6.89e-18,O2_Holland(1993)_298K_49-103nm.txt
88.96795,7.177e-18,O2_Holland(1993)_298K_49-103nm.txt
88.972943,7.155e-18,O2_Holland(1993)_298K_49-103nm.txt
88.977936,6.715e-18,O2_Holland(1993)_298K_49-103nm.txt
88.982929,6.757e-18,O2_Holland(1993)_298K_49-103nm.txt
88.987921,6.397e-18,O2_Holland(1993)_298K_49-103nm.txt
88.992914,6.31e-18,O2_Holland(1993)_298K_49-103nm.txt
88.997906,6.397e-18,O2_Holland(1993)_298K_49-103nm.txt
89.002899,6.443e-18,O2_Holland(1993)_298K_49-103nm.txt
89.007892,6.07e-18,O2_Holland(1993)_298K_49-103nm.txt
89.012884,6.303e-18,O2_Holland(1993)_298K_49-103nm.txt
89.017877,6.716e-18,O2_Holland(1993)_298K_49-103nm.txt
89.02287,6.402e-18,O2_Holland(1993)_298K_49-103nm.txt
89.027863,6.625e-18,O2_Holland(1993)_298K_49-103nm.txt
89.032855,6.946e-18,O2_Holland(1993)_298K_49-103nm.txt
89.037848,7.245e-18,O2_Holland(1993)_298K_49-103nm.txt
89.042841,7.264e-18,O2_Holland(1993)_298K_49-103nm.txt
89.047833,7.613e-18,O2_Holland(1993)_298K_49-103nm.txt
89.052826,7.338e-18,O2_Holland(1993)_298K_49-103nm.txt
89.057819,7.295e-18,O2_Holland(1993)_298K_49-103nm.txt
89.062811,7.586e-18,O2_Holland(1993)_298K_49-103nm.txt
89.067804,7.66e-18,O2_Holland(1993)_298K_49-103nm.txt
89.072797,7.878e-18,O2_Holland(1993)_298K_49-103nm.txt
89.077789,8.102e-18,O2_Holland(1993)_298K_49-103nm.txt
89.082782,8.905e-18,O2_Holland(1993)_298K_49-103nm.txt
89.087775,9.138e-18,O2_Holland(1993)_298K_49-103nm.txt
89.092767,9.126e-18,O2_Holland(1993)_298K_49-103nm.txt
89.09776,9.575e-18,O2_Holland(1993)_298K_49-103nm.txt
89.102753,9.751e-18,O2_Holland(1993)_298K_49-103nm.txt
89.107745,1.025e-17,O2_Holland(1993)_298K_49-103nm.txt
89.112732,1.038e-17,O2_Holland(1993)_298K_49-103nm.txt
89.117731,1.094e-17,O2_Holland(1993)_298K_49-103nm.txt
89.122723,1.125e-17,O2_Holland(1993)_298K_49-103nm.txt
89.127716,1.109e-17,O2_Holland(1993)_298K_49-103nm.txt
89.132709,1.12e-17,O2_Holland(1993)_298K_49-103nm.txt
89.137695,1.157e-17,O2_Holland(1993)_298K_49-103nm.txt
89.142694,1.188e-17,O2_Holland(1993)_298K_49-103nm.txt
89.147687,1.173e-17,O2_Holland(1993)_298K_49-103nm.txt
89.152679,1.194e-17,O2_Holland(1993)_298K_49-103nm.txt
89.157672,1.171e-17,O2_Holland(1993)_298K_49-103nm.txt
89.162659,1.169e-17,O2_Holland(1993)_298K_49-103nm.txt
89.167657,1.132e-17,O2_Holland(1993)_298K_49-103nm.txt
89.17265,1.095e-17,O2_Holland(1993)_298K_49-103nm.txt
89.177643,1.083e-17,O2_Holland(1993)_298K_49-103nm.txt
89.182636,1.061e-17,O2_Holland(1993)_298K_49-103nm.txt
89.187622,1.059e-17,O2_Holland(1993)_298K_49-103nm.txt
89.192621,1.061e-17,O2_Holland(1993)_298K_49-103nm.txt
89.197614,1.036e-17,O2_Holland(1993)_298K_49-103nm.txt
89.202606,1.021e-17,O2_Holland(1993)_298K_49-103nm.txt
89.207599,9.616e-18,O2_Holland(1993)_298K_49-103nm.txt
89.212585,9.677e-18,O2_Holland(1993)_298K_49-103nm.txt
89.217584,9.167e-18,O2_Holland(1993)_298K_49-103nm.txt
89.222577,8.898e-18,O2_Holland(1993)_298K_49-103nm.txt
89.22757,8.779e-18,O2_Holland(1993)_298K_49-103nm.txt
89.232562,8.663e-18,O2_Holland(1993)_298K_49-103nm.txt
89.237549,8.755e-18,O2_Holland(1993)_298K_49-103nm.txt
89.242548,8.827e-18,O2_Holland(1993)_298K_49-103nm.txt
89.24754,8.95e-18,O2_Holland(1993)_298K_49-103nm.txt
89.252533,8.496e-18,O2_Holland(1993)_298K_49-103nm.txt
89.257526,7.89e-18,O2_Holland(1993)_298K_49-103nm.txt
89.262512,7.523e-18,O2_Holland(1993)_298K_49-103nm.txt
89.267511,7.603e-18,O2_Holland(1993)_298K_49-103nm.txt
89.272504,7.445e-18,O2_Holland(1993)_298K_49-103nm.txt
89.277496,7.13e-18,O2_Holland(1993)_298K_49-103nm.txt
89.282489,6.551e-18,O2_Holland(1993)_298K_49-103nm.txt
89.287476,7.055e-18,O2_Holland(1993)_298K_49-103nm.txt
89.292474,6.821e-18,O2_Holland(1993)_298K_49-103nm.txt
89.297467,7.101e-18,O2_Holland(1993)_298K_49-103nm.txt
89.30246,6.75e-18,O2_Holland(1993)_298K_49-103nm.txt
89.307446,6.785e-18,O2_Holland(1993)_298K_49-103nm.txt
89.312439,6.925e-18,O2_Holland(1993)_298K_49-103nm.txt
89.317438,7.372e-18,O2_Holland(1993)_298K_49-103nm.txt
89.32243,7.83e-18,O2_Holland(1993)_298K_49-103nm.txt
89.327423,7.832e-18,O2_Holland(1993)_298K_49-103nm.txt
89.33241,8.042e-18,O2_Holland(1993)_298K_49-103nm.txt
89.337402,8.959e-18,O2_Holland(1993)_298K_49-103nm.txt
89.342401,9.325e-18,O2_Holland(1993)_298K_49-103nm.txt
89.347394,9.759e-18,O2_Holland(1993)_298K_49-103nm.txt
89.352387,1.017e-17,O2_Holland(1993)_298K_49-103nm.txt
89.357373,1.105e-17,O2_Holland(1993)_298K_49-103nm.txt
89.362366,1.131e-17,O2_Holland(1993)_298K_49-103nm.txt
89.367364,1.171e-17,O2_Holland(1993)_298K_49-103nm.txt
89.372357,1.177e-17,O2_Holland(1993)_298K_49-103nm.txt
89.37735,1.195e-17,O2_Holland(1993)_298K_49-103nm.txt
89.382336,1.211e-17,O2_Holland(1993)_298K_49-103nm.txt
89.387329,1.23e-17,O2_Holland(1993)_298K_49-103nm.txt
89.392328,1.204e-17,O2_Holland(1993)_298K_49-103nm.txt
89.397321,1.178e-17,O2_Holland(1993)_298K_49-103nm.txt
89.402313,1.168e-17,O2_Holland(1993)_298K_49-103nm.txt
89.4073,1.16e-17,O2_Holland(1993)_298K_49-103nm.txt
89.412293,1.152e-17,O2_Holland(1993)_298K_49-103nm.txt
89.417291,1.162e-17,O2_Holland(1993)_298K_49-103nm.txt
89.422284,1.171e-17,O2_Holland(1993)_298K_49-103nm.txt
89.427277,1.129e-17,O2_Holland(1993)_298K_49-103nm.txt
89.432263,1.121e-17,O2_Holland(1993)_298K_49-103nm.txt
89.437256,1.126e-17,O2_Holland(1993)_298K_49-103nm.txt
89.442255,1.122e-17,O2_Holland(1993)_298K_49-103nm.txt
89.447247,1.139e-17,O2_Holland(1993)_298K_49-103nm.txt
89.45224,1.075e-17,O2_Holland(1993)_298K_49-103nm.txt
89.457227,1.062e-17,O2_Holland(1993)_298K_49-103nm.txt
89.462219,9.989e-18,O2_Holland(1993)_298K_49-103nm.txt
89.467218,9.745e-18,O2_Holland(1993)_298K_49-103nm.txt
89.472211,9.94e-18,O2_Holland(1993)_298K_49-103nm.txt
89.477203,9.704e-18,O2_Holland(1993)_298K_49-103nm.txt
89.48219,9.158e-18,O2_Holland(1993)_298K_49-103nm.txt
89.487183,8.92e-18,O2_Holland(1993)_298K_49-103nm.txt
89.492181,8.421e-18,O2_Holland(1993)_298K_49-103nm.txt
89.497174,8.019e-18,O2_Holland(1993)_298K_49-103nm.txt
89.502161,8.014e-18,O2_Holland(1993)_298K_49-103nm.txt
89.507153,8.541e-18,O2_Holland(1993)_298K_49-103nm.txt
89.512146,7.113e-18,O2_Holland(1993)_298K_49-103nm.txt
89.517145,7.287e-18,O2_Holland(1993)_298K_49-103nm.txt
89.522137,7.331e-18,O2_Holland(1993)_298K_49-103nm.txt
89.527124,7.303e-18,O2_Holland(1993)_298K_49-103nm.txt
89.532117,7e-18,O2_Holland(1993)_298K_49-103nm.txt
89.537109,7.202e-18,O2_Holland(1993)_298K_49-103nm.txt
89.542108,7.181e-18,O2_Holland(1993)_298K_49-103nm.txt
89.547101,7.119e-18,O2_Holland(1993)_298K_49-103nm.txt
89.552087,6.95e-18,O2_Holland(1993)_298K_49-103nm.txt
89.55708,6.925e-18,O2_Holland(1993)_298K_49-103nm.txt
89.562073,6.634e-18,O2_Holland(1993)_298K_49-103nm.txt
89.567071,7.329e-18,O2_Holland(1993)_298K_49-103nm.txt
89.572064,7.322e-18,O2_Holland(1993)_298K_49-103nm.txt
89.577051,6.89e-18,O2_Holland(1993)_298K_49-103nm.txt
89.582043,6.193e-18,O2_Holland(1993)_298K_49-103nm.txt
89.587036,6.484e-18,O2_Holland(1993)_298K_49-103nm.txt
89.592035,6.625e-18,O2_Holland(1993)_298K_49-103nm.txt
89.597028,6.898e-18,O2_Holland(1993)_298K_49-103nm.txt
89.602014,7.273e-18,O2_Holland(1993)_298K_49-103nm.txt
89.607007,7.585e-18,O2_Holland(1993)_298K_49-103nm.txt
89.612,7.764e-18,O2_Holland(1993)_298K_49-103nm.txt
89.616998,8.113e-18,O2_Holland(1993)_298K_49-103nm.txt
89.621991,8.358e-18,O2_Holland(1993)_298K_49-103nm.txt
89.626977,7.765e-18,O2_Holland(1993)_298K_49-103nm.txt
89.63197,7.619e-18,O2_Holland(1993)_298K_49-103nm.txt
89.636963,7.853e-18,O2_Holland(1993)_298K_49-103nm.txt
89.641962,8.394e-18,O2_Holland(1993)_298K_49-103nm.txt
89.646954,7.821e-18,O2_Holland(1993)_298K_49-103nm.txt
89.651941,7.951e-18,O2_Holland(1993)_298K_49-103nm.txt
89.656934,7.642e-18,O2_Holland(1993)_298K_49-103nm.txt
89.661926,8.1e-18,O2_Holland(1993)_298K_49-103nm.txt
89.666925,8.069e-18,O2_Holland(1993)_298K_49-103nm.txt
89.671918,8.034e-18,O2_Holland(1993)_298K_49-103nm.txt
89.676904,8.006e-18,O2_Holland(1993)_298K_49-103nm.txt
89.681897,7.891e-18,O2_Holland(1993)_298K_49-103nm.txt
89.68689,8.156e-18,O2_Holland(1993)_298K_49-103nm.txt
89.691888,8.323e-18,O2_Holland(1993)_298K_49-103nm.txt
89.696875,8.196e-18,O2_Holland(1993)_298K_49-103nm.txt
89.701868,8.312e-18,O2_Holland(1993)_298K_49-103nm.txt
89.70686,9.125e-18,O2_Holland(1993)_298K_49-103nm.txt
89.711853,9.127e-18,O2_Holland(1993)_298K_49-103nm.txt
89.716852,9.333e-18,O2_Holland(1993)_298K_49-103nm.txt
89.721838,9.061e-18,O2_Holland(1993)_298K_49-103nm.txt
89.726831,8.934e-18,O2_Holland(1993)_298K_49-103nm.txt
89.731824,8.701e-18,O2_Holland(1993)_298K_49-103nm.txt
89.736816,8.352e-18,O2_Holland(1993)_298K_49-103nm.txt
89.741815,8.066e-18,O2_Holland(1993)_298K_49-103nm.txt
89.746802,7.822e-18,O2_Holland(1993)_298K_49-103nm.txt
89.751794,8.164e-18,O2_Holland(1993)_298K_49-103nm.txt
89.756787,6.93e-18,O2_Holland(1993)_298K_49-103nm.txt
89.76178,7.4e-18,O2_Holland(1993)_298K_49-103nm.txt
89.766779,6.884e-18,O2_Holland(1993)_298K_49-103nm.txt
89.771765,7.266e-18,O2_Holland(1993)_298K_49-103nm.txt
89.776758,7.184e-18,O2_Holland(1993)_298K_49-103nm.txt
89.78175,6.83e-18,O2_Holland(1993)_298K_49-103nm.txt
89.786743,7.448e-18,O2_Holland(1993)_298K_49-103nm.txt
89.791742,7.18e-18,O2_Holland(1993)_298K_49-103nm.txt
89.796728,6.393e-18,O2_Holland(1993)_298K_49-103nm.txt
89.801721,6.639e-18,O2_Holland(1993)_298K_49-103nm.txt
89.806714,6.285e-18,O2_Holland(1993)_298K_49-103nm.txt
89.811707,6.829e-18,O2_Holland(1993)_298K_49-103nm.txt
89.816705,6.218e-18,O2_Holland(1993)_298K_49-103nm.txt
89.821692,6.619e-18,O2_Holland(1993)_298K_49-103nm.txt
89.826685,6.469e-18,O2_Holland(1993)_298K_49-103nm.txt
89.831677,6.211e-18,O2_Holland(1993)_298K_49-103nm.txt
89.83667,6.155e-18,O2_Holland(1993)_298K_49-103nm.txt
89.841669,6.443e-18,O2_Holland(1993)_298K_49-103nm.txt
89.846655,6.522e-18,O2_Holland(1993)_298K_49-103nm.txt
89.851648,6.117e-18,O2_Holland(1993)_298K_49-103nm.txt
89.856641,6.094e-18,O2_Holland(1993)_298K_49-103nm.txt
89.861633,6.482e-18,O2_Holland(1993)_298K_49-103nm.txt
89.866632,6.585e-18,O2_Holland(1993)_298K_49-103nm.txt
89.871619,5.969e-18,O2_Holland(1993)_298K_49-103nm.txt
89.876611,6.446e-18,O2_Holland(1993)_298K_49-103nm.txt
89.881604,6.435e-18,O2_Holland(1993)_298K_49-103nm.txt
89.886597,6.524e-18,O2_Holland(1993)_298K_49-103nm.txt
89.891596,6.686e-18,O2_Holland(1993)_298K_49-103nm.txt
89.896582,6.444e-18,O2_Holland(1993)_298K_49-103nm.txt
89.901575,5.858e-18,O2_Holland(1993)_298K_49-103nm.txt
89.906567,6.458e-18,O2_Holland(1993)_298K_49-103nm.txt
89.91156,6.388e-18,O2_Holland(1993)_298K_49-103nm.txt
89.916553,6.245e-18,O2_Holland(1993)_298K_49-103nm.txt
89.921545,5.984e-18,O2_Holland(1993)_298K_49-103nm.txt
89.926538,6.143e-18,O2_Holland(1993)_298K_49-103nm.txt
89.931531,6.223e-18,O2_Holland(1993)_298K_49-103nm.txt
89.936523,6.079e-18,O2_Holland(1993)_298K_49-103nm.txt
89.941516,6.037e-18,O2_Holland(1993)_298K_49-103nm.txt
89.946509,6.205e-18,O2_Holland(1993)_298K_49-103nm.txt
89.951501,6.591e-18,O2_Holland(1993)_298K_49-103nm.txt
89.956494,6.305e-18,O2_Holland(1993)_298K_49-103nm.txt
89.961487,6.465e-18,O2_Holland(1993)_298K_49-103nm.txt
89.96648,6.47e-18,O2_Holland(1993)_298K_49-103nm.txt
89.971472,6.535e-18,O2_Holland(1993)_298K_49-103nm.txt
89.976465,6.86e-18,O2_Holland(1993)_298K_49-103nm.txt
89.981457,7.476e-18,O2_Holland(1993)_298K_49-103nm.txt
89.98645,7.474e-18,O2_Holland(1993)_298K_49-103nm.txt
89.991443,7.416e-18,O2_Holland(1993)_298K_49-103nm.txt
89.996435,7.783e-18,O2_Holland(1993)_298K_49-103nm.txt
90.001428,8.399e-18,O2_Holland(1993)_298K_49-103nm.txt
90.006421,9.011e-18,O2_Holland(1993)_298K_49-103nm.txt
90.011414,1.01e-17,O2_Holland(1993)_298K_49-103nm.txt
90.016406,1.039e-17,O2_Holland(1993)_298K_49-103nm.txt
90.021399,1.13e-17,O2_Holland(1993)_298K_49-103nm.txt
90.026392,1.196e-17,O2_Holland(1993)_298K_49-103nm.txt
90.031384,1.258e-17,O2_Holland(1993)_298K_49-103nm.txt
90.036377,1.305e-17,O2_Holland(1993)_298K_49-103nm.txt
90.04137,1.315e-17,O2_Holland(1993)_298K_49-103nm.txt
90.046362,1.354e-17,O2_Holland(1993)_298K_49-103nm.txt
90.051355,1.364e-17,O2_Holland(1993)_298K_49-103nm.txt
90.056348,1.384e-17,O2_Holland(1993)_298K_49-103nm.txt
90.06134,1.398e-17,O2_Holland(1993)_298K_49-103nm.txt
90.066333,1.439e-17,O2_Holland(1993)_298K_49-103nm.txt
90.071326,1.446e-17,O2_Holland(1993)_298K_49-103nm.txt
90.076318,1.466e-17,O2_Holland(1993)_298K_49-103nm.txt
90.081311,1.468e-17,O2_Holland(1993)_298K_49-103nm.txt
90.086304,1.458e-17,O2_Holland(1993)_298K_49-103nm.txt
90.091296,1.457e-17,O2_Holland(1993)_298K_49-103nm.txt
90.096289,1.471e-17,O2_Holland(1993)_298K_49-103nm.txt
90.101282,1.417e-17,O2_Holland(1993)_298K_49-103nm.txt
90.106274,1.391e-17,O2_Holland(1993)_298K_49-103nm.txt
90.111261,1.382e-17,O2_Holland(1993)_298K_49-103nm.txt
90.11626,1.364e-17,O2_Holland(1993)_298K_49-103nm.txt
90.121252,1.357e-17,O2_Holland(1993)_298K_49-103nm.txt
90.126245,1.34e-17,O2_Holland(1993)_298K_49-103nm.txt
90.131238,1.317e-17,O2_Holland(1993)_298K_49-103nm.txt
90.136224,1.32e-17,O2_Holland(1993)_298K_49-103nm.txt
90.141223,1.268e-17,O2_Holland(1993)_298K_49-103nm.txt
90.146216,1.297e-17,O2_Holland(1993)_298K_49-103nm.txt
90.151208,1.279e-17,O2_Holland(1993)_298K_49-103nm.txt
90.156201,1.235e-17,O2_Holland(1993)_298K_49-103nm.txt
90.161188,1.168e-17,O2_Holland(1993)_298K_49-103nm.txt
90.166187,1.127e-17,O2_Holland(1993)_298K_49-103nm.txt
90.171179,1.078e-17,O2_Holland(1993)_298K_49-103nm.txt
90.176172,1.072e-17,O2_Holland(1993)_298K_49-103nm.txt
90.181165,1.075e-17,O2_Holland(1993)_298K_49-103nm.txt
90.186151,1.081e-17,O2_Holland(1993)_298K_49-103nm.txt
90.19115,1.05e-17,O2_Holland(1993)_298K_49-103nm.txt
90.196143,1.036e-17,O2_Holland(1993)_298K_49-103nm.txt
90.201135,1.024e-17,O2_Holland(1993)_298K_49-103nm.txt
90.206128,9.841e-18,O2_Holland(1993)_298K_49-103nm.txt
90.211114,9.487e-18,O2_Holland(1993)_298K_49-103nm.txt
90.216113,9.035e-18,O2_Holland(1993)_298K_49-103nm.txt
90.221106,9.07e-18,O2_Holland(1993)_298K_49-103nm.txt
90.226099,9.154e-18,O2_Holland(1993)_298K_49-103nm.txt
90.231091,8.781e-18,O2_Holland(1993)_298K_49-103nm.txt
90.236078,8.91e-18,O2_Holland(1993)_298K_49-103nm.txt
90.241077,9.28e-18,O2_Holland(1993)_298K_49-103nm.txt
90.246069,9.101e-18,O2_Holland(1993)_298K_49-103nm.txt
90.251062,8.985e-18,O2_Holland(1993)_298K_49-103nm.txt
90.256055,8.772e-18,O2_Holland(1993)_298K_49-103nm.txt
90.261041,8.331e-18,O2_Holland(1993)_298K_49-103nm.txt
90.26604,8.411e-18,O2_Holland(1993)_298K_49-103nm.txt
90.271033,8.387e-18,O2_Holland(1993)_298K_49-103nm.txt
90.276025,8.616e-18,O2_Holland(1993)_298K_49-103nm.txt
90.281018,8.804e-18,O2_Holland(1993)_298K_49-103nm.txt
90.286005,9.991e-18,O2_Holland(1993)_298K_49-103nm.txt
90.291003,1.012e-17,O2_Holland(1993)_298K_49-103nm.txt
90.295996,1.092e-17,O2_Holland(1993)_298K_49-103nm.txt
90.300989,1.114e-17,O2_Holland(1993)_298K_49-103nm.txt
90.305975,1.111e-17,O2_Holland(1993)_298K_49-103nm.txt
90.310968,1.094e-17,O2_Holland(1993)_298K_49-103nm.txt
90.315967,1.076e-17,O2_Holland(1993)_298K_49-103nm.txt
90.32096,1.048e-17,O2_Holland(1993)_298K_49-103nm.txt
90.325952,1.016e-17,O2_Holland(1993)_298K_49-103nm.txt
90.330939,1.031e-17,O2_Holland(1993)_298K_49-103nm.txt
90.335931,9.922e-18,O2_Holland(1993)_298K_49-103nm.txt
90.34093,1.031e-17,O2_Holland(1993)_298K_49-103nm.txt
90.345923,1.054e-17,O2_Holland(1993)_298K_49-103nm.txt
90.350915,1.081e-17,O2_Holland(1993)_298K_49-103nm.txt
90.355902,1.086e-17,O2_Holland(1993)_298K_49-103nm.txt
90.360895,1.105e-17,O2_Holland(1993)_298K_49-103nm.txt
90.365894,1.053e-17,O2_Holland(1993)_298K_49-103nm.txt
90.370886,9.869e-18,O2_Holland(1993)_298K_49-103nm.txt
90.375879,9.408e-18,O2_Holland(1993)_298K_49-103nm.txt
90.380866,9.378e-18,O2_Holland(1993)_298K_49-103nm.txt
90.385858,9.593e-18,O2_Holland(1993)_298K_49-103nm.txt
90.390857,9.35e-18,O2_Holland(1993)_298K_49-103nm.txt
90.39585,9.509e-18,O2_Holland(1993)_298K_49-103nm.txt
90.400842,9.442e-18,O2_Holland(1993)_298K_49-103nm.txt
90.405829,9.7e-18,O2_Holland(1993)_298K_49-103nm.txt
90.410821,9.754e-18,O2_Holland(1993)_298K_49-103nm.txt
90.41582,9.694e-18,O2_Holland(1993)_298K_49-103nm.txt
90.420813,1.028e-17,O2_Holland(1993)_298K_49-103nm.txt
90.425806,1.041e-17,O2_Holland(1993)_298K_49-103nm.txt
90.430792,1.044e-17,O2_Holland(1993)_298K_49-103nm.txt
90.435785,9.51e-18,O2_Holland(1993)_298K_49-103nm.txt
90.440784,9.461e-18,O2_Holland(1993)_298K_49-103nm.txt
90.445776,8.902e-18,O2_Holland(1993)_298K_49-103nm.txt
90.450769,8.081e-18,O2_Holland(1993)_298K_49-103nm.txt
90.455756,8.182e-18,O2_Holland(1993)_298K_49-103nm.txt
90.460748,7.879e-18,O2_Holland(1993)_298K_49-103nm.txt
90.465747,8.092e-18,O2_Holland(1993)_298K_49-103nm.txt
90.47074,8.221e-18,O2_Holland(1993)_298K_49-103nm.txt
90.475732,7.871e-18,O2_Holland(1993)_298K_49-103nm.txt
90.480719,7.947e-18,O2_Holland(1993)_298K_49-103nm.txt
90.485712,7.239e-18,O2_Holland(1993)_298K_49-103nm.txt
90.49071,7.695e-18,O2_Holland(1993)_298K_49-103nm.txt
90.495703,6.963e-18,O2_Holland(1993)_298K_49-103nm.txt
90.50069,6.754e-18,O2_Holland(1993)_298K_49-103nm.txt
90.505682,6.703e-18,O2_Holland(1993)_298K_49-103nm.txt
90.510675,6.633e-18,O2_Holland(1993)_298K_49-103nm.txt
90.515674,6.801e-18,O2_Holland(1993)_298K_49-103nm.txt
90.520667,6.551e-18,O2_Holland(1993)_298K_49-103nm.txt
90.525653,6.896e-18,O2_Holland(1993)_298K_49-103nm.txt
90.530646,7.134e-18,O2_Holland(1993)_298K_49-103nm.txt
90.535638,7.303e-18,O2_Holland(1993)_298K_49-103nm.txt
90.540637,6.844e-18,O2_Holland(1993)_298K_49-103nm.txt
90.54563,6.319e-18,O2_Holland(1993)_298K_49-103nm.txt
90.550617,6.759e-18,O2_Holland(1993)_298K_49-103nm.txt
90.555609,6.163e-18,O2_Holland(1993)_298K_49-103nm.txt
90.560602,5.535e-18,O2_Holland(1993)_298K_49-103nm.txt
90.565601,6.678e-18,O2_Holland(1993)_298K_49-103nm.txt
90.570593,5.954e-18,O2_Holland(1993)_298K_49-103nm.txt
90.57558,6.508e-18,O2_Holland(1993)_298K_49-103nm.txt
90.580573,6.8e-18,O2_Holland(1993)_298K_49-103nm.txt
90.585565,5.747e-18,O2_Holland(1993)_298K_49-103nm.txt
90.590564,5.793e-18,O2_Holland(1993)_298K_49-103nm.txt
90.595557,6.593e-18,O2_Holland(1993)_298K_49-103nm.txt
90.600543,6.164e-18,O2_Holland(1993)_298K_49-103nm.txt
90.605536,5.775e-18,O2_Holland(1993)_298K_49-103nm.txt
90.610529,5.91e-18,O2_Holland(1993)_298K_49-103nm.txt
90.615527,5.801e-18,O2_Holland(1993)_298K_49-103nm.txt
90.62052,5.464e-18,O2_Holland(1993)_298K_49-103nm.txt
90.625507,5.582e-18,O2_Holland(1993)_298K_49-103nm.txt
90.630499,6.191e-18,O2_Holland(1993)_298K_49-103nm.txt
90.635492,6.214e-18,O2_Holland(1993)_298K_49-103nm.txt
90.640491,5.778e-18,O2_Holland(1993)_298K_49-103nm.txt
90.645483,5.451e-18,O2_Holland(1993)_298K_49-103nm.txt
90.65047,5.7e-18,O2_Holland(1993)_298K_49-103nm.txt
90.655463,5.549e-18,O2_Holland(1993)_298K_49-103nm.txt
90.660455,5.643e-18,O2_Holland(1993)_298K_49-103nm.txt
90.665454,5.676e-18,O2_Holland(1993)_298K_49-103nm.txt
90.670447,5.631e-18,O2_Holland(1993)_298K_49-103nm.txt
90.675433,5.261e-18,O2_Holland(1993)_298K_49-103nm.txt
90.680426,5.374e-18,O2_Holland(1993)_298K_49-103nm.txt
90.685419,5.598e-18,O2_Holland(1993)_298K_49-103nm.txt
90.690418,5.792e-18,O2_Holland(1993)_298K_49-103nm.txt
90.695404,5.188e-18,O2_Holland(1993)_298K_49-103nm.txt
90.700397,5.76e-18,O2_Holland(1993)_298K_49-103nm.txt
90.705389,5.548e-18,O2_Holland(1993)_298K_49-103nm.txt
90.710382,5.357e-18,O2_Holland(1993)_298K_49-103nm.txt
90.715381,5.39e-18,O2_Holland(1993)_298K_49-103nm.txt
90.720367,5.784e-18,O2_Holland(1993)_298K_49-103nm.txt
90.72536,5.763e-18,O2_Holland(1993)_298K_49-103nm.txt
90.730353,5.626e-18,O2_Holland(1993)_298K_49-103nm.txt
90.735346,5.663e-18,O2_Holland(1993)_298K_49-103nm.txt
90.740344,5.78e-18,O2_Holland(1993)_298K_49-103nm.txt
90.745331,5.676e-18,O2_Holland(1993)_298K_49-103nm.txt
90.750324,5.958e-18,O2_Holland(1993)_298K_49-103nm.txt
90.755316,6.175e-18,O2_Holland(1993)_298K_49-103nm.txt
90.760309,6.087e-18,O2_Holland(1993)_298K_49-103nm.txt
90.765308,5.87e-18,O2_Holland(1993)_298K_49-103nm.txt
90.770294,6.175e-18,O2_Holland(1993)_298K_49-103nm.txt
90.775287,5.861e-18,O2_Holland(1993)_298K_49-103nm.txt
90.780279,5.849e-18,O2_Holland(1993)_298K_49-103nm.txt
90.785272,5.954e-18,O2_Holland(1993)_298K_49-103nm.txt
90.790271,6.712e-18,O2_Holland(1993)_298K_49-103nm.txt
90.795258,6.732e-18,O2_Holland(1993)_298K_49-103nm.txt
90.80025,6.098e-18,O2_Holland(1993)_298K_49-103nm.txt
90.805243,5.853e-18,O2_Holland(1993)_298K_49-103nm.txt
90.810236,6.222e-18,O2_Holland(1993)_298K_49-103nm.txt
90.815234,6.148e-18,O2_Holland(1993)_298K_49-103nm.txt
90.820221,6.406e-18,O2_Holland(1993)_298K_49-103nm.txt
90.825214,6.731e-18,O2_Holland(1993)_298K_49-103nm.txt
90.830206,7.51e-18,O2_Holland(1993)_298K_49-103nm.txt
90.835199,6.979e-18,O2_Holland(1993)_298K_49-103nm.txt
90.840198,6.969e-18,O2_Holland(1993)_298K_49-103nm.txt
90.845184,7.108e-18,O2_Holland(1993)_298K_49-103nm.txt
90.850177,7.691e-18,O2_Holland(1993)_298K_49-103nm.txt
90.85517,7.494e-18,O2_Holland(1993)_298K_49-103nm.txt
90.860162,7.984e-18,O2_Holland(1993)_298K_49-103nm.txt
90.865161,8.423e-18,O2_Holland(1993)_298K_49-103nm.txt
90.870148,8.885e-18,O2_Holland(1993)_298K_49-103nm.txt
90.87514,9.328e-18,O2_Holland(1993)_298K_49-103nm.txt
90.880133,1.017e-17,O2_Holland(1993)_298K_49-103nm.txt
90.885126,1.118e-17,O2_Holland(1993)_298K_49-103nm.txt
90.890118,1.198e-17,O2_Holland(1993)_298K_49-103nm.txt
90.895111,1.298e-17,O2_Holland(1993)_298K_49-103nm.txt
90.900104,1.371e-17,O2_Holland(1993)_298K_49-103nm.txt
90.904999,1.441e-17,O2_Holland(1993)_298K_49-103nm.txt
90.910089,1.505e-17,O2_Holland(1993)_298K_49-103nm.txt
90.915082,1.553e-17,O2_Holland(1993)_298K_49-103nm.txt
90.920074,1.618e-17,O2_Holland(1993)_298K_49-103nm.txt
90.925067,1.67e-17,O2_Holland(1993)_298K_49-103nm.txt
90.929962,1.692e-17,O2_Holland(1993)_298K_49-103nm.txt
90.934955,1.715e-17,O2_Holland(1993)_298K_49-103nm.txt
90.940045,1.706e-17,O2_Holland(1993)_298K_49-103nm.txt
90.945038,1.696e-17,O2_Holland(1993)_298K_49-103nm.txt
90.950031,1.685e-17,O2_Holland(1993)_298K_49-103nm.txt
90.954926,1.68e-17,O2_Holland(1993)_298K_49-103nm.txt
90.959918,1.649e-17,O2_Holland(1993)_298K_49-103nm.txt
90.964905,1.616e-17,O2_Holland(1993)_298K_49-103nm.txt
90.970001,1.567e-17,O2_Holland(1993)_298K_49-103nm.txt
90.974994,1.554e-17,O2_Holland(1993)_298K_49-103nm.txt
90.979889,1.547e-17,O2_Holland(1993)_298K_49-103nm.txt
90.984882,1.542e-17,O2_Holland(1993)_298K_49-103nm.txt
90.989868,1.563e-17,O2_Holland(1993)_298K_49-103nm.txt
90.994861,1.588e-17,O2_Holland(1993)_298K_49-103nm.txt
90.999957,1.628e-17,O2_Holland(1993)_298K_49-103nm.txt
91.004852,1.674e-17,O2_Holland(1993)_298K_49-103nm.txt
91.009845,1.714e-17,O2_Holland(1993)_298K_49-103nm.txt
91.014832,1.731e-17,O2_Holland(1993)_298K_49-103nm.txt
91.019824,1.754e-17,O2_Holland(1993)_298K_49-103nm.txt
91.024823,1.761e-17,O2_Holland(1993)_298K_49-103nm.txt
91.029816,1.766e-17,O2_Holland(1993)_298K_49-103nm.txt
91.034808,1.766e-17,O2_Holland(1993)_298K_49-103nm.txt
91.039795,1.758e-17,O2_Holland(1993)_298K_49-103nm.txt
91.044788,1.698e-17,O2_Holland(1993)_298K_49-103nm.txt
91.049786,1.59e-17,O2_Holland(1993)_298K_49-103nm.txt
91.054779,1.52e-17,O2_Holland(1993)_298K_49-103nm.txt
91.059772,1.456e-17,O2_Holland(1993)_298K_49-103nm.txt
91.064758,1.407e-17,O2_Holland(1993)_298K_49-103nm.txt
91.069751,1.337e-17,O2_Holland(1993)_298K_49-103nm.txt
91.07475,1.264e-17,O2_Holland(1993)_298K_49-103nm.txt
91.079742,1.173e-17,O2_Holland(1993)_298K_49-103nm.txt
91.084735,1.077e-17,O2_Holland(1993)_298K_49-103nm.txt
91.089722,9.993e-18,O2_Holland(1993)_298K_49-103nm.txt
91.094714,9.979e-18,O2_Holland(1993)_298K_49-103nm.txt
91.099713,9.936e-18,O2_Holland(1993)_298K_49-103nm.txt
91.104706,1.013e-17,O2_Holland(1993)_298K_49-103nm.txt
91.109692,1.01e-17,O2_Holland(1993)_298K_49-103nm.txt
91.114685,9.82e-18,O2_Holland(1993)_298K_49-103nm.txt
91.119678,9.344e-18,O2_Holland(1993)_298K_49-103nm.txt
91.124676,8.418e-18,O2_Holland(1993)_298K_49-103nm.txt
91.129669,8.334e-18,O2_Holland(1993)_298K_49-103nm.txt
91.134656,7.459e-18,O2_Holland(1993)_298K_49-103nm.txt
91.139648,7.314e-18,O2_Holland(1993)_298K_49-103nm.txt
91.144641,7.872e-18,O2_Holland(1993)_298K_49-103nm.txt
91.14964,7.278e-18,O2_Holland(1993)_298K_49-103nm.txt
91.154633,7.496e-18,O2_Holland(1993)_298K_49-103nm.txt
91.159619,7.504e-18,O2_Holland(1993)_298K_49-103nm.txt
91.164612,7.199e-18,O2_Holland(1993)_298K_49-103nm.txt
91.169605,7.291e-18,O2_Holland(1993)_298K_49-103nm.txt
91.174603,6.588e-18,O2_Holland(1993)_298K_49-103nm.txt
91.179596,7.141e-18,O2_Holland(1993)_298K_49-103nm.txt
91.184582,6.654e-18,O2_Holland(1993)_298K_49-103nm.txt
91.189575,6.457e-18,O2_Holland(1993)_298K_49-103nm.txt
91.194568,6.872e-18,O2_Holland(1993)_298K_49-103nm.txt
91.199567,6.748e-18,O2_Holland(1993)_298K_49-103nm.txt
91.204559,6.851e-18,O2_Holland(1993)_298K_49-103nm.txt
91.209546,6.729e-18,O2_Holland(1993)_298K_49-103nm.txt
91.214539,6.489e-18,O2_Holland(1993)_298K_49-103nm.txt
91.219531,5.978e-18,O2_Holland(1993)_298K_49-103nm.txt
91.22453,7.167e-18,O2_Holland(1993)_298K_49-103nm.txt
91.229523,5.808e-18,O2_Holland(1993)_298K_49-103nm.txt
91.234509,5.879e-18,O2_Holland(1993)_298K_49-103nm.txt
91.239502,6.548e-18,O2_Holland(1993)_298K_49-103nm.txt
91.244495,6.343e-18,O2_Holland(1993)_298K_49-103nm.txt
91.249493,6.455e-18,O2_Holland(1993)_298K_49-103nm.txt
91.254486,6.151e-18,O2_Holland(1993)_298K_49-103nm.txt
91.259473,6.19e-18,O2_Holland(1993)_298K_49-103nm.txt
91.264465,6.189e-18,O2_Holland(1993)_298K_49-103nm.txt
91.269458,6.195e-18,O2_Holland(1993)_298K_49-103nm.txt
91.274457,6.167e-18,O2_Holland(1993)_298K_49-103nm.txt
91.279449,6.31e-18,O2_Holland(1993)_298K_49-103nm.txt
91.284436,5.931e-18,O2_Holland(1993)_298K_49-103nm.txt
91.289429,6.393e-18,O2_Holland(1993)_298K_49-103nm.txt
91.294421,5.631e-18,O2_Holland(1993)_298K_49-103nm.txt
91.29942,5.727e-18,O2_Holland(1993)_298K_49-103nm.txt
91.304407,6.076e-18,O2_Holland(1993)_298K_49-103nm.txt
91.309399,5.698e-18,O2_Holland(1993)_298K_49-103nm.txt
91.314392,5.956e-18,O2_Holland(1993)_298K_49-103nm.txt
91.319385,5.487e-18,O2_Holland(1993)_298K_49-103nm.txt
91.324383,6.251e-18,O2_Holland(1993)_298K_49-103nm.txt
91.32937,6.008e-18,O2_Holland(1993)_298K_49-103nm.txt
91.334363,6.88e-18,O2_Holland(1993)_298K_49-103nm.txt
91.339355,6.772e-18,O2_Holland(1993)_298K_49-103nm.txt
91.344348,6.914e-18,O2_Holland(1993)_298K_49-103nm.txt
91.349347,7.678e-18,O2_Holland(1993)_298K_49-103nm.txt
91.354333,7.588e-18,O2_Holland(1993)_298K_49-103nm.txt
91.359326,7.522e-18,O2_Holland(1993)_298K_49-103nm.txt
91.364319,7.638e-18,O2_Holland(1993)_298K_49-103nm.txt
91.369312,7.478e-18,O2_Holland(1993)_298K_49-103nm.txt
91.37431,7.118e-18,O2_Holland(1993)_298K_49-103nm.txt
91.379297,7.117e-18,O2_Holland(1993)_298K_49-103nm.txt
91.38429,6.798e-18,O2_Holland(1993)_298K_49-103nm.txt
91.389282,6.896e-18,O2_Holland(1993)_298K_49-103nm.txt
91.394275,6.84e-18,O2_Holland(1993)_298K_49-103nm.txt
91.399274,6.773e-18,O2_Holland(1993)_298K_49-103nm.txt
91.40426,6.37e-18,O2_Holland(1993)_298K_49-103nm.txt
91.409253,6.453e-18,O2_Holland(1993)_298K_49-103nm.txt
91.414246,5.939e-18,O2_Holland(1993)_298K_49-103nm.txt
91.419238,6.13e-18,O2_Holland(1993)_298K_49-103nm.txt
91.424237,6.557e-18,O2_Holland(1993)_298K_49-103nm.txt
91.429224,7.286e-18,O2_Holland(1993)_298K_49-103nm.txt
91.434216,7.166e-18,O2_Holland(1993)_298K_49-103nm.txt
91.439209,8.175e-18,O2_Holland(1993)_298K_49-103nm.txt
91.444202,7.932e-18,O2_Holland(1993)_298K_49-103nm.txt
91.4492,8.458e-18,O2_Holland(1993)_298K_49-103nm.txt
91.454187,8.566e-18,O2_Holland(1993)_298K_49-103nm.txt
91.45918,8.989e-18,O2_Holland(1993)_298K_49-103nm.txt
91.464172,9.116e-18,O2_Holland(1993)_298K_49-103nm.txt
91.469165,8.854e-18,O2_Holland(1993)_298K_49-103nm.txt
91.474164,8.833e-18,O2_Holland(1993)_298K_49-103nm.txt
91.47915,8.638e-18,O2_Holland(1993)_298K_49-103nm.txt
91.484143,8.034e-18,O2_Holland(1993)_298K_49-103nm.txt
91.489136,8.09e-18,O2_Holland(1993)_298K_49-103nm.txt
91.494128,8.038e-18,O2_Holland(1993)_298K_49-103nm.txt
91.499121,6.681e-18,O2_Holland(1993)_298K_49-103nm.txt
91.504114,6.777e-18,O2_Holland(1993)_298K_49-103nm.txt
91.509106,6.409e-18,O2_Holland(1993)_298K_49-103nm.txt
91.514099,6.589e-18,O2_Holland(1993)_298K_49-103nm.txt
91.519092,6.499e-18,O2_Holland(1993)_298K_49-103nm.txt
91.524085,6.451e-18,O2_Holland(1993)_298K_49-103nm.txt
91.529077,6.85e-18,O2_Holland(1993)_298K_49-103nm.txt
91.53407,6.681e-18,O2_Holland(1993)_298K_49-103nm.txt
91.539063,6.279e-18,O2_Holland(1993)_298K_49-103nm.txt
91.544055,6.295e-18,O2_Holland(1993)_298K_49-103nm.txt
91.549048,5.636e-18,O2_Holland(1993)_298K_49-103nm.txt
91.55404,5.615e-18,O2_Holland(1993)_298K_49-103nm.txt
91.559033,6.185e-18,O2_Holland(1993)_298K_49-103nm.txt
91.564026,5.927e-18,O2_Holland(1993)_298K_49-103nm.txt
91.569019,5.871e-18,O2_Holland(1993)_298K_49-103nm.txt
91.574011,5.768e-18,O2_Holland(1993)_298K_49-103nm.txt
91.579004,5.68e-18,O2_Holland(1993)_298K_49-103nm.txt
91.583997,6.517e-18,O2_Holland(1993)_298K_49-103nm.txt
91.588989,5.603e-18,O2_Holland(1993)_298K_49-103nm.txt
91.593982,5.457e-18,O2_Holland(1993)_298K_49-103nm.txt
91.598975,5.977e-18,O2_Holland(1993)_298K_49-103nm.txt
91.603967,6.114e-18,O2_Holland(1993)_298K_49-103nm.txt
91.60896,6.373e-18,O2_Holland(1993)_298K_49-103nm.txt
91.613953,6.376e-18,O2_Holland(1993)_298K_49-103nm.txt
91.618945,7.305e-18,O2_Holland(1993)_298K_49-103nm.txt
91.623938,7.286e-18,O2_Holland(1993)_298K_49-103nm.txt
91.628931,7.34e-18,O2_Holland(1993)_298K_49-103nm.txt
91.633923,8.028e-18,O2_Holland(1993)_298K_49-103nm.txt
91.638916,8.715e-18,O2_Holland(1993)_298K_49-103nm.txt
91.643909,9.786e-18,O2_Holland(1993)_298K_49-103nm.txt
91.648901,1.118e-17,O2_Holland(1993)_298K_49-103nm.txt
91.653894,1.227e-17,O2_Holland(1993)_298K_49-103nm.txt
91.658887,1.32e-17,O2_Holland(1993)_298K_49-103nm.txt
91.663879,1.445e-17,O2_Holland(1993)_298K_49-103nm.txt
91.668872,1.576e-17,O2_Holland(1993)_298K_49-103nm.txt
91.673865,1.745e-17,O2_Holland(1993)_298K_49-103nm.txt
91.678857,1.895e-17,O2_Holland(1993)_298K_49-103nm.txt
91.68385,2.041e-17,O2_Holland(1993)_298K_49-103nm.txt
91.688843,2.183e-17,O2_Holland(1993)_298K_49-103nm.txt
91.693829,2.266e-17,O2_Holland(1993)_298K_49-103nm.txt
91.698828,2.325e-17,O2_Holland(1993)_298K_49-103nm.txt
91.703821,2.349e-17,O2_Holland(1993)_298K_49-103nm.txt
91.708813,2.389e-17,O2_Holland(1993)_298K_49-103nm.txt
91.713806,2.441e-17,O2_Holland(1993)_298K_49-103nm.txt
91.718793,2.504e-17,O2_Holland(1993)_298K_49-103nm.txt
91.723792,2.592e-17,O2_Holland(1993)_298K_49-103nm.txt
91.728784,2.648e-17,O2_Holland(1993)_298K_49-103nm.txt
91.733777,2.652e-17,O2_Holland(1993)_298K_49-103nm.txt
91.73877,2.59e-17,O2_Holland(1993)_298K_49-103nm.txt
91.743756,2.493e-17,O2_Holland(1993)_298K_49-103nm.txt
91.748755,2.371e-17,O2_Holland(1993)_298K_49-103nm.txt
91.753748,2.257e-17,O2_Holland(1993)_298K_49-103nm.txt
91.75874,2.111e-17,O2_Holland(1993)_298K_49-103nm.txt
91.763733,2.046e-17,O2_Holland(1993)_298K_49-103nm.txt
91.768719,1.961e-17,O2_Holland(1993)_298K_49-103nm.txt
91.773718,1.89e-17,O2_Holland(1993)_298K_49-103nm.txt
91.778711,1.808e-17,O2_Holland(1993)_298K_49-103nm.txt
91.783704,1.742e-17,O2_Holland(1993)_298K_49-103nm.txt
91.788696,1.674e-17,O2_Holland(1993)_298K_49-103nm.txt
91.793683,1.566e-17,O2_Holland(1993)_298K_49-103nm.txt
91.798682,1.506e-17,O2_Holland(1993)_298K_49-103nm.txt
91.803674,1.4e-17,O2_Holland(1993)_298K_49-103nm.txt
91.808667,1.345e-17,O2_Holland(1993)_298K_49-103nm.txt
91.81366,1.324e-17,O2_Holland(1993)_298K_49-103nm.txt
91.818646,1.299e-17,O2_Holland(1993)_298K_49-103nm.txt
91.823645,1.291e-17,O2_Holland(1993)_298K_49-103nm.txt
91.828638,1.208e-17,O2_Holland(1993)_298K_49-103nm.txt
91.83363,1.191e-17,O2_Holland(1993)_298K_49-103nm.txt
91.838623,1.081e-17,O2_Holland(1993)_298K_49-103nm.txt
91.84361,1.032e-17,O2_Holland(1993)_298K_49-103nm.txt
91.848608,9.607e-18,O2_Holland(1993)_298K_49-103nm.txt
91.853601,9.076e-18,O2_Holland(1993)_298K_49-103nm.txt
91.858594,9.326e-18,O2_Holland(1993)_298K_49-103nm.txt
91.863586,8.794e-18,O2_Holland(1993)_298K_49-103nm.txt
91.868573,8.816e-18,O2_Holland(1993)_298K_49-103nm.txt
91.873572,8.312e-18,O2_Holland(1993)_298K_49-103nm.txt
91.878565,7.727e-18,O2_Holland(1993)_298K_49-103nm.txt
91.883557,7.61e-18,O2_Holland(1993)_298K_49-103nm.txt
91.888544,7.591e-18,O2_Holland(1993)_298K_49-103nm.txt
91.893536,7.007e-18,O2_Holland(1993)_298K_49-103nm.txt
91.898535,6.692e-18,O2_Holland(1993)_298K_49-103nm.txt
91.903528,6.66e-18,O2_Holland(1993)_298K_49-103nm.txt
91.90852,6.692e-18,O2_Holland(1993)_298K_49-103nm.txt
91.913507,6.915e-18,O2_Holland(1993)_298K_49-103nm.txt
91.9185,7.157e-18,O2_Holland(1993)_298K_49-103nm.txt
91.923499,6.474e-18,O2_Holland(1993)_298K_49-103nm.txt
91.928491,6.121e-18,O2_Holland(1993)_298K_49-103nm.txt
91.933484,6.754e-18,O2_Holland(1993)_298K_49-103nm.txt
91.938471,6.705e-18,O2_Holland(1993)_298K_49-103nm.txt
91.943463,6.82e-18,O2_Holland(1993)_298K_49-103nm.txt
91.948462,6.265e-18,O2_Holland(1993)_298K_49-103nm.txt
91.953455,6.36e-18,O2_Holland(1993)_298K_49-103nm.txt
91.958447,5.497e-18,O2_Holland(1993)_298K_49-103nm.txt
91.963434,6.111e-18,O2_Holland(1993)_298K_49-103nm.txt
91.968426,5.545e-18,O2_Holland(1993)_298K_49-103nm.txt
91.973425,6.499e-18,O2_Holland(1993)_298K_49-103nm.txt
91.978418,6.163e-18,O2_Holland(1993)_298K_49-103nm.txt
91.983411,6.278e-18,O2_Holland(1993)_298K_49-103nm.txt
91.988397,5.344e-18,O2_Holland(1993)_298K_49-103nm.txt
91.99339,6.373e-18,O2_Holland(1993)_298K_49-103nm.txt
91.998389,6.113e-18,O2_Holland(1993)_298K_49-103nm.txt
92.003381,6.139e-18,O2_Holland(1993)_298K_49-103nm.txt
92.008374,6.024e-18,O2_Holland(1993)_298K_49-103nm.txt
92.013361,6.202e-18,O2_Holland(1993)_298K_49-103nm.txt
92.018353,5.269e-18,O2_Holland(1993)_298K_49-103nm.txt
92.023352,5.821e-18,O2_Holland(1993)_298K_49-103nm.txt
92.028345,4.99e-18,O2_Holland(1993)_298K_49-103nm.txt
92.033337,5.842e-18,O2_Holland(1993)_298K_49-103nm.txt
92.038324,5.021e-18,O2_Holland(1993)_298K_49-103nm.txt
92.043317,6.058e-18,O2_Holland(1993)_298K_49-103nm.txt
92.048315,5.39e-18,O2_Holland(1993)_298K_49-103nm.txt
92.053308,6.246e-18,O2_Holland(1993)_298K_49-103nm.txt
92.058301,6.372e-18,O2_Holland(1993)_298K_49-103nm.txt
92.063287,5.221e-18,O2_Holland(1993)_298K_49-103nm.txt
92.06828,5.876e-18,O2_Holland(1993)_298K_49-103nm.txt
92.073279,5.513e-18,O2_Holland(1993)_298K_49-103nm.txt
92.078272,5.142e-18,O2_Holland(1993)_298K_49-103nm.txt
92.083258,5.243e-18,O2_Holland(1993)_298K_49-103nm.txt
92.088251,6.227e-18,O2_Holland(1993)_298K_49-103nm.txt
92.093243,5.826e-18,O2_Holland(1993)_298K_49-103nm.txt
92.098242,5.309e-18,O2_Holland(1993)_298K_49-103nm.txt
92.103235,5.569e-18,O2_Holland(1993)_298K_49-103nm.txt
92.108221,5.202e-18,O2_Holland(1993)_298K_49-103nm.txt
92.113214,6.042e-18,O2_Holland(1993)_298K_49-103nm.txt
92.118207,5.151e-18,O2_Holland(1993)_298K_49-103nm.txt
92.123206,5.674e-18,O2_Holland(1993)_298K_49-103nm.txt
92.128198,5.391e-18,O2_Holland(1993)_298K_49-103nm.txt
92.133185,6.087e-18,O2_Holland(1993)_298K_49-103nm.txt
92.138177,5.488e-18,O2_Holland(1993)_298K_49-103nm.txt
92.14317,6.151e-18,O2_Holland(1993)_298K_49-103nm.txt
92.148169,5.772e-18,O2_Holland(1993)_298K_49-103nm.txt
92.153162,5.69e-18,O2_Holland(1993)_298K_49-103nm.txt
92.158148,5.362e-18,O2_Holland(1993)_298K_49-103nm.txt
92.163141,5.51e-18,O2_Holland(1993)_298K_49-103nm.txt
92.168133,5.895e-18,O2_Holland(1993)_298K_49-103nm.txt
92.173132,6.098e-18,O2_Holland(1993)_298K_49-103nm.txt
92.178125,6.149e-18,O2_Holland(1993)_298K_49-103nm.txt
92.183112,6.478e-18,O2_Holland(1993)_298K_49-103nm.txt
92.188104,6.645e-18,O2_Holland(1993)_298K_49-103nm.txt
92.193097,6.965e-18,O2_Holland(1993)_298K_49-103nm.txt
92.198096,6.715e-18,O2_Holland(1993)_298K_49-103nm.txt
92.203088,6.62e-18,O2_Holland(1993)_298K_49-103nm.txt
92.208075,6.896e-18,O2_Holland(1993)_298K_49-103nm.txt
92.213068,7.131e-18,O2_Holland(1993)_298K_49-103nm.txt
92.21806,6.876e-18,O2_Holland(1993)_298K_49-103nm.txt
92.223059,6.012e-18,O2_Holland(1993)_298K_49-103nm.txt
92.228052,7.026e-18,O2_Holland(1993)_298K_49-103nm.txt
92.233038,6.753e-18,O2_Holland(1993)_298K_49-103nm.txt
92.238031,6.65e-18,O2_Holland(1993)_298K_49-103nm.txt
92.243024,7.373e-18,O2_Holland(1993)_298K_49-103nm.txt
92.248023,7.138e-18,O2_Holland(1993)_298K_49-103nm.txt
92.253015,7.679e-18,O2_Holland(1993)_298K_49-103nm.txt
92.258002,7.976e-18,O2_Holland(1993)_298K_49-103nm.txt
92.262994,8.149e-18,O2_Holland(1993)_298K_49-103nm.txt
92.267987,8.233e-18,O2_Holland(1993)_298K_49-103nm.txt
92.272986,8.721e-18,O2_Holland(1993)_298K_49-103nm.txt
92.277972,9.737e-18,O2_Holland(1993)_298K_49-103nm.txt
92.282965,9.827e-18,O2_Holland(1993)_298K_49-103nm.txt
92.287958,1e-17,O2_Holland(1993)_298K_49-103nm.txt
92.29295,1.045e-17,O2_Holland(1993)_298K_49-103nm.txt
92.297949,1.095e-17,O2_Holland(1993)_298K_49-103nm.txt
92.302936,1.093e-17,O2_Holland(1993)_298K_49-103nm.txt
92.307929,1.108e-17,O2_Holland(1993)_298K_49-103nm.txt
92.312921,1.115e-17,O2_Holland(1993)_298K_49-103nm.txt
92.317914,1.089e-17,O2_Holland(1993)_298K_49-103nm.txt
92.322913,1.096e-17,O2_Holland(1993)_298K_49-103nm.txt
92.327899,1.079e-17,O2_Holland(1993)_298K_49-103nm.txt
92.332892,1.066e-17,O2_Holland(1993)_298K_49-103nm.txt
92.337884,1.064e-17,O2_Holland(1993)_298K_49-103nm.txt
92.342877,1.058e-17,O2_Holland(1993)_298K_49-103nm.txt
92.347876,1.014e-17,O2_Holland(1993)_298K_49-103nm.txt
92.352863,1.004e-17,O2_Holland(1993)_298K_49-103nm.txt
92.357855,9.874e-18,O2_Holland(1993)_298K_49-103nm.txt
92.362848,9.877e-18,O2_Holland(1993)_298K_49-103nm.txt
92.367841,9.847e-18,O2_Holland(1993)_298K_49-103nm.txt
92.372839,1.01e-17,O2_Holland(1993)_298K_49-103nm.txt
92.377826,1.036e-17,O2_Holland(1993)_298K_49-103nm.txt
92.382819,1.105e-17,O2_Holland(1993)_298K_49-103nm.txt
92.387811,1.198e-17,O2_Holland(1993)_298K_49-103nm.txt
92.392804,1.358e-17,O2_Holland(1993)_298K_49-103nm.txt
92.397803,1.56e-17,O2_Holland(1993)_298K_49-103nm.txt
92.402789,1.723e-17,O2_Holland(1993)_298K_49-103nm.txt
92.407782,1.858e-17,O2_Holland(1993)_298K_49-103nm.txt
92.412775,1.942e-17,O2_Holland(1993)_298K_49-103nm.txt
92.417767,1.958e-17,O2_Holland(1993)_298K_49-103nm.txt
92.422766,1.943e-17,O2_Holland(1993)_298K_49-103nm.txt
92.427753,1.897e-17,O2_Holland(1993)_298K_49-103nm.txt
92.432745,1.929e-17,O2_Holland(1993)_298K_49-103nm.txt
92.437738,2.019e-17,O2_Holland(1993)_298K_49-103nm.txt
92.442731,2.157e-17,O2_Holland(1993)_298K_49-103nm.txt
92.44773,2.284e-17,O2_Holland(1993)_298K_49-103nm.txt
92.452716,2.359e-17,O2_Holland(1993)_298K_49-103nm.txt
92.457709,2.395e-17,O2_Holland(1993)_298K_49-103nm.txt
92.462701,2.382e-17,O2_Holland(1993)_298K_49-103nm.txt
92.467694,2.333e-17,O2_Holland(1993)_298K_49-103nm.txt
92.472693,2.261e-17,O2_Holland(1993)_298K_49-103nm.txt
92.477679,2.178e-17,O2_Holland(1993)_298K_49-103nm.txt
92.482672,2.081e-17,O2_Holland(1993)_298K_49-103nm.txt
92.487665,1.966e-17,O2_Holland(1993)_298K_49-103nm.txt
92.492657,1.904e-17,O2_Holland(1993)_298K_49-103nm.txt
92.49765,1.866e-17,O2_Holland(1993)_298K_49-103nm.txt
92.502643,1.803e-17,O2_Holland(1993)_298K_49-103nm.txt
92.507636,1.765e-17,O2_Holland(1993)_298K_49-103nm.txt
92.512628,1.71e-17,O2_Holland(1993)_298K_49-103nm.txt
92.517621,1.683e-17,O2_Holland(1993)_298K_49-103nm.txt
92.522614,1.602e-17,O2_Holland(1993)_298K_49-103nm.txt
92.527606,1.572e-17,O2_Holland(1993)_298K_49-103nm.txt
92.532599,1.537e-17,O2_Holland(1993)_298K_49-103nm.txt
92.537592,1.502e-17,O2_Holland(1993)_298K_49-103nm.txt
92.542584,1.439e-17,O2_Holland(1993)_298K_49-103nm.txt
92.547577,1.434e-17,O2_Holland(1993)_298K_49-103nm.txt
92.55257,1.402e-17,O2_Holland(1993)_298K_49-103nm.txt
92.557562,1.342e-17,O2_Holland(1993)_298K_49-103nm.txt
92.562555,1.288e-17,O2_Holland(1993)_298K_49-103nm.txt
92.567548,1.258e-17,O2_Holland(1993)_298K_49-103nm.txt
92.57254,1.185e-17,O2_Holland(1993)_298K_49-103nm.txt
92.577533,1.118e-17,O2_Holland(1993)_298K_49-103nm.txt
92.582526,1.101e-17,O2_Holland(1993)_298K_49-103nm.txt
92.587518,1.088e-17,O2_Holland(1993)_298K_49-103nm.txt
92.592511,1.042e-17,O2_Holland(1993)_298K_49-103nm.txt
92.597504,9.903e-18,O2_Holland(1993)_298K_49-103nm.txt
92.602496,9.593e-18,O2_Holland(1993)_298K_49-103nm.txt
92.607489,9.277e-18,O2_Holland(1993)_298K_49-103nm.txt
92.612482,8.943e-18,O2_Holland(1993)_298K_49-103nm.txt
92.617474,8.383e-18,O2_Holland(1993)_298K_49-103nm.txt
92.622467,8.597e-18,O2_Holland(1993)_298K_49-103nm.txt
92.62746,7.435e-18,O2_Holland(1993)_298K_49-103nm.txt
92.632452,8.051e-18,O2_Holland(1993)_298K_49-103nm.txt
92.637445,7.535e-18,O2_Holland(1993)_298K_49-103nm.txt
92.642438,7.474e-18,O2_Holland(1993)_298K_49-103nm.txt
92.64743,6.78e-18,O2_Holland(1993)_298K_49-103nm.txt
92.652423,6.732e-18,O2_Holland(1993)_298K_49-103nm.txt
92.657416,6.935e-18,O2_Holland(1993)_298K_49-103nm.txt
92.662408,6.833e-18,O2_Holland(1993)_298K_49-103nm.txt
92.667401,6.105e-18,O2_Holland(1993)_298K_49-103nm.txt
92.672394,5.933e-18,O2_Holland(1993)_298K_49-103nm.txt
92.677387,5.964e-18,O2_Holland(1993)_298K_49-103nm.txt
92.682379,6.603e-18,O2_Holland(1993)_298K_49-103nm.txt
92.687372,6.38e-18,O2_Holland(1993)_298K_49-103nm.txt
92.692358,6.194e-18,O2_Holland(1993)_298K_49-103nm.txt
92.697357,6.058e-18,O2_Holland(1993)_298K_49-103nm.txt
92.70235,5.782e-18,O2_Holland(1993)_298K_49-103nm.txt
92.707343,6.404e-18,O2_Holland(1993)_298K_49-103nm.txt
92.712335,5.836e-18,O2_Holland(1993)_298K_49-103nm.txt
92.717322,4.998e-18,O2_Holland(1993)_298K_49-103nm.txt
92.722321,6.493e-18,O2_Holland(1993)_298K_49-103nm.txt
92.727313,5.802e-18,O2_Holland(1993)_298K_49-103nm.txt
92.732306,5.791e-18,O2_Holland(1993)_298K_49-103nm.txt
92.737299,5.748e-18,O2_Holland(1993)_298K_49-103nm.txt
92.742285,6.042e-18,O2_Holland(1993)_298K_49-103nm.txt
92.747284,6.569e-18,O2_Holland(1993)_298K_49-103nm.txt
92.752277,6.09e-18,O2_Holland(1993)_298K_49-103nm.txt
92.757269,5.962e-18,O2_Holland(1993)_298K_49-103nm.txt
92.762262,6.248e-18,O2_Holland(1993)_298K_49-103nm.txt
92.767249,5.731e-18,O2_Holland(1993)_298K_49-103nm.txt
92.772247,5.833e-18,O2_Holland(1993)_298K_49-103nm.txt
92.77724,6.011e-18,O2_Holland(1993)_298K_49-103nm.txt
92.782233,6.032e-18,O2_Holland(1993)_298K_49-103nm.txt
92.787225,6.232e-18,O2_Holland(1993)_298K_49-103nm.txt
92.792212,6.196e-18,O2_Holland(1993)_298K_49-103nm.txt
92.797211,6.338e-18,O2_Holland(1993)_298K_49-103nm.txt
92.802203,6.136e-18,O2_Holland(1993)_298K_49-103nm.txt
92.807196,5.868e-18,O2_Holland(1993)_298K_49-103nm.txt
92.812189,5.959e-18,O2_Holland(1993)_298K_49-103nm.txt
92.817175,6.303e-18,O2_Holland(1993)_298K_49-103nm.txt
92.822174,5.57e-18,O2_Holland(1993)_298K_49-103nm.txt
92.827167,4.825e-18,O2_Holland(1993)_298K_49-103nm.txt
92.832159,5.096e-18,O2_Holland(1993)_298K_49-103nm.txt
92.837152,5.493e-18,O2_Holland(1993)_298K_49-103nm.txt
92.842139,5.152e-18,O2_Holland(1993)_298K_49-103nm.txt
92.847137,5.267e-18,O2_Holland(1993)_298K_49-103nm.txt
92.85213,6.044e-18,O2_Holland(1993)_298K_49-103nm.txt
92.857123,6.236e-18,O2_Holland(1993)_298K_49-103nm.txt
92.862116,6.437e-18,O2_Holland(1993)_298K_49-103nm.txt
92.867102,5.294e-18,O2_Holland(1993)_298K_49-103nm.txt
92.872101,5.711e-18,O2_Holland(1993)_298K_49-103nm.txt
92.877094,5.833e-18,O2_Holland(1993)_298K_49-103nm.txt
92.882086,6.007e-18,O2_Holland(1993)_298K_49-103nm.txt
92.887073,6.076e-18,O2_Holland(1993)_298K_49-103nm.txt
92.892065,6.191e-18,O2_Holland(1993)_298K_49-103nm.txt
92.897064,5.964e-18,O2_Holland(1993)_298K_49-103nm.txt
92.902057,6.449e-18,O2_Holland(1993)_298K_49-103nm.txt
92.90705,6.799e-18,O2_Holland(1993)_298K_49-103nm.txt
92.912036,6.39e-18,O2_Holland(1993)_298K_49-103nm.txt
92.917029,6.464e-18,O2_Holland(1993)_298K_49-103nm.txt
92.922028,6.377e-18,O2_Holland(1993)_298K_49-103nm.txt
92.92702,6.237e-18,O2_Holland(1993)_298K_49-103nm.txt
92.932013,6.584e-18,O2_Holland(1993)_298K_49-103nm.txt
92.937,6.289e-18,O2_Holland(1993)_298K_49-103nm.txt
92.941992,6.672e-18,O2_Holland(1993)_298K_49-103nm.txt
92.946991,6.75e-18,O2_Holland(1993)_298K_49-103nm.txt
92.951984,6.088e-18,O2_Holland(1993)_298K_49-103nm.txt
92.956976,6.223e-18,O2_Holland(1993)_298K_49-103nm.txt
92.961963,5.906e-18,O2_Holland(1993)_298K_49-103nm.txt
92.966956,5.548e-18,O2_Holland(1993)_298K_49-103nm.txt
92.971954,5.933e-18,O2_Holland(1993)_298K_49-103nm.txt
92.976947,6.021e-18,O2_Holland(1993)_298K_49-103nm.txt
92.98194,5.698e-18,O2_Holland(1993)_298K_49-103nm.txt
92.986926,6.128e-18,O2_Holland(1993)_298K_49-103nm.txt
92.991919,6.19e-18,O2_Holland(1993)_298K_49-103nm.txt
92.996918,5.983e-18,O2_Holland(1993)_298K_49-103nm.txt
93.00191,5.976e-18,O2_Holland(1993)_298K_49-103nm.txt
93.006903,5.575e-18,O2_Holland(1993)_298K_49-103nm.txt
93.01189,6.085e-18,O2_Holland(1993)_298K_49-103nm.txt
93.016882,6.716e-18,O2_Holland(1993)_298K_49-103nm.txt
93.021881,7.76e-18,O2_Holland(1993)_298K_49-103nm.txt
93.026874,9.167e-18,O2_Holland(1993)_298K_49-103nm.txt
93.031867,1.19e-17,O2_Holland(1993)_298K_49-103nm.txt
93.036853,1.622e-17,O2_Holland(1993)_298K_49-103nm.txt
93.041846,2.147e-17,O2_Holland(1993)_298K_49-103nm.txt
93.046844,2.676e-17,O2_Holland(1993)_298K_49-103nm.txt
93.051837,3.078e-17,O2_Holland(1993)_298K_49-103nm.txt
93.05683,3.301e-17,O2_Holland(1993)_298K_49-103nm.txt
93.061816,3.346e-17,O2_Holland(1993)_298K_49-103nm.txt
93.066809,3.23e-17,O2_Holland(1993)_298K_49-103nm.txt
93.071808,2.997e-17,O2_Holland(1993)_298K_49-103nm.txt
93.076801,2.786e-17,O2_Holland(1993)_298K_49-103nm.txt
93.081787,2.549e-17,O2_Holland(1993)_298K_49-103nm.txt
93.086682,2.362e-17,O2_Holland(1993)_298K_49-103nm.txt
93.091773,2.164e-17,O2_Holland(1993)_298K_49-103nm.txt
93.096771,1.939e-17,O2_Holland(1993)_298K_49-103nm.txt
93.101764,1.798e-17,O2_Holland(1993)_298K_49-103nm.txt
93.10675,1.654e-17,O2_Holland(1993)_298K_49-103nm.txt
93.111645,1.59e-17,O2_Holland(1993)_298K_49-103nm.txt
93.116638,1.53e-17,O2_Holland(1993)_298K_49-103nm.txt
93.121631,1.528e-17,O2_Holland(1993)_298K_49-103nm.txt
93.126727,1.492e-17,O2_Holland(1993)_298K_49-103nm.txt
93.131714,1.462e-17,O2_Holland(1993)_298K_49-103nm.txt
93.136609,1.409e-17,O2_Holland(1993)_298K_49-103nm.txt
93.141602,1.36e-17,O2_Holland(1993)_298K_49-103nm.txt
93.146594,1.364e-17,O2_Holland(1993)_298K_49-103nm.txt
93.151587,1.367e-17,O2_Holland(1993)_298K_49-103nm.txt
93.156677,1.385e-17,O2_Holland(1993)_298K_49-103nm.txt
93.161572,1.411e-17,O2_Holland(1993)_298K_49-103nm.txt
93.166565,1.406e-17,O2_Holland(1993)_298K_49-103nm.txt
93.171558,1.438e-17,O2_Holland(1993)_298K_49-103nm.txt
93.17655,1.523e-17,O2_Holland(1993)_298K_49-103nm.txt
93.181543,1.669e-17,O2_Holland(1993)_298K_49-103nm.txt
93.186536,1.729e-17,O2_Holland(1993)_298K_49-103nm.txt
93.191528,1.786e-17,O2_Holland(1993)_298K_49-103nm.txt
93.196521,1.82e-17,O2_Holland(1993)_298K_49-103nm.txt
93.201514,1.784e-17,O2_Holland(1993)_298K_49-103nm.txt
93.206506,1.777e-17,O2_Holland(1993)_298K_49-103nm.txt
93.211499,1.774e-17,O2_Holland(1993)_298K_49-103nm.txt
93.216492,1.975e-17,O2_Holland(1993)_298K_49-103nm.txt
93.221484,2.287e-17,O2_Holland(1993)_298K_49-103nm.txt
93.226477,2.579e-17,O2_Holland(1993)_298K_49-103nm.txt
93.23147,2.822e-17,O2_Holland(1993)_298K_49-103nm.txt
93.236462,3.023e-17,O2_Holland(1993)_298K_49-103nm.txt
93.241455,3.135e-17,O2_Holland(1993)_298K_49-103nm.txt
93.246448,3.121e-17,O2_Holland(1993)_298K_49-103nm.txt
93.25144,3.021e-17,O2_Holland(1993)_298K_49-103nm.txt
93.256433,2.867e-17,O2_Holland(1993)_298K_49-103nm.txt
93.261426,2.656e-17,O2_Holland(1993)_298K_49-103nm.txt
93.266418,2.434e-17,O2_Holland(1993)_298K_49-103nm.txt
93.271411,2.223e-17,O2_Holland(1993)_298K_49-103nm.txt
93.276404,2.075e-17,O2_Holland(1993)_298K_49-103nm.txt
93.281397,1.918e-17,O2_Holland(1993)_298K_49-103nm.txt
93.286389,1.766e-17,O2_Holland(1993)_298K_49-103nm.txt
93.291382,1.663e-17,O2_Holland(1993)_298K_49-103nm.txt
93.296375,1.529e-17,O2_Holland(1993)_298K_49-103nm.txt
93.301361,1.403e-17,O2_Holland(1993)_298K_49-103nm.txt
93.30636,1.324e-17,O2_Holland(1993)_298K_49-103nm.txt
93.311352,1.248e-17,O2_Holland(1993)_298K_49-103nm.txt
93.316345,1.176e-17,O2_Holland(1993)_298K_49-103nm.txt
93.321338,1.118e-17,O2_Holland(1993)_298K_49-103nm.txt
93.326324,1.01e-17,O2_Holland(1993)_298K_49-103nm.txt
93.331323,9.716e-18,O2_Holland(1993)_298K_49-103nm.txt
93.336316,8.979e-18,O2_Holland(1993)_298K_49-103nm.txt
93.341309,8.895e-18,O2_Holland(1993)_298K_49-103nm.txt
93.346301,8.794e-18,O2_Holland(1993)_298K_49-103nm.txt
93.351288,8.674e-18,O2_Holland(1993)_298K_49-103nm.txt
93.356287,8.34e-18,O2_Holland(1993)_298K_49-103nm.txt
93.361279,7.526e-18,O2_Holland(1993)_298K_49-103nm.txt
93.366272,7.663e-18,O2_Holland(1993)_298K_49-103nm.txt
93.371265,7.789e-18,O2_Holland(1993)_298K_49-103nm.txt
93.376251,7.48e-18,O2_Holland(1993)_298K_49-103nm.txt
93.38125,7.599e-18,O2_Holland(1993)_298K_49-103nm.txt
93.386243,7.106e-18,O2_Holland(1993)_298K_49-103nm.txt
93.391235,6.621e-18,O2_Holland(1993)_298K_49-103nm.txt
93.396228,6.647e-18,O2_Holland(1993)_298K_49-103nm.txt
93.401215,6.999e-18,O2_Holland(1993)_298K_49-103nm.txt
93.406213,7.085e-18,O2_Holland(1993)_298K_49-103nm.txt
93.411206,7.373e-18,O2_Holland(1993)_298K_49-103nm.txt
93.416199,7.016e-18,O2_Holland(1993)_298K_49-103nm.txt
93.421191,6.56e-18,O2_Holland(1993)_298K_49-103nm.txt
93.426178,6.594e-18,O2_Holland(1993)_298K_49-103nm.txt
93.431177,6.893e-18,O2_Holland(1993)_298K_49-103nm.txt
93.436169,6.606e-18,O2_Holland(1993)_298K_49-103nm.txt
93.441162,6.882e-18,O2_Holland(1993)_298K_49-103nm.txt
93.446155,7.061e-18,O2_Holland(1993)_298K_49-103nm.txt
93.451141,6.59e-18,O2_Holland(1993)_298K_49-103nm.txt
93.45614,6.664e-18,O2_Holland(1993)_298K_49-103nm.txt
93.461133,6.545e-18,O2_Holland(1993)_298K_49-103nm.txt
93.466125,6.39e-18,O2_Holland(1993)_298K_49-103nm.txt
93.471118,6.353e-18,O2_Holland(1993)_298K_49-103nm.txt
93.476105,6.268e-18,O2_Holland(1993)_298K_49-103nm.txt
93.481103,5.451e-18,O2_Holland(1993)_298K_49-103nm.txt
93.486096,4.914e-18,O2_Holland(1993)_298K_49-103nm.txt
93.491089,5.275e-18,O2_Holland(1993)_298K_49-103nm.txt
93.496075,5.773e-18,O2_Holland(1993)_298K_49-103nm.txt
93.501068,5.713e-18,O2_Holland(1993)_298K_49-103nm.txt
93.506067,5.598e-18,O2_Holland(1993)_298K_49-103nm.txt
93.51106,4.96e-18,O2_Holland(1993)_298K_49-103nm.txt
93.516052,5.515e-18,O2_Holland(1993)_298K_49-103nm.txt
93.521039,5.538e-18,O2_Holland(1993)_298K_49-103nm.txt
93.526031,5.563e-18,O2_Holland(1993)_298K_49-103nm.txt
93.53103,5.119e-18,O2_Holland(1993)_298K_49-103nm.txt
93.536023,5.141e-18,O2_Holland(1993)_298K_49-103nm.txt
93.541016,4.949e-18,O2_Holland(1993)_298K_49-103nm.txt
93.546002,5.124e-18,O2_Holland(1993)_298K_49-103nm.txt
93.550995,4.926e-18,O2_Holland(1993)_298K_49-103nm.txt
93.555994,5.263e-18,O2_Holland(1993)_298K_49-103nm.txt
93.560986,5.78e-18,O2_Holland(1993)_298K_49-103nm.txt
93.565979,5.268e-18,O2_Holland(1993)_298K_49-103nm.txt
93.570966,4.693e-18,O2_Holland(1993)_298K_49-103nm.txt
93.575958,5.399e-18,O2_Holland(1993)_298K_49-103nm.txt
93.580957,4.681e-18,O2_Holland(1993)_298K_49-103nm.txt
93.58595,4.839e-18,O2_Holland(1993)_298K_49-103nm.txt
93.590942,5.173e-18,O2_Holland(1993)_298K_49-103nm.txt
93.595929,4.797e-18,O2_Holland(1993)_298K_49-103nm.txt
93.600922,4.931e-18,O2_Holland(1993)_298K_49-103nm.txt
93.60592,5.076e-18,O2_Holland(1993)_298K_49-103nm.txt
93.610913,5.409e-18,O2_Holland(1993)_298K_49-103nm.txt
93.615906,5.641e-18,O2_Holland(1993)_298K_49-103nm.txt
93.620892,5.464e-18,O2_Holland(1993)_298K_49-103nm.txt
93.625885,5.269e-18,O2_Holland(1993)_298K_49-103nm.txt
93.630884,4.729e-18,O2_Holland(1993)_298K_49-103nm.txt
93.635876,4.701e-18,O2_Holland(1993)_298K_49-103nm.txt
93.640869,4.961e-18,O2_Holland(1993)_298K_49-103nm.txt
93.645856,5.421e-18,O2_Holland(1993)_298K_49-103nm.txt
93.650848,5.678e-18,O2_Holland(1993)_298K_49-103nm.txt
93.655847,5.118e-18,O2_Holland(1993)_298K_49-103nm.txt
93.66084,5.236e-18,O2_Holland(1993)_298K_49-103nm.txt
93.665832,4.552e-18,O2_Holland(1993)_298K_49-103nm.txt
93.670819,5.259e-18,O2_Holland(1993)_298K_49-103nm.txt
93.675812,5.081e-18,O2_Holland(1993)_298K_49-103nm.txt
93.68081,5.06e-18,O2_Holland(1993)_298K_49-103nm.txt
93.685803,5.332e-18,O2_Holland(1993)_298K_49-103nm.txt
93.69079,4.847e-18,O2_Holland(1993)_298K_49-103nm.txt
93.695782,5.151e-18,O2_Holland(1993)_298K_49-103nm.txt
93.700775,4.837e-18,O2_Holland(1993)_298K_49-103nm.txt
93.705774,4.235e-18,O2_Holland(1993)_298K_49-103nm.txt
93.710767,5.764e-18,O2_Holland(1993)_298K_49-103nm.txt
93.715753,4.838e-18,O2_Holland(1993)_298K_49-103nm.txt
93.720746,5.096e-18,O2_Holland(1993)_298K_49-103nm.txt
93.725739,4.913e-18,O2_Holland(1993)_298K_49-103nm.txt
93.730737,5.728e-18,O2_Holland(1993)_298K_49-103nm.txt
93.73573,5.391e-18,O2_Holland(1993)_298K_49-103nm.txt
93.740717,4.593e-18,O2_Holland(1993)_298K_49-103nm.txt
93.745709,5.239e-18,O2_Holland(1993)_298K_49-103nm.txt
93.750702,4.9e-18,O2_Holland(1993)_298K_49-103nm.txt
93.755701,4.994e-18,O2_Holland(1993)_298K_49-103nm.txt
93.760693,4.937e-18,O2_Holland(1993)_298K_49-103nm.txt
93.76568,5.236e-18,O2_Holland(1993)_298K_49-103nm.txt
93.770673,5.386e-18,O2_Holland(1993)_298K_49-103nm.txt
93.775665,5.759e-18,O2_Holland(1993)_298K_49-103nm.txt
93.780664,5.212e-18,O2_Holland(1993)_298K_49-103nm.txt
93.785657,4.699e-18,O2_Holland(1993)_298K_49-103nm.txt
93.790643,5.375e-18,O2_Holland(1993)_298K_49-103nm.txt
93.795636,5.887e-18,O2_Holland(1993)_298K_49-103nm.txt
93.800629,5.535e-18,O2_Holland(1993)_298K_49-103nm.txt
93.805627,6.023e-18,O2_Holland(1993)_298K_49-103nm.txt
93.81062,6.266e-18,O2_Holland(1993)_298K_49-103nm.txt
93.815607,6.649e-18,O2_Holland(1993)_298K_49-103nm.txt
93.820599,8.044e-18,O2_Holland(1993)_298K_49-103nm.txt
93.825592,9.131e-18,O2_Holland(1993)_298K_49-103nm.txt
93.830591,1.026e-17,O2_Holland(1993)_298K_49-103nm.txt
93.835583,1.233e-17,O2_Holland(1993)_298K_49-103nm.txt
93.84057,1.433e-17,O2_Holland(1993)_298K_49-103nm.txt
93.845563,1.649e-17,O2_Holland(1993)_298K_49-103nm.txt
93.850555,1.819e-17,O2_Holland(1993)_298K_49-103nm.txt
93.855554,1.978e-17,O2_Holland(1993)_298K_49-103nm.txt
93.860547,2.201e-17,O2_Holland(1993)_298K_49-103nm.txt
93.865533,2.21e-17,O2_Holland(1993)_298K_49-103nm.txt
93.870526,2.37e-17,O2_Holland(1993)_298K_49-103nm.txt
93.883002,3.574e-17,O2_Holland(1993)_298K_49-103nm.txt
93.892975,3.942e-17,O2_Holland(1993)_298K_49-103nm.txt
93.902948,4.306e-17,O2_Holland(1993)_298K_49-103nm.txt
93.912915,4.645e-17,O2_Holland(1993)_298K_49-103nm.txt
93.922894,4.897e-17,O2_Holland(1993)_298K_49-103nm.txt
93.932861,4.999e-17,O2_Holland(1993)_298K_49-103nm.txt
93.942828,4.85e-17,O2_Holland(1993)_298K_49-103nm.txt
93.952808,4.507e-17,O2_Holland(1993)_298K_49-103nm.txt
93.962775,4.065e-17,O2_Holland(1993)_298K_49-103nm.txt
93.972748,3.562e-17,O2_Holland(1993)_298K_49-103nm.txt
93.982721,3.069e-17,O2_Holland(1993)_298K_49-103nm.txt
93.992688,2.674e-17,O2_Holland(1993)_298K_49-103nm.txt
94.002661,2.31e-17,O2_Holland(1993)_298K_49-103nm.txt
94.012634,2.036e-17,O2_Holland(1993)_298K_49-103nm.txt
94.022607,1.791e-17,O2_Holland(1993)_298K_49-103nm.txt
94.032574,1.581e-17,O2_Holland(1993)_298K_49-103nm.txt
94.042548,1.412e-17,O2_Holland(1993)_298K_49-103nm.txt
94.052521,1.28e-17,O2_Holland(1993)_298K_49-103nm.txt
94.062488,1.15e-17,O2_Holland(1993)_298K_49-103nm.txt
94.072467,1.021e-17,O2_Holland(1993)_298K_49-103nm.txt
94.082434,9.248e-18,O2_Holland(1993)_298K_49-103nm.txt
94.092401,8.469e-18,O2_Holland(1993)_298K_49-103nm.txt
94.10238,7.497e-18,O2_Holland(1993)_298K_49-103nm.txt
94.112347,6.665e-18,O2_Holland(1993)_298K_49-103nm.txt
94.122321,6.266e-18,O2_Holland(1993)_298K_49-103nm.txt
94.132294,5.837e-18,O2_Holland(1993)_298K_49-103nm.txt
94.142261,5.617e-18,O2_Holland(1993)_298K_49-103nm.txt
94.152234,5.227e-18,O2_Holland(1993)_298K_49-103nm.txt
94.162207,5.1e-18,O2_Holland(1993)_298K_49-103nm.txt
94.17218,5.007e-18,O2_Holland(1993)_298K_49-103nm.txt
94.182147,4.952e-18,O2_Holland(1993)_298K_49-103nm.txt
94.19212,4.891e-18,O2_Holland(1993)_298K_49-103nm.txt
94.202094,5.355e-18,O2_Holland(1993)_298K_49-103nm.txt
94.21206,5.21e-18,O2_Holland(1993)_298K_49-103nm.txt
94.22204,5.546e-18,O2_Holland(1993)_298K_49-103nm.txt
94.232007,5.7e-18,O2_Holland(1993)_298K_49-103nm.txt
94.241974,5.656e-18,O2_Holland(1993)_298K_49-103nm.txt
94.251953,5.845e-18,O2_Holland(1993)_298K_49-103nm.txt
94.26192,5.884e-18,O2_Holland(1993)_298K_49-103nm.txt
94.271893,5.88e-18,O2_Holland(1993)_298K_49-103nm.txt
94.281867,5.734e-18,O2_Holland(1993)_298K_49-103nm.txt
94.291833,5.255e-18,O2_Holland(1993)_298K_49-103nm.txt
94.301807,5.252e-18,O2_Holland(1993)_298K_49-103nm.txt
94.31178,5.166e-18,O2_Holland(1993)_298K_49-103nm.txt
94.321753,4.821e-18,O2_Holland(1993)_298K_49-103nm.txt
94.33172,4.903e-18,O2_Holland(1993)_298K_49-103nm.txt
94.341693,4.965e-18,O2_Holland(1993)_298K_49-103nm.txt
94.351666,5.012e-18,O2_Holland(1993)_298K_49-103nm.txt
94.361633,5.353e-18,O2_Holland(1993)_298K_49-103nm.txt
94.371613,4.677e-18,O2_Holland(1993)_298K_49-103nm.txt
94.38158,4.755e-18,O2_Holland(1993)_298K_49-103nm.txt
94.391547,4.829e-18,O2_Holland(1993)_298K_49-103nm.txt
94.401526,4.554e-18,O2_Holland(1993)_298K_49-103nm.txt
94.411493,4.397e-18,O2_Holland(1993)_298K_49-103nm.txt
94.421466,4.25e-18,O2_Holland(1993)_298K_49-103nm.txt
94.431439,3.987e-18,O2_Holland(1993)_298K_49-103nm.txt
94.441406,3.746e-18,O2_Holland(1993)_298K_49-103nm.txt
94.451379,3.05e-18,O2_Holland(1993)_298K_49-103nm.txt
94.461352,3.52e-18,O2_Holland(1993)_298K_49-103nm.txt
94.471326,3.585e-18,O2_Holland(1993)_298K_49-103nm.txt
94.481293,3.745e-18,O2_Holland(1993)_298K_49-103nm.txt
94.491266,3.703e-18,O2_Holland(1993)_298K_49-103nm.txt
94.501239,3.592e-18,O2_Holland(1993)_298K_49-103nm.txt
94.511206,3.93e-18,O2_Holland(1993)_298K_49-103nm.txt
94.521185,3.668e-18,O2_Holland(1993)_298K_49-103nm.txt
94.531152,4.149e-18,O2_Holland(1993)_298K_49-103nm.txt
94.541119,3.948e-18,O2_Holland(1993)_298K_49-103nm.txt
94.551099,3.777e-18,O2_Holland(1993)_298K_49-103nm.txt
94.561066,3.64e-18,O2_Holland(1993)_298K_49-103nm.txt
94.571039,3.452e-18,O2_Holland(1993)_298K_49-103nm.txt
94.581012,3.887e-18,O2_Holland(1993)_298K_49-103nm.txt
94.590979,4.298e-18,O2_Holland(1993)_298K_49-103nm.txt
94.600952,4.721e-18,O2_Holland(1993)_298K_49-103nm.txt
94.610925,4.852e-18,O2_Holland(1993)_298K_49-103nm.txt
94.620898,5.322e-18,O2_Holland(1993)_298K_49-103nm.txt
94.630866,5.969e-18,O2_Holland(1993)_298K_49-103nm.txt
94.640839,7.523e-18,O2_Holland(1993)_298K_49-103nm.txt
94.650812,1.111e-17,O2_Holland(1993)_298K_49-103nm.txt
94.660779,1.675e-17,O2_Holland(1993)_298K_49-103nm.txt
94.670758,2.239e-17,O2_Holland(1993)_298K_49-103nm.txt
94.680725,2.713e-17,O2_Holland(1993)_298K_49-103nm.txt
94.690692,3.122e-17,O2_Holland(1993)_298K_49-103nm.txt
94.700671,3.392e-17,O2_Holland(1993)_298K_49-103nm.txt
94.710638,3.902e-17,O2_Holland(1993)_298K_49-103nm.txt
94.720612,4.404e-17,O2_Holland(1993)_298K_49-103nm.txt
94.730585,4.791e-17,O2_Holland(1993)_298K_49-103nm.txt
94.740552,5.021e-17,O2_Holland(1993)_298K_49-103nm.txt
94.750525,5.139e-17,O2_Holland(1993)_298K_49-103nm.txt
94.760498,5.374e-17,O2_Holland(1993)_298K_49-103nm.txt
94.770471,5.638e-17,O2_Holland(1993)_298K_49-103nm.txt
94.780438,5.815e-17,O2_Holland(1993)_298K_49-103nm.txt
94.790411,5.764e-17,O2_Holland(1993)_298K_49-103nm.txt
94.800384,5.383e-17,O2_Holland(1993)_298K_49-103nm.txt
94.810352,4.813e-17,O2_Holland(1993)_298K_49-103nm.txt
94.820331,4.236e-17,O2_Holland(1993)_298K_49-103nm.txt
94.830298,3.598e-17,O2_Holland(1993)_298K_49-103nm.txt
94.840265,3.085e-17,O2_Holland(1993)_298K_49-103nm.txt
94.850244,2.696e-17,O2_Holland(1993)_298K_49-103nm.txt
94.860211,2.308e-17,O2_Holland(1993)_298K_49-103nm.txt
94.870184,1.986e-17,O2_Holland(1993)_298K_49-103nm.txt
94.880157,1.712e-17,O2_Holland(1993)_298K_49-103nm.txt
94.890125,1.499e-17,O2_Holland(1993)_298K_49-103nm.txt
94.900098,1.325e-17,O2_Holland(1993)_298K_49-103nm.txt
94.910071,1.159e-17,O2_Holland(1993)_298K_49-103nm.txt
94.920044,1.012e-17,O2_Holland(1993)_298K_49-103nm.txt
94.930011,9.476e-18,O2_Holland(1993)_298K_49-103nm.txt
94.939984,8.555e-18,O2_Holland(1993)_298K_49-103nm.txt
94.949957,7.749e-18,O2_Holland(1993)_298K_49-103nm.txt
94.959924,7.033e-18,O2_Holland(1993)_298K_49-103nm.txt
94.969904,6.085e-18,O2_Holland(1993)_298K_49-103nm.txt
94.979871,5.664e-18,O2_Holland(1993)_298K_49-103nm.txt
94.989838,5.41e-18,O2_Holland(1993)_298K_49-103nm.txt
94.999817,4.674e-18,O2_Holland(1993)_298K_49-103nm.txt
95.009784,4.899e-18,O2_Holland(1993)_298K_49-103nm.txt
95.019757,4.769e-18,O2_Holland(1993)_298K_49-103nm.txt
95.02973,4.619e-18,O2_Holland(1993)_298K_49-103nm.txt
95.039697,4.509e-18,O2_Holland(1993)_298K_49-103nm.txt
95.04967,4.718e-18,O2_Holland(1993)_298K_49-103nm.txt
95.059637,4.788e-18,O2_Holland(1993)_298K_49-103nm.txt
95.069617,4.753e-18,O2_Holland(1993)_298K_49-103nm.txt
95.079584,4.879e-18,O2_Holland(1993)_298K_49-103nm.txt
95.089551,4.806e-18,O2_Holland(1993)_298K_49-103nm.txt
95.09953,4.672e-18,O2_Holland(1993)_298K_49-103nm.txt
95.109497,4.503e-18,O2_Holland(1993)_298K_49-103nm.txt
95.11947,4.878e-18,O2_Holland(1993)_298K_49-103nm.txt
95.129443,4.797e-18,O2_Holland(1993)_298K_49-103nm.txt
95.13941,4.849e-18,O2_Holland(1993)_298K_49-103nm.txt
95.149383,4.754e-18,O2_Holland(1993)_298K_49-103nm.txt
95.159357,4.775e-18,O2_Holland(1993)_298K_49-103nm.txt
95.16933,4.751e-18,O2_Holland(1993)_298K_49-103nm.txt
95.179297,4.966e-18,O2_Holland(1993)_298K_49-103nm.txt
95.18927,4.695e-18,O2_Holland(1993)_298K_49-103nm.txt
95.199243,4.903e-18,O2_Holland(1993)_298K_49-103nm.txt
95.20921,4.742e-18,O2_Holland(1993)_298K_49-103nm.txt
95.21919,4.922e-18,O2_Holland(1993)_298K_49-103nm.txt
95.229156,4.927e-18,O2_Holland(1993)_298K_49-103nm.txt
95.239124,4.864e-18,O2_Holland(1993)_298K_49-103nm.txt
95.249103,4.908e-18,O2_Holland(1993)_298K_49-103nm.txt
95.25907,4.839e-18,O2_Holland(1993)_298K_49-103nm.txt
95.269043,4.771e-18,O2_Holland(1993)_298K_49-103nm.txt
95.279016,4.098e-18,O2_Holland(1993)_298K_49-103nm.txt
95.288886,4.259e-18,O2_Holland(1993)_298K_49-103nm.txt
95.298956,3.928e-18,O2_Holland(1993)_298K_49-103nm.txt
95.308929,4.206e-18,O2_Holland(1993)_298K_49-103nm.txt
95.318799,4.188e-18,O2_Holland(1993)_298K_49-103nm.txt
95.32887,4.16e-18,O2_Holland(1993)_298K_49-103nm.txt
95.338745,3.523e-18,O2_Holland(1993)_298K_49-103nm.txt
95.348712,3.944e-18,O2_Holland(1993)_298K_49-103nm.txt
95.358783,3.885e-18,O2_Holland(1993)_298K_49-103nm.txt
95.368658,3.625e-18,O2_Holland(1993)_298K_49-103nm.txt
95.378632,4.024e-18,O2_Holland(1993)_298K_49-103nm.txt
95.388599,3.631e-18,O2_Holland(1993)_298K_49-103nm.txt
95.398572,3.944e-18,O2_Holland(1993)_298K_49-103nm.txt
95.408545,4.123e-18,O2_Holland(1993)_298K_49-103nm.txt
95.418512,4.403e-18,O2_Holland(1993)_298K_49-103nm.txt
95.428491,4.255e-18,O2_Holland(1993)_298K_49-103nm.txt
95.438458,4.34e-18,O2_Holland(1993)_298K_49-103nm.txt
95.448425,4.665e-18,O2_Holland(1993)_298K_49-103nm.txt
95.458404,4.99e-18,O2_Holland(1993)_298K_49-103nm.txt
95.468372,5.596e-18,O2_Holland(1993)_298K_49-103nm.txt
95.478345,6.663e-18,O2_Holland(1993)_298K_49-103nm.txt
95.488318,8.59e-18,O2_Holland(1993)_298K_49-103nm.txt
95.498285,1.314e-17,O2_Holland(1993)_298K_49-103nm.txt
95.508258,2.015e-17,O2_Holland(1993)_298K_49-103nm.txt
95.518231,2.824e-17,O2_Holland(1993)_298K_49-103nm.txt
95.528204,3.611e-17,O2_Holland(1993)_298K_49-103nm.txt
95.538171,4.348e-17,O2_Holland(1993)_298K_49-103nm.txt
95.548145,4.979e-17,O2_Holland(1993)_298K_49-103nm.txt
95.558118,5.477e-17,O2_Holland(1993)_298K_49-103nm.txt
95.568085,5.882e-17,O2_Holland(1993)_298K_49-103nm.txt
95.578064,6.071e-17,O2_Holland(1993)_298K_49-103nm.txt
95.588031,5.993e-17,O2_Holland(1993)_298K_49-103nm.txt
95.607977,5.137e-17,O2_Holland(1993)_298K_49-103nm.txt
95.617944,4.519e-17,O2_Holland(1993)_298K_49-103nm.txt
95.627918,3.884e-17,O2_Holland(1993)_298K_49-103nm.txt
95.637891,3.522e-17,O2_Holland(1993)_298K_49-103nm.txt
95.647858,3.345e-17,O2_Holland(1993)_298K_49-103nm.txt
95.657831,3.427e-17,O2_Holland(1993)_298K_49-103nm.txt
95.667804,3.567e-17,O2_Holland(1993)_298K_49-103nm.txt
95.677777,3.603e-17,O2_Holland(1993)_298K_49-103nm.txt
95.687744,3.617e-17,O2_Holland(1993)_298K_49-103nm.txt
95.697717,3.469e-17,O2_Holland(1993)_298K_49-103nm.txt
95.70769,3.211e-17,O2_Holland(1993)_298K_49-103nm.txt
95.717657,2.909e-17,O2_Holland(1993)_298K_49-103nm.txt
95.727637,2.557e-17,O2_Holland(1993)_298K_49-103nm.txt
95.737604,2.215e-17,O2_Holland(1993)_298K_49-103nm.txt
95.747571,1.928e-17,O2_Holland(1993)_298K_49-103nm.txt
95.75755,1.687e-17,O2_Holland(1993)_298K_49-103nm.txt
95.767517,1.498e-17,O2_Holland(1993)_298K_49-103nm.txt
95.77749,1.352e-17,O2_Holland(1993)_298K_49-103nm.txt
95.787463,1.3e-17,O2_Holland(1993)_298K_49-103nm.txt
95.79743,1.243e-17,O2_Holland(1993)_298K_49-103nm.txt
95.807404,1.156e-17,O2_Holland(1993)_298K_49-103nm.txt
95.82735,9.475e-18,O2_Holland(1993)_298K_49-103nm.txt
95.837317,8.399e-18,O2_Holland(1993)_298K_49-103nm.txt
95.84729,7.241e-18,O2_Holland(1993)_298K_49-103nm.txt
95.857263,6.489e-18,O2_Holland(1993)_298K_49-103nm.txt
95.887176,5.579e-18,O2_Holland(1993)_298K_49-103nm.txt
95.907123,4.191e-18,O2_Holland(1993)_298K_49-103nm.txt
95.91709,3.737e-18,O2_Holland(1993)_298K_49-103nm.txt
95.927063,4.136e-18,O2_Holland(1993)_298K_49-103nm.txt
95.937036,3.895e-18,O2_Holland(1993)_298K_49-103nm.txt
95.947003,3.248e-18,O2_Holland(1993)_298K_49-103nm.txt
95.956976,3.377e-18,O2_Holland(1993)_298K_49-103nm.txt
95.966949,2.93e-18,O2_Holland(1993)_298K_49-103nm.txt
95.976923,3.587e-18,O2_Holland(1993)_298K_49-103nm.txt
95.98689,3.848e-18,O2_Holland(1993)_298K_49-103nm.txt
96.026782,6.328e-18,O2_Holland(1993)_298K_49-103nm.txt
96.036749,6.588e-18,O2_Holland(1993)_298K_49-103nm.txt
96.046716,6.279e-18,O2_Holland(1993)_298K_49-103nm.txt
96.066663,6.642e-18,O2_Holland(1993)_298K_49-103nm.txt
96.076636,6.299e-18,O2_Holland(1993)_298K_49-103nm.txt
96.086609,5.241e-18,O2_Holland(1993)_298K_49-103nm.txt
96.096576,6.013e-18,O2_Holland(1993)_298K_49-103nm.txt
96.106549,6.37e-18,O2_Holland(1993)_298K_49-103nm.txt
96.116522,7.319e-18,O2_Holland(1993)_298K_49-103nm.txt
96.136462,1.071e-17,O2_Holland(1993)_298K_49-103nm.txt
96.146435,1.307e-17,O2_Holland(1993)_298K_49-103nm.txt
96.156409,1.51e-17,O2_Holland(1993)_298K_49-103nm.txt
96.166376,1.581e-17,O2_Holland(1993)_298K_49-103nm.txt
96.176355,1.637e-17,O2_Holland(1993)_298K_49-103nm.txt
96.186322,1.551e-17,O2_Holland(1993)_298K_49-103nm.txt
96.196289,1.388e-17,O2_Holland(1993)_298K_49-103nm.txt
96.206268,1.304e-17,O2_Holland(1993)_298K_49-103nm.txt
96.216235,9.947e-18,O2_Holland(1993)_298K_49-103nm.txt
96.226208,8.813e-18,O2_Holland(1993)_298K_49-103nm.txt
96.236182,7.769e-18,O2_Holland(1993)_298K_49-103nm.txt
96.246149,7.377e-18,O2_Holland(1993)_298K_49-103nm.txt
96.256122,6.53e-18,O2_Holland(1993)_298K_49-103nm.txt
96.266095,6.088e-18,O2_Holland(1993)_298K_49-103nm.txt
96.276068,5.915e-18,O2_Holland(1993)_298K_49-103nm.txt
96.286035,6.135e-18,O2_Holland(1993)_298K_49-103nm.txt
96.296008,6.185e-18,O2_Holland(1993)_298K_49-103nm.txt
96.305981,6.771e-18,O2_Holland(1993)_298K_49-103nm.txt
96.315949,7.388e-18,O2_Holland(1993)_298K_49-103nm.txt
96.325928,8.362e-18,O2_Holland(1993)_298K_49-103nm.txt
96.335895,9.148e-18,O2_Holland(1993)_298K_49-103nm.txt
96.345862,9.912e-18,O2_Holland(1993)_298K_49-103nm.txt
96.355841,1.064e-17,O2_Holland(1993)_298K_49-103nm.txt
96.365808,1.111e-17,O2_Holland(1993)_298K_49-103nm.txt
96.375781,1.14e-17,O2_Holland(1993)_298K_49-103nm.txt
96.385754,1.143e-17,O2_Holland(1993)_298K_49-103nm.txt
96.395721,1.113e-17,O2_Holland(1993)_298K_49-103nm.txt
96.405695,1.079e-17,O2_Holland(1993)_298K_49-103nm.txt
96.415668,1.054e-17,O2_Holland(1993)_298K_49-103nm.txt
96.425641,1.049e-17,O2_Holland(1993)_298K_49-103nm.txt
96.435608,1.128e-17,O2_Holland(1993)_298K_49-103nm.txt
96.445581,1.357e-17,O2_Holland(1993)_298K_49-103nm.txt
96.455554,1.813e-17,O2_Holland(1993)_298K_49-103nm.txt
96.465521,2.477e-17,O2_Holland(1993)_298K_49-103nm.txt
96.475494,3.083e-17,O2_Holland(1993)_298K_49-103nm.txt
96.485468,3.577e-17,O2_Holland(1993)_298K_49-103nm.txt
96.495435,3.873e-17,O2_Holland(1993)_298K_49-103nm.txt
96.505408,3.962e-17,O2_Holland(1993)_298K_49-103nm.txt
96.515381,3.989e-17,O2_Holland(1993)_298K_49-103nm.txt
96.525354,4.06e-17,O2_Holland(1993)_298K_49-103nm.txt
96.535321,4.254e-17,O2_Holland(1993)_298K_49-103nm.txt
96.545294,4.539e-17,O2_Holland(1993)_298K_49-103nm.txt
96.555267,4.8e-17,O2_Holland(1993)_298K_49-103nm.txt
96.565234,4.907e-17,O2_Holland(1993)_298K_49-103nm.txt
96.575214,4.927e-17,O2_Holland(1993)_298K_49-103nm.txt
96.585181,4.799e-17,O2_Holland(1993)_298K_49-103nm.txt
96.595148,4.441e-17,O2_Holland(1993)_298K_49-103nm.txt
96.605127,4.148e-17,O2_Holland(1993)_298K_49-103nm.txt
96.615094,3.866e-17,O2_Holland(1993)_298K_49-103nm.txt
96.625067,3.309e-17,O2_Holland(1993)_298K_49-103nm.txt
96.63504,2.833e-17,O2_Holland(1993)_298K_49-103nm.txt
96.645007,2.645e-17,O2_Holland(1993)_298K_49-103nm.txt
96.65498,2.411e-17,O2_Holland(1993)_298K_49-103nm.txt
96.664954,2.176e-17,O2_Holland(1993)_298K_49-103nm.txt
96.674927,1.974e-17,O2_Holland(1993)_298K_49-103nm.txt
96.684894,1.803e-17,O2_Holland(1993)_298K_49-103nm.txt
96.694867,1.671e-17,O2_Holland(1993)_298K_49-103nm.txt
96.70484,1.524e-17,O2_Holland(1993)_298K_49-103nm.txt
96.714807,1.401e-17,O2_Holland(1993)_298K_49-103nm.txt
96.724786,1.25e-17,O2_Holland(1993)_298K_49-103nm.txt
96.734753,1.107e-17,O2_Holland(1993)_298K_49-103nm.txt
96.744721,9.917e-18,O2_Holland(1993)_298K_49-103nm.txt
96.7547,8.917e-18,O2_Holland(1993)_298K_49-103nm.txt
96.764667,7.964e-18,O2_Holland(1993)_298K_49-103nm.txt
96.77464,7.134e-18,O2_Holland(1993)_298K_49-103nm.txt
96.784613,6.381e-18,O2_Holland(1993)_298K_49-103nm.txt
96.79458,6.005e-18,O2_Holland(1993)_298K_49-103nm.txt
96.804553,5.487e-18,O2_Holland(1993)_298K_49-103nm.txt
96.814526,4.614e-18,O2_Holland(1993)_298K_49-103nm.txt
96.8245,3.872e-18,O2_Holland(1993)_298K_49-103nm.txt
96.834467,4.382e-18,O2_Holland(1993)_298K_49-103nm.txt
96.84444,3.876e-18,O2_Holland(1993)_298K_49-103nm.txt
96.854413,3.476e-18,O2_Holland(1993)_298K_49-103nm.txt
96.86438,3.083e-18,O2_Holland(1993)_298K_49-103nm.txt
96.874359,3.068e-18,O2_Holland(1993)_298K_49-103nm.txt
96.884326,3.414e-18,O2_Holland(1993)_298K_49-103nm.txt
96.894293,3.275e-18,O2_Holland(1993)_298K_49-103nm.txt
96.904273,3.256e-18,O2_Holland(1993)_298K_49-103nm.txt
96.914239,2.728e-18,O2_Holland(1993)_298K_49-103nm.txt
96.924213,3.064e-18,O2_Holland(1993)_298K_49-103nm.txt
96.934186,2.406e-18,O2_Holland(1993)_298K_49-103nm.txt
96.944153,2.661e-18,O2_Holland(1993)_298K_49-103nm.txt
96.954126,3.218e-18,O2_Holland(1993)_298K_49-103nm.txt
96.964099,3.541e-18,O2_Holland(1993)_298K_49-103nm.txt
96.974072,3.261e-18,O2_Holland(1993)_298K_49-103nm.txt
96.984039,3.035e-18,O2_Holland(1993)_298K_49-103nm.txt
96.994012,3.873e-18,O2_Holland(1993)_298K_49-103nm.txt
97.003986,3.885e-18,O2_Holland(1993)_298K_49-103nm.txt
97.013953,2.768e-18,O2_Holland(1993)_298K_49-103nm.txt
97.023932,2.475e-18,O2_Holland(1993)_298K_49-103nm.txt
97.033899,2.319e-18,O2_Holland(1993)_298K_49-103nm.txt
97.043866,2.309e-18,O2_Holland(1993)_298K_49-103nm.txt
97.053845,2.898e-18,O2_Holland(1993)_298K_49-103nm.txt
97.063812,2.872e-18,O2_Holland(1993)_298K_49-103nm.txt
97.073785,2.408e-18,O2_Holland(1993)_298K_49-103nm.txt
97.083758,2.256e-18,O2_Holland(1993)_298K_49-103nm.txt
97.093726,2.472e-18,O2_Holland(1993)_298K_49-103nm.txt
97.103699,3.252e-18,O2_Holland(1993)_298K_49-103nm.txt
97.113672,3.254e-18,O2_Holland(1993)_298K_49-103nm.txt
97.123645,3.412e-18,O2_Holland(1993)_298K_49-103nm.txt
97.133612,3.704e-18,O2_Holland(1993)_298K_49-103nm.txt
97.143585,4.374e-18,O2_Holland(1993)_298K_49-103nm.txt
97.153558,4.229e-18,O2_Holland(1993)_298K_49-103nm.txt
97.163525,4.939e-18,O2_Holland(1993)_298K_49-103nm.txt
97.173505,5.653e-18,O2_Holland(1993)_298K_49-103nm.txt
97.183472,7.186e-18,O2_Holland(1993)_298K_49-103nm.txt
97.193439,8.781e-18,O2_Holland(1993)_298K_49-103nm.txt
97.203418,1.166e-17,O2_Holland(1993)_298K_49-103nm.txt
97.213385,1.505e-17,O2_Holland(1993)_298K_49-103nm.txt
97.223358,1.953e-17,O2_Holland(1993)_298K_49-103nm.txt
97.233331,2.514e-17,O2_Holland(1993)_298K_49-103nm.txt
97.243298,3.187e-17,O2_Holland(1993)_298K_49-103nm.txt
97.253272,3.877e-17,O2_Holland(1993)_298K_49-103nm.txt
97.263245,4.462e-17,O2_Holland(1993)_298K_49-103nm.txt
97.273218,4.832e-17,O2_Holland(1993)_298K_49-103nm.txt
97.283185,4.95e-17,O2_Holland(1993)_298K_49-103nm.txt
97.293158,4.782e-17,O2_Holland(1993)_298K_49-103nm.txt
97.303131,4.426e-17,O2_Holland(1993)_298K_49-103nm.txt
97.313098,3.997e-17,O2_Holland(1993)_298K_49-103nm.txt
97.323077,3.586e-17,O2_Holland(1993)_298K_49-103nm.txt
97.333044,3.227e-17,O2_Holland(1993)_298K_49-103nm.txt
97.343012,2.867e-17,O2_Holland(1993)_298K_49-103nm.txt
97.352991,2.548e-17,O2_Holland(1993)_298K_49-103nm.txt
97.362958,2.26e-17,O2_Holland(1993)_298K_49-103nm.txt
97.372931,2.008e-17,O2_Holland(1993)_298K_49-103nm.txt
97.382904,1.741e-17,O2_Holland(1993)_298K_49-103nm.txt
97.392871,1.519e-17,O2_Holland(1993)_298K_49-103nm.txt
97.402844,1.248e-17,O2_Holland(1993)_298K_49-103nm.txt
97.412817,1.012e-17,O2_Holland(1993)_298K_49-103nm.txt
97.42279,8.329e-18,O2_Holland(1993)_298K_49-103nm.txt
97.432758,7.113e-18,O2_Holland(1993)_298K_49-103nm.txt
97.442731,6.33e-18,O2_Holland(1993)_298K_49-103nm.txt
97.452704,6.545e-18,O2_Holland(1993)_298K_49-103nm.txt
97.462671,6.7e-18,O2_Holland(1993)_298K_49-103nm.txt
97.47265,8.596e-18,O2_Holland(1993)_298K_49-103nm.txt
97.482617,1.174e-17,O2_Holland(1993)_298K_49-103nm.txt
97.492487,1.6e-17,O2_Holland(1993)_298K_49-103nm.txt
97.50246,2.107e-17,O2_Holland(1993)_298K_49-103nm.txt
97.512531,2.45e-17,O2_Holland(1993)_298K_49-103nm.txt
97.5224,2.621e-17,O2_Holland(1993)_298K_49-103nm.txt
97.532379,2.572e-17,O2_Holland(1993)_298K_49-103nm.txt
97.542346,2.415e-17,O2_Holland(1993)_298K_49-103nm.txt
97.552313,2.251e-17,O2_Holland(1993)_298K_49-103nm.txt
97.562293,2.079e-17,O2_Holland(1993)_298K_49-103nm.txt
97.572259,1.956e-17,O2_Holland(1993)_298K_49-103nm.txt
97.582233,1.815e-17,O2_Holland(1993)_298K_49-103nm.txt
97.592206,1.72e-17,O2_Holland(1993)_298K_49-103nm.txt
97.602173,1.618e-17,O2_Holland(1993)_298K_49-103nm.txt
97.612146,1.478e-17,O2_Holland(1993)_298K_49-103nm.txt
97.622119,1.278e-17,O2_Holland(1993)_298K_49-103nm.txt
97.632092,1.114e-17,O2_Holland(1993)_298K_49-103nm.txt
97.642059,9.631e-18,O2_Holland(1993)_298K_49-103nm.txt
97.652032,8.108e-18,O2_Holland(1993)_298K_49-103nm.txt
97.662006,6.934e-18,O2_Holland(1993)_298K_49-103nm.txt
97.671973,5.534e-18,O2_Holland(1993)_298K_49-103nm.txt
97.681952,5.205e-18,O2_Holland(1993)_298K_49-103nm.txt
97.691919,5.119e-18,O2_Holland(1993)_298K_49-103nm.txt
97.701886,4.638e-18,O2_Holland(1993)_298K_49-103nm.txt
97.711865,4.299e-18,O2_Holland(1993)_298K_49-103nm.txt
97.721832,3.895e-18,O2_Holland(1993)_298K_49-103nm.txt
97.731805,4.101e-18,O2_Holland(1993)_298K_49-103nm.txt
97.741779,3.771e-18,O2_Holland(1993)_298K_49-103nm.txt
97.751746,3.029e-18,O2_Holland(1993)_298K_49-103nm.txt
97.761719,3.779e-18,O2_Holland(1993)_298K_49-103nm.txt
97.771692,2.975e-18,O2_Holland(1993)_298K_49-103nm.txt
97.781665,3.785e-18,O2_Holland(1993)_298K_49-103nm.txt
97.791632,3.896e-18,O2_Holland(1993)_298K_49-103nm.txt
97.801605,3.201e-18,O2_Holland(1993)_298K_49-103nm.txt
97.811578,3.43e-18,O2_Holland(1993)_298K_49-103nm.txt
97.821545,3.378e-18,O2_Holland(1993)_298K_49-103nm.txt
97.831525,3.466e-18,O2_Holland(1993)_298K_49-103nm.txt
97.841492,3.55e-18,O2_Holland(1993)_298K_49-103nm.txt
97.851459,3.275e-18,O2_Holland(1993)_298K_49-103nm.txt
97.861438,3.288e-18,O2_Holland(1993)_298K_49-103nm.txt
97.871405,2.666e-18,O2_Holland(1993)_298K_49-103nm.txt
97.881378,3.402e-18,O2_Holland(1993)_298K_49-103nm.txt
97.891351,3.332e-18,O2_Holland(1993)_298K_49-103nm.txt
97.901318,3.595e-18,O2_Holland(1993)_298K_49-103nm.txt
97.911292,3.533e-18,O2_Holland(1993)_298K_49-103nm.txt
97.921258,3.409e-18,O2_Holland(1993)_298K_49-103nm.txt
97.931238,3.201e-18,O2_Holland(1993)_298K_49-103nm.txt
97.941205,3.243e-18,O2_Holland(1993)_298K_49-103nm.txt
97.951172,3.284e-18,O2_Holland(1993)_298K_49-103nm.txt
97.961151,3.858e-18,O2_Holland(1993)_298K_49-103nm.txt
97.971118,3.813e-18,O2_Holland(1993)_298K_49-103nm.txt
97.981091,3.842e-18,O2_Holland(1993)_298K_49-103nm.txt
97.991065,3.875e-18,O2_Holland(1993)_298K_49-103nm.txt
98.001031,4.011e-18,O2_Holland(1993)_298K_49-103nm.txt
98.011005,4.106e-18,O2_Holland(1993)_298K_49-103nm.txt
98.020978,3.589e-18,O2_Holland(1993)_298K_49-103nm.txt
98.030951,3.009e-18,O2_Holland(1993)_298K_49-103nm.txt
98.040918,3.037e-18,O2_Holland(1993)_298K_49-103nm.txt
98.050891,2.616e-18,O2_Holland(1993)_298K_49-103nm.txt
98.060864,2.735e-18,O2_Holland(1993)_298K_49-103nm.txt
98.070831,2.573e-18,O2_Holland(1993)_298K_49-103nm.txt
98.08081,2.666e-18,O2_Holland(1993)_298K_49-103nm.txt
98.090778,3.259e-18,O2_Holland(1993)_298K_49-103nm.txt
98.100745,2.987e-18,O2_Holland(1993)_298K_49-103nm.txt
98.110724,3.222e-18,O2_Holland(1993)_298K_49-103nm.txt
98.120691,3.243e-18,O2_Holland(1993)_298K_49-103nm.txt
98.130664,3.277e-18,O2_Holland(1993)_298K_49-103nm.txt
98.140637,3.317e-18,O2_Holland(1993)_298K_49-103nm.txt
98.150604,3.348e-18,O2_Holland(1993)_298K_49-103nm.txt
98.160577,4.303e-18,O2_Holland(1993)_298K_49-103nm.txt
98.170551,4.295e-18,O2_Holland(1993)_298K_49-103nm.txt
98.180524,4.369e-18,O2_Holland(1993)_298K_49-103nm.txt
98.190491,4.533e-18,O2_Holland(1993)_298K_49-103nm.txt
98.200464,5.972e-18,O2_Holland(1993)_298K_49-103nm.txt
98.210437,7.837e-18,O2_Holland(1993)_298K_49-103nm.txt
98.220404,1.284e-17,O2_Holland(1993)_298K_49-103nm.txt
98.230383,1.801e-17,O2_Holland(1993)_298K_49-103nm.txt
98.24035,2.318e-17,O2_Holland(1993)_298K_49-103nm.txt
98.250317,2.742e-17,O2_Holland(1993)_298K_49-103nm.txt
98.260297,3.162e-17,O2_Holland(1993)_298K_49-103nm.txt
98.270264,3.59e-17,O2_Holland(1993)_298K_49-103nm.txt
98.280237,3.962e-17,O2_Holland(1993)_298K_49-103nm.txt
98.29021,4.366e-17,O2_Holland(1993)_298K_49-103nm.txt
98.300177,4.631e-17,O2_Holland(1993)_298K_49-103nm.txt
98.31015,4.7e-17,O2_Holland(1993)_298K_49-103nm.txt
98.320123,4.583e-17,O2_Holland(1993)_298K_49-103nm.txt
98.330096,4.233e-17,O2_Holland(1993)_298K_49-103nm.txt
98.340063,3.781e-17,O2_Holland(1993)_298K_49-103nm.txt
98.350037,3.314e-17,O2_Holland(1993)_298K_49-103nm.txt
98.36001,2.814e-17,O2_Holland(1993)_298K_49-103nm.txt
98.369977,2.398e-17,O2_Holland(1993)_298K_49-103nm.txt
98.379956,1.985e-17,O2_Holland(1993)_298K_49-103nm.txt
98.389923,1.621e-17,O2_Holland(1993)_298K_49-103nm.txt
98.39989,1.347e-17,O2_Holland(1993)_298K_49-103nm.txt
98.409869,1.119e-17,O2_Holland(1993)_298K_49-103nm.txt
98.419836,9.619e-18,O2_Holland(1993)_298K_49-103nm.txt
98.42981,7.966e-18,O2_Holland(1993)_298K_49-103nm.txt
98.439783,6.955e-18,O2_Holland(1993)_298K_49-103nm.txt
98.44975,6.656e-18,O2_Holland(1993)_298K_49-103nm.txt
98.459723,5.936e-18,O2_Holland(1993)_298K_49-103nm.txt
98.469696,5.413e-18,O2_Holland(1993)_298K_49-103nm.txt
98.479669,4.829e-18,O2_Holland(1993)_298K_49-103nm.txt
98.489636,4.79e-18,O2_Holland(1993)_298K_49-103nm.txt
98.499609,4.939e-18,O2_Holland(1993)_298K_49-103nm.txt
98.509582,5.47e-18,O2_Holland(1993)_298K_49-103nm.txt
98.51955,4.913e-18,O2_Holland(1993)_298K_49-103nm.txt
98.529529,5.593e-18,O2_Holland(1993)_298K_49-103nm.txt
98.539496,5.745e-18,O2_Holland(1993)_298K_49-103nm.txt
98.549463,6.165e-18,O2_Holland(1993)_298K_49-103nm.txt
98.559442,6.551e-18,O2_Holland(1993)_298K_49-103nm.txt
98.569409,7.271e-18,O2_Holland(1993)_298K_49-103nm.txt
98.579382,8.079e-18,O2_Holland(1993)_298K_49-103nm.txt
98.589355,8.811e-18,O2_Holland(1993)_298K_49-103nm.txt
98.599323,8.705e-18,O2_Holland(1993)_298K_49-103nm.txt
98.609296,8.458e-18,O2_Holland(1993)_298K_49-103nm.txt
98.619269,8.45e-18,O2_Holland(1993)_298K_49-103nm.txt
98.629242,7.881e-18,O2_Holland(1993)_298K_49-103nm.txt
98.639209,7.314e-18,O2_Holland(1993)_298K_49-103nm.txt
98.649182,7.141e-18,O2_Holland(1993)_298K_49-103nm.txt
98.659155,6.947e-18,O2_Holland(1993)_298K_49-103nm.txt
98.669122,6.594e-18,O2_Holland(1993)_298K_49-103nm.txt
98.679102,6.878e-18,O2_Holland(1993)_298K_49-103nm.txt
98.689069,6.259e-18,O2_Holland(1993)_298K_49-103nm.txt
98.699036,5.968e-18,O2_Holland(1993)_298K_49-103nm.txt
98.709015,5.911e-18,O2_Holland(1993)_298K_49-103nm.txt
98.718982,5.419e-18,O2_Holland(1993)_298K_49-103nm.txt
98.728955,5.395e-18,O2_Holland(1993)_298K_49-103nm.txt
98.738928,5.016e-18,O2_Holland(1993)_298K_49-103nm.txt
98.748895,5.049e-18,O2_Holland(1993)_298K_49-103nm.txt
98.758868,5.145e-18,O2_Holland(1993)_298K_49-103nm.txt
98.768842,4.236e-18,O2_Holland(1993)_298K_49-103nm.txt
98.778815,3.734e-18,O2_Holland(1993)_298K_49-103nm.txt
98.788782,3.834e-18,O2_Holland(1993)_298K_49-103nm.txt
98.798755,3.659e-18,O2_Holland(1993)_298K_49-103nm.txt
98.808728,3.506e-18,O2_Holland(1993)_298K_49-103nm.txt
98.818695,2.945e-18,O2_Holland(1993)_298K_49-103nm.txt
98.828674,3.27e-18,O2_Holland(1993)_298K_49-103nm.txt
98.838641,3.251e-18,O2_Holland(1993)_298K_49-103nm.txt
98.848608,3.121e-18,O2_Holland(1993)_298K_49-103nm.txt
98.858588,2.992e-18,O2_Holland(1993)_298K_49-103nm.txt
98.868555,2.936e-18,O2_Holland(1993)_298K_49-103nm.txt
98.878528,2.618e-18,O2_Holland(1993)_298K_49-103nm.txt
98.888501,3.294e-18,O2_Holland(1993)_298K_49-103nm.txt
98.898468,2.979e-18,O2_Holland(1993)_298K_49-103nm.txt
98.908441,2.671e-18,O2_Holland(1993)_298K_49-103nm.txt
98.918414,2.332e-18,O2_Holland(1993)_298K_49-103nm.txt
98.928387,2.25e-18,O2_Holland(1993)_298K_49-103nm.txt
98.938355,2.563e-18,O2_Holland(1993)_298K_49-103nm.txt
98.948328,2.42e-18,O2_Holland(1993)_298K_49-103nm.txt
98.958301,2.332e-18,O2_Holland(1993)_298K_49-103nm.txt
98.968268,2.204e-18,O2_Holland(1993)_298K_49-103nm.txt
98.978247,2.861e-18,O2_Holland(1993)_298K_49-103nm.txt
98.988214,1.815e-18,O2_Holland(1993)_298K_49-103nm.txt
98.998181,2.293e-18,O2_Holland(1993)_298K_49-103nm.txt
99.00816,2.717e-18,O2_Holland(1993)_298K_49-103nm.txt
99.018127,2.609e-18,O2_Holland(1993)_298K_49-103nm.txt
99.028101,3.295e-18,O2_Holland(1993)_298K_49-103nm.txt
99.038074,3.04e-18,O2_Holland(1993)_298K_49-103nm.txt
99.048041,2.695e-18,O2_Holland(1993)_298K_49-103nm.txt
99.058014,3.021e-18,O2_Holland(1993)_298K_49-103nm.txt
99.067987,3.451e-18,O2_Holland(1993)_298K_49-103nm.txt
99.07796,3.938e-18,O2_Holland(1993)_298K_49-103nm.txt
99.087927,3.725e-18,O2_Holland(1993)_298K_49-103nm.txt
99.0979,3.762e-18,O2_Holland(1993)_298K_49-103nm.txt
99.107874,3.082e-18,O2_Holland(1993)_298K_49-103nm.txt
99.117841,3.03e-18,O2_Holland(1993)_298K_49-103nm.txt
99.12782,3.26e-18,O2_Holland(1993)_298K_49-103nm.txt
99.137787,3.185e-18,O2_Holland(1993)_298K_49-103nm.txt
99.147754,3.393e-18,O2_Holland(1993)_298K_49-103nm.txt
99.157727,3.206e-18,O2_Holland(1993)_298K_49-103nm.txt
99.1677,2.493e-18,O2_Holland(1993)_298K_49-103nm.txt
99.177673,3.095e-18,O2_Holland(1993)_298K_49-103nm.txt
99.18764,3.579e-18,O2_Holland(1993)_298K_49-103nm.txt
99.197614,3.692e-18,O2_Holland(1993)_298K_49-103nm.txt
99.207587,3.639e-18,O2_Holland(1993)_298K_49-103nm.txt
99.217554,3.686e-18,O2_Holland(1993)_298K_49-103nm.txt
99.227533,5.436e-18,O2_Holland(1993)_298K_49-103nm.txt
99.2375,7.48e-18,O2_Holland(1993)_298K_49-103nm.txt
99.247467,1.145e-17,O2_Holland(1993)_298K_49-103nm.txt
99.257446,1.401e-17,O2_Holland(1993)_298K_49-103nm.txt
99.267413,1.673e-17,O2_Holland(1993)_298K_49-103nm.txt
99.277387,1.928e-17,O2_Holland(1993)_298K_49-103nm.txt
99.28736,2.091e-17,O2_Holland(1993)_298K_49-103nm.txt
99.297327,2.205e-17,O2_Holland(1993)_298K_49-103nm.txt
99.3073,2.254e-17,O2_Holland(1993)_298K_49-103nm.txt
99.317273,2.289e-17,O2_Holland(1993)_298K_49-103nm.txt
99.327246,2.316e-17,O2_Holland(1993)_298K_49-103nm.txt
99.337213,2.341e-17,O2_Holland(1993)_298K_49-103nm.txt
99.347186,2.353e-17,O2_Holland(1993)_298K_49-103nm.txt
99.357159,2.373e-17,O2_Holland(1993)_298K_49-103nm.txt
99.367126,2.336e-17,O2_Holland(1993)_298K_49-103nm.txt
99.377106,2.222e-17,O2_Holland(1993)_298K_49-103nm.txt
99.387073,2.115e-17,O2_Holland(1993)_298K_49-103nm.txt
99.39704,1.939e-17,O2_Holland(1993)_298K_49-103nm.txt
99.407019,1.761e-17,O2_Holland(1993)_298K_49-103nm.txt
99.416986,1.534e-17,O2_Holland(1993)_298K_49-103nm.txt
99.426959,1.34e-17,O2_Holland(1993)_298K_49-103nm.txt
99.436932,1.122e-17,O2_Holland(1993)_298K_49-103nm.txt
99.446899,9.839e-18,O2_Holland(1993)_298K_49-103nm.txt
99.456873,8.682e-18,O2_Holland(1993)_298K_49-103nm.txt
99.466846,7.342e-18,O2_Holland(1993)_298K_49-103nm.txt
99.476819,6.559e-18,O2_Holland(1993)_298K_49-103nm.txt
99.486786,6.109e-18,O2_Holland(1993)_298K_49-103nm.txt
99.496759,5.655e-18,O2_Holland(1993)_298K_49-103nm.txt
99.506732,5.234e-18,O2_Holland(1993)_298K_49-103nm.txt
99.516699,4.532e-18,O2_Holland(1993)_298K_49-103nm.txt
99.526679,4.34e-18,O2_Holland(1993)_298K_49-103nm.txt
99.536645,3.799e-18,O2_Holland(1993)_298K_49-103nm.txt
99.546613,4.144e-18,O2_Holland(1993)_298K_49-103nm.txt
99.556592,3.497e-18,O2_Holland(1993)_298K_49-103nm.txt
99.566559,3.303e-18,O2_Holland(1993)_298K_49-103nm.txt
99.576532,3.381e-18,O2_Holland(1993)_298K_49-103nm.txt
99.586505,3.171e-18,O2_Holland(1993)_298K_49-103nm.txt
99.596472,2.609e-18,O2_Holland(1993)_298K_49-103nm.txt
99.606445,2.692e-18,O2_Holland(1993)_298K_49-103nm.txt
99.616418,2.189e-18,O2_Holland(1993)_298K_49-103nm.txt
99.626392,2.485e-18,O2_Holland(1993)_298K_49-103nm.txt
99.636359,1.918e-18,O2_Holland(1993)_298K_49-103nm.txt
99.646234,2.647e-18,O2_Holland(1993)_298K_49-103nm.txt
99.656305,2.385e-18,O2_Holland(1993)_298K_49-103nm.txt
99.666272,2.293e-18,O2_Holland(1993)_298K_49-103nm.txt
99.676148,3.245e-18,O2_Holland(1993)_298K_49-103nm.txt
99.686218,2.559e-18,O2_Holland(1993)_298K_49-103nm.txt
99.696088,2.189e-18,O2_Holland(1993)_298K_49-103nm.txt
99.706061,2.3e-18,O2_Holland(1993)_298K_49-103nm.txt
99.716132,2.757e-18,O2_Holland(1993)_298K_49-103nm.txt
99.726001,1.51e-18,O2_Holland(1993)_298K_49-103nm.txt
99.73598,1.821e-18,O2_Holland(1993)_298K_49-103nm.txt
99.745947,1.977e-18,O2_Holland(1993)_298K_49-103nm.txt
99.755914,1.638e-18,O2_Holland(1993)_298K_49-103nm.txt
99.765894,1.731e-18,O2_Holland(1993)_298K_49-103nm.txt
99.775861,1.598e-18,O2_Holland(1993)_298K_49-103nm.txt
99.785834,1.63e-18,O2_Holland(1993)_298K_49-103nm.txt
99.795807,2.307e-18,O2_Holland(1993)_298K_49-103nm.txt
99.805774,1.282e-18,O2_Holland(1993)_298K_49-103nm.txt
99.815747,1.167e-18,O2_Holland(1993)_298K_49-103nm.txt
99.82572,1.541e-18,O2_Holland(1993)_298K_49-103nm.txt
99.835693,1.974e-18,O2_Holland(1993)_298K_49-103nm.txt
99.84566,1.39e-18,O2_Holland(1993)_298K_49-103nm.txt
99.855633,2.111e-18,O2_Holland(1993)_298K_49-103nm.txt
99.865607,1.662e-18,O2_Holland(1993)_298K_49-103nm.txt
99.875574,2.022e-18,O2_Holland(1993)_298K_49-103nm.txt
99.885553,1.427e-18,O2_Holland(1993)_298K_49-103nm.txt
99.89552,2.586e-18,O2_Holland(1993)_298K_49-103nm.txt
99.905487,2.525e-18,O2_Holland(1993)_298K_49-103nm.txt
99.915466,1.808e-18,O2_Holland(1993)_298K_49-103nm.txt
99.925433,1.855e-18,O2_Holland(1993)_298K_49-103nm.txt
99.935406,1.816e-18,O2_Holland(1993)_298K_49-103nm.txt
99.94538,2.747e-18,O2_Holland(1993)_298K_49-103nm.txt
99.955347,2.954e-18,O2_Holland(1993)_298K_49-103nm.txt
99.96532,2.005e-18,O2_Holland(1993)_298K_49-103nm.txt
99.975293,1.715e-18,O2_Holland(1993)_298K_49-103nm.txt
99.985266,2.749e-18,O2_Holland(1993)_298K_49-103nm.txt
99.995233,1.585e-18,O2_Holland(1993)_298K_49-103nm.txt
100.005206,1.689e-18,O2_Holland(1993)_298K_49-103nm.txt
100.015179,2.251e-18,O2_Holland(1993)_298K_49-103nm.txt
100.025146,1.717e-18,O2_Holland(1993)_298K_49-103nm.txt
100.035126,2.075e-18,O2_Holland(1993)_298K_49-103nm.txt
100.045093,5.283e-19,O2_Holland(1993)_298K_49-103nm.txt
100.05506,-6.123e-19,O2_Holland(1993)_298K_49-103nm.txt
100.065039,2.024e-18,O2_Holland(1993)_298K_49-103nm.txt
100.075006,1.591e-18,O2_Holland(1993)_298K_49-103nm.txt
100.084979,1.98e-19,O2_Holland(1993)_298K_49-103nm.txt
100.094952,1.33e-18,O2_Holland(1993)_298K_49-103nm.txt
100.104919,1.797e-18,O2_Holland(1993)_298K_49-103nm.txt
100.114893,1.3e-18,O2_Holland(1993)_298K_49-103nm.txt
100.124866,1.896e-18,O2_Holland(1993)_298K_49-103nm.txt
100.134839,2.95e-18,O2_Holland(1993)_298K_49-103nm.txt
100.144806,3.521e-18,O2_Holland(1993)_298K_49-103nm.txt
100.154779,2.769e-18,O2_Holland(1993)_298K_49-103nm.txt
100.164752,3.451e-18,O2_Holland(1993)_298K_49-103nm.txt
100.174719,2.034e-18,O2_Holland(1993)_298K_49-103nm.txt
100.184698,1.017e-18,O2_Holland(1993)_298K_49-103nm.txt
100.194666,1.758e-18,O2_Holland(1993)_298K_49-103nm.txt
100.204633,2.173e-18,O2_Holland(1993)_298K_49-103nm.txt
100.214612,1.484e-18,O2_Holland(1993)_298K_49-103nm.txt
100.224579,2.352e-18,O2_Holland(1993)_298K_49-103nm.txt
100.234552,1.618e-18,O2_Holland(1993)_298K_49-103nm.txt
100.244525,1.531e-18,O2_Holland(1993)_298K_49-103nm.txt
100.254492,1.855e-18,O2_Holland(1993)_298K_49-103nm.txt
100.264465,2.455e-18,O2_Holland(1993)_298K_49-103nm.txt
100.274438,3.115e-18,O2_Holland(1993)_298K_49-103nm.txt
100.284412,3.8e-18,O2_Holland(1993)_298K_49-103nm.txt
100.294379,3.764e-18,O2_Holland(1993)_298K_49-103nm.txt
100.304352,4.475e-18,O2_Holland(1993)_298K_49-103nm.txt
100.314325,4.629e-18,O2_Holland(1993)_298K_49-103nm.txt
100.324292,5.029e-18,O2_Holland(1993)_298K_49-103nm.txt
100.334271,5.343e-18,O2_Holland(1993)_298K_49-103nm.txt
100.344238,5.932e-18,O2_Holland(1993)_298K_49-103nm.txt
100.354205,5.549e-18,O2_Holland(1993)_298K_49-103nm.txt
100.364185,5.891e-18,O2_Holland(1993)_298K_49-103nm.txt
100.374152,5.854e-18,O2_Holland(1993)_298K_49-103nm.txt
100.384125,6.355e-18,O2_Holland(1993)_298K_49-103nm.txt
100.394098,6.069e-18,O2_Holland(1993)_298K_49-103nm.txt
100.404065,6.52e-18,O2_Holland(1993)_298K_49-103nm.txt
100.414038,6.797e-18,O2_Holland(1993)_298K_49-103nm.txt
100.424011,6.903e-18,O2_Holland(1993)_298K_49-103nm.txt
100.433984,6.897e-18,O2_Holland(1993)_298K_49-103nm.txt
100.443951,6.693e-18,O2_Holland(1993)_298K_49-103nm.txt
100.453925,6.835e-18,O2_Holland(1993)_298K_49-103nm.txt
100.463898,5.611e-18,O2_Holland(1993)_298K_49-103nm.txt
100.473865,5.441e-18,O2_Holland(1993)_298K_49-103nm.txt
100.483844,3.747e-18,O2_Holland(1993)_298K_49-103nm.txt
100.493811,3.393e-18,O2_Holland(1993)_298K_49-103nm.txt
100.503778,3.577e-18,O2_Holland(1993)_298K_49-103nm.txt
100.513757,3.453e-18,O2_Holland(1993)_298K_49-103nm.txt
100.523724,2.007e-18,O2_Holland(1993)_298K_49-103nm.txt
100.533698,2.796e-18,O2_Holland(1993)_298K_49-103nm.txt
100.543671,2.355e-18,O2_Holland(1993)_298K_49-103nm.txt
100.553638,2.891e-18,O2_Holland(1993)_298K_49-103nm.txt
100.563611,1.983e-18,O2_Holland(1993)_298K_49-103nm.txt
100.573578,2.324e-18,O2_Holland(1993)_298K_49-103nm.txt
100.583557,3.427e-18,O2_Holland(1993)_298K_49-103nm.txt
100.593524,3.221e-18,O2_Holland(1993)_298K_49-103nm.txt
100.603491,2.66e-18,O2_Holland(1993)_298K_49-103nm.txt
100.61347,2.531e-18,O2_Holland(1993)_298K_49-103nm.txt
100.623438,2.844e-18,O2_Holland(1993)_298K_49-103nm.txt
100.633411,3.561e-18,O2_Holland(1993)_298K_49-103nm.txt
100.643384,3.085e-18,O2_Holland(1993)_298K_49-103nm.txt
100.653351,1.12e-18,O2_Holland(1993)_298K_49-103nm.txt
100.663324,7.69e-19,O2_Holland(1993)_298K_49-103nm.txt
100.673297,1.255e-18,O2_Holland(1993)_298K_49-103nm.txt
100.68327,2.633e-18,O2_Holland(1993)_298K_49-103nm.txt
100.693237,1.618e-18,O2_Holland(1993)_298K_49-103nm.txt
100.70321,1.048e-18,O2_Holland(1993)_298K_49-103nm.txt
100.713184,1.71e-18,O2_Holland(1993)_298K_49-103nm.txt
100.723151,2.26e-18,O2_Holland(1993)_298K_49-103nm.txt
100.73313,1.232e-18,O2_Holland(1993)_298K_49-103nm.txt
100.743097,8.875e-19,O2_Holland(1993)_298K_49-103nm.txt
100.753064,3.296e-18,O2_Holland(1993)_298K_49-103nm.txt
100.763043,2.55e-18,O2_Holland(1993)_298K_49-103nm.txt
100.77301,2.154e-18,O2_Holland(1993)_298K_49-103nm.txt
100.782983,2.837e-18,O2_Holland(1993)_298K_49-103nm.txt
100.792957,2.495e-18,O2_Holland(1993)_298K_49-103nm.txt
100.802924,2.947e-18,O2_Holland(1993)_298K_49-103nm.txt
100.812897,2.651e-18,O2_Holland(1993)_298K_49-103nm.txt
100.82287,1.439e-18,O2_Holland(1993)_298K_49-103nm.txt
100.832843,1.122e-18,O2_Holland(1993)_298K_49-103nm.txt
100.84281,1.558e-18,O2_Holland(1993)_298K_49-103nm.txt
100.852783,2.241e-18,O2_Holland(1993)_298K_49-103nm.txt
100.862756,1.499e-18,O2_Holland(1993)_298K_49-103nm.txt
100.872723,2.048e-19,O2_Holland(1993)_298K_49-103nm.txt
100.882703,9.068e-19,O2_Holland(1993)_298K_49-103nm.txt
100.89267,6.425e-19,O2_Holland(1993)_298K_49-103nm.txt
100.902637,3.607e-19,O2_Holland(1993)_298K_49-103nm.txt
100.912616,1.047e-18,O2_Holland(1993)_298K_49-103nm.txt
100.922583,1.086e-18,O2_Holland(1993)_298K_49-103nm.txt
100.932556,2.167e-18,O2_Holland(1993)_298K_49-103nm.txt
100.942529,2.447e-18,O2_Holland(1993)_298K_49-103nm.txt
100.952496,2.528e-18,O2_Holland(1993)_298K_49-103nm.txt
100.962469,5.628e-19,O2_Holland(1993)_298K_49-103nm.txt
100.972443,9.702e-19,O2_Holland(1993)_298K_49-103nm.txt
100.982416,2.346e-18,O2_Holland(1993)_298K_49-103nm.txt
100.992383,2.795e-18,O2_Holland(1993)_298K_49-103nm.txt
101.002356,1.975e-18,O2_Holland(1993)_298K_49-103nm.txt
101.012329,9.92e-19,O2_Holland(1993)_298K_49-103nm.txt
101.022296,6.263e-19,O2_Holland(1993)_298K_49-103nm.txt
101.032275,1.043e-18,O2_Holland(1993)_298K_49-103nm.txt
101.042242,1.753e-18,O2_Holland(1993)_298K_49-103nm.txt
101.052209,1.964e-18,O2_Holland(1993)_298K_49-103nm.txt
101.062189,2.828e-18,O2_Holland(1993)_298K_49-103nm.txt
101.072156,1.2e-18,O2_Holland(1993)_298K_49-103nm.txt
101.082129,2.379e-18,O2_Holland(1993)_298K_49-103nm.txt
101.092102,3.76e-19,O2_Holland(1993)_298K_49-103nm.txt
101.102069,1.325e-18,O2_Holland(1993)_298K_49-103nm.txt
101.112042,1.357e-18,O2_Holland(1993)_298K_49-103nm.txt
101.122015,1.663e-18,O2_Holland(1993)_298K_49-103nm.txt
101.131989,1.916e-18,O2_Holland(1993)_298K_49-103nm.txt
101.141956,9.819e-19,O2_Holland(1993)_298K_49-103nm.txt
101.151929,1.419e-18,O2_Holland(1993)_298K_49-103nm.txt
101.161902,2.89e-18,O2_Holland(1993)_298K_49-103nm.txt
101.171869,1.855e-18,O2_Holland(1993)_298K_49-103nm.txt
101.181848,1.576e-18,O2_Holland(1993)_298K_49-103nm.txt
101.191815,1.862e-18,O2_Holland(1993)_298K_49-103nm.txt
101.201782,3.629e-18,O2_Holland(1993)_298K_49-103nm.txt
101.211761,-1.579e-19,O2_Holland(1993)_298K_49-103nm.txt
101.221729,2.415e-18,O2_Holland(1993)_298K_49-103nm.txt
101.231702,1.957e-18,O2_Holland(1993)_298K_49-103nm.txt
101.241675,2.621e-18,O2_Holland(1993)_298K_49-103nm.txt
101.251642,4.766e-18,O2_Holland(1993)_298K_49-103nm.txt
101.261615,2.458e-18,O2_Holland(1993)_298K_49-103nm.txt
101.271588,9.503e-19,O2_Holland(1993)_298K_49-103nm.txt
101.281561,2.383e-18,O2_Holland(1993)_298K_49-103nm.txt
101.291528,1.68e-18,O2_Holland(1993)_298K_49-103nm.txt
101.301501,1.025e-18,O2_Holland(1993)_298K_49-103nm.txt
101.311475,3.276e-18,O2_Holland(1993)_298K_49-103nm.txt
101.321442,2.415e-19,O2_Holland(1993)_298K_49-103nm.txt
101.331421,2.52e-18,O2_Holland(1993)_298K_49-103nm.txt
101.341388,1.747e-18,O2_Holland(1993)_298K_49-103nm.txt
101.351355,1.503e-18,O2_Holland(1993)_298K_49-103nm.txt
101.361334,1.7e-18,O2_Holland(1993)_298K_49-103nm.txt
101.371301,1.368e-18,O2_Holland(1993)_298K_49-103nm.txt
101.381274,7.963e-20,O2_Holland(1993)_298K_49-103nm.txt
101.391248,1.093e-18,O2_Holland(1993)_298K_49-103nm.txt
101.401215,8.416e-19,O2_Holland(1993)_298K_49-103nm.txt
101.411188,7.921e-20,O2_Holland(1993)_298K_49-103nm.txt
101.421161,1.045e-18,O2_Holland(1993)_298K_49-103nm.txt
101.431134,1.14e-18,O2_Holland(1993)_298K_49-103nm.txt
101.441101,2.21e-18,O2_Holland(1993)_298K_49-103nm.txt
101.451074,-1.112e-19,O2_Holland(1993)_298K_49-103nm.txt
101.461047,3.825e-18,O2_Holland(1993)_298K_49-103nm.txt
101.471014,2.899e-18,O2_Holland(1993)_298K_49-103nm.txt
101.480994,1.371e-18,O2_Holland(1993)_298K_49-103nm.txt
101.490961,3.109e-18,O2_Holland(1993)_298K_49-103nm.txt
101.500928,2.3e-18,O2_Holland(1993)_298K_49-103nm.txt
101.510907,1.584e-18,O2_Holland(1993)_298K_49-103nm.txt
101.520874,6.897e-19,O2_Holland(1993)_298K_49-103nm.txt
101.530847,1.394e-18,O2_Holland(1993)_298K_49-103nm.txt
101.54082,1.119e-18,O2_Holland(1993)_298K_49-103nm.txt
101.550787,1.116e-18,O2_Holland(1993)_298K_49-103nm.txt
101.56076,1.947e-18,O2_Holland(1993)_298K_49-103nm.txt
101.570734,2.205e-18,O2_Holland(1993)_298K_49-103nm.txt
101.580707,2.627e-18,O2_Holland(1993)_298K_49-103nm.txt
101.590674,2.914e-18,O2_Holland(1993)_298K_49-103nm.txt
101.600647,1.359e-18,O2_Holland(1993)_298K_49-103nm.txt
101.61062,2.5e-18,O2_Holland(1993)_298K_49-103nm.txt
101.620587,1.958e-18,O2_Holland(1993)_298K_49-103nm.txt
101.630566,1.351e-18,O2_Holland(1993)_298K_49-103nm.txt
101.640533,1.617e-18,O2_Holland(1993)_298K_49-103nm.txt
101.6505,2.697e-18,O2_Holland(1993)_298K_49-103nm.txt
101.66048,2.012e-18,O2_Holland(1993)_298K_49-103nm.txt
101.670447,1.459e-18,O2_Holland(1993)_298K_49-103nm.txt
101.68042,1.342e-18,O2_Holland(1993)_298K_49-103nm.txt
101.690393,2.539e-18,O2_Holland(1993)_298K_49-103nm.txt
101.70036,1.338e-18,O2_Holland(1993)_298K_49-103nm.txt
101.710333,8.746e-19,O2_Holland(1993)_298K_49-103nm.txt
101.720306,1.621e-18,O2_Holland(1993)_298K_49-103nm.txt
101.73028,2.122e-18,O2_Holland(1993)_298K_49-103nm.txt
101.740247,1.857e-18,O2_Holland(1993)_298K_49-103nm.txt
101.75022,1.982e-18,O2_Holland(1993)_298K_49-103nm.txt
101.760193,9.396e-19,O2_Holland(1993)_298K_49-103nm.txt
101.77016,2.509e-18,O2_Holland(1993)_298K_49-103nm.txt
101.780139,2.88e-18,O2_Holland(1993)_298K_49-103nm.txt
101.790106,2.33e-18,O2_Holland(1993)_298K_49-103nm.txt
101.799976,1.504e-18,O2_Holland(1993)_298K_49-103nm.txt
101.810046,3.34e-18,O2_Holland(1993)_298K_49-103nm.txt
101.82002,2.186e-18,O2_Holland(1993)_298K_49-103nm.txt
101.829889,2.504e-18,O2_Holland(1993)_298K_49-103nm.txt
101.83996,1.74e-18,O2_Holland(1993)_298K_49-103nm.txt
101.849835,2.255e-18,O2_Holland(1993)_298K_49-103nm.txt
101.859802,3.33e-18,O2_Holland(1993)_298K_49-103nm.txt
101.869873,9.101e-19,O2_Holland(1993)_298K_49-103nm.txt
101.879749,1.611e-18,O2_Holland(1993)_298K_49-103nm.txt
101.889722,8.795e-19,O2_Holland(1993)_298K_49-103nm.txt
101.899695,1.072e-18,O2_Holland(1993)_298K_49-103nm.txt
101.909662,1.675e-18,O2_Holland(1993)_298K_49-103nm.txt
101.919635,1.604e-18,O2_Holland(1993)_298K_49-103nm.txt
101.929608,2.926e-18,O2_Holland(1993)_298K_49-103nm.txt
101.939581,1.641e-18,O2_Holland(1993)_298K_49-103nm.txt
101.949548,1.673e-18,O2_Holland(1993)_298K_49-103nm.txt
101.959521,2.713e-18,O2_Holland(1993)_298K_49-103nm.txt
101.969495,1.457e-18,O2_Holland(1993)_298K_49-103nm.txt
101.979462,2.068e-18,O2_Holland(1993)_298K_49-103nm.txt
101.989435,1.563e-18,O2_Holland(1993)_298K_49-103nm.txt
101.999408,3.029e-18,O2_Holland(1993)_298K_49-103nm.txt
102.009375,1.808e-18,O2_Holland(1993)_298K_49-103nm.txt
102.019348,2.324e-18,O2_Holland(1993)_298K_49-103nm.txt
102.029321,1.393e-18,O2_Holland(1993)_298K_49-103nm.txt
102.039294,2.747e-18,O2_Holland(1993)_298K_49-103nm.txt
102.049261,2.182e-19,O2_Holland(1993)_298K_49-103nm.txt
102.059235,3.665e-19,O2_Holland(1993)_298K_49-103nm.txt
102.069208,9.087e-19,O2_Holland(1993)_298K_49-103nm.txt
102.079175,1.147e-18,O2_Holland(1993)_298K_49-103nm.txt
102.089154,2.532e-18,O2_Holland(1993)_298K_49-103nm.txt
102.099121,2.608e-18,O2_Holland(1993)_298K_49-103nm.txt
102.109088,1.903e-18,O2_Holland(1993)_298K_49-103nm.txt
102.119067,2.763e-18,O2_Holland(1993)_298K_49-103nm.txt
102.129034,3.174e-18,O2_Holland(1993)_298K_49-103nm.txt
102.139008,3.332e-18,O2_Holland(1993)_298K_49-103nm.txt
102.148981,2.219e-18,O2_Holland(1993)_298K_49-103nm.txt
102.158948,2.13e-18,O2_Holland(1993)_298K_49-103nm.txt
102.168921,2.639e-18,O2_Holland(1993)_298K_49-103nm.txt
102.178894,1.049e-18,O2_Holland(1993)_298K_49-103nm.txt
102.188867,2.657e-18,O2_Holland(1993)_298K_49-103nm.txt
102.198834,1.429e-18,O2_Holland(1993)_298K_49-103nm.txt
102.208807,1.003e-18,O2_Holland(1993)_298K_49-103nm.txt
102.218781,2.616e-18,O2_Holland(1993)_298K_49-103nm.txt
102.228748,1.68e-18,O2_Holland(1993)_298K_49-103nm.txt
102.238727,1.87e-18,O2_Holland(1993)_298K_49-103nm.txt
102.248694,2.451e-18,O2_Holland(1993)_298K_49-103nm.txt
102.258661,3.977e-18,O2_Holland(1993)_298K_49-103nm.txt
102.26864,3.094e-18,O2_Holland(1993)_298K_49-103nm.txt
102.278607,3.824e-18,O2_Holland(1993)_298K_49-103nm.txt
102.28858,2.147e-18,O2_Holland(1993)_298K_49-103nm.txt
102.298553,2.386e-18,O2_Holland(1993)_298K_49-103nm.txt
102.308521,2.179e-18,O2_Holland(1993)_298K_49-103nm.txt
102.318494,3.268e-18,O2_Holland(1993)_298K_49-103nm.txt
102.328467,3.139e-18,O2_Holland(1993)_298K_49-103nm.txt
102.33844,3.497e-18,O2_Holland(1993)_298K_49-103nm.txt
102.348407,2.34e-18,O2_Holland(1993)_298K_49-103nm.txt
102.35838,2.98e-18,O2_Holland(1993)_298K_49-103nm.txt
102.368353,3.792e-18,O2_Holland(1993)_298K_49-103nm.txt
102.37832,3.406e-18,O2_Holland(1993)_298K_49-103nm.txt
102.3883,2.249e-18,O2_Holland(1993)_298K_49-103nm.txt
102.398267,3.139e-18,O2_Holland(1993)_298K_49-103nm.txt
102.40824,2.424e-18,O2_Holland(1993)_298K_49-103nm.txt
102.418213,1.708e-18,O2_Holland(1993)_298K_49-103nm.txt
102.428186,4.243e-18,O2_Holland(1993)_298K_49-103nm.txt
102.438159,2.797e-18,O2_Holland(1993)_298K_49-103nm.txt
102.448132,1.415e-18,O2_Holland(1993)_298K_49-103nm.txt
102.458093,2.538e-18,O2_Holland(1993)_298K_49-103nm.txt
102.468066,2.68e-18,O2_Holland(1993)_298K_49-103nm.txt
102.47804,2.833e-18,O2_Holland(1993)_298K_49-103nm.txt
102.488013,4.736e-18,O2_Holland(1993)_298K_49-103nm.txt
102.497986,2.581e-18,O2_Holland(1993)_298K_49-103nm.txt
102.507959,3.704e-18,O2_Holland(1993)_298K_49-103nm.txt
102.517932,4.885e-18,O2_Holland(1993)_298K_49-103nm.txt
102.527893,4.683e-18,O2_Holland(1993)_298K_49-103nm.txt
102.537878,7.345e-18,O2_Holland(1993)_298K_49-103nm.txt
102.547839,6.758e-18,O2_Holland(1993)_298K_49-103nm.txt
102.557813,6.526e-18,O2_Holland(1993)_298K_49-103nm.txt
102.567786,5.589e-18,O2_Holland(1993)_298K_49-103nm.txt
102.577759,5.287e-18,O2_Holland(1993)_298K_49-103nm.txt
102.587732,3.035e-18,O2_Holland(1993)_298K_49-103nm.txt
102.597705,4.192e-18,O2_Holland(1993)_298K_49-103nm.txt
102.607666,3.717e-18,O2_Holland(1993)_298K_49-103nm.txt
102.617639,3.399e-18,O2_Holland(1993)_298K_49-103nm.txt
102.627612,3.305e-18,O2_Holland(1993)_298K_49-103nm.txt
102.637585,1.111e-18,O2_Holland(1993)_298K_49-103nm.txt
102.647559,2.66e-18,O2_Holland(1993)_298K_49-103nm.txt
102.657532,2.753e-18,O2_Holland(1993)_298K_49-103nm.txt
102.667505,3.345e-18,O2_Holland(1993)_298K_49-103nm.txt
102.677466,5.033e-18,O2_Holland(1993)_298K_49-103nm.txt
102.687451,2.459e-18,O2_Holland(1993)_298K_49-103nm.txt
102.697412,2.88e-18,O2_Holland(1993)_298K_49-103nm.txt
102.707385,2.976e-18,O2_Holland(1993)_298K_49-103nm.txt
102.717358,4.865e-18,O2_Holland(1993)_298K_49-103nm.txt
102.727332,2.738e-18,O2_Holland(1993)_298K_49-103nm.txt
102.737305,2.986e-18,O2_Holland(1993)_298K_49-103nm.txt
102.747278,3.241e-18,O2_Holland(1993)_298K_49-103nm.txt
102.757239,6.947e-18,O2_Holland(1993)_298K_49-103nm.txt
102.767212,5.109e-18,O2_Holland(1993)_298K_49-103nm.txt
102.777185,5.173e-18,O2_Holland(1993)_298K_49-103nm.txt
102.787158,5.371e-18,O2_Holland(1993)_298K_49-103nm.txt
102.797131,6.341e-18,O2_Holland(1993)_298K_49-103nm.txt
102.807104,3.662e-18,O2_Holland(1993)_298K_49-103nm.txt
102.817078,3.622e-18,O2_Holland(1993)_298K_49-103nm.txt
102.827039,1.009e-18,O2_Holland(1993)_298K_49-103nm.txt
102.837024,2.66e-18,O2_Holland(1993)_298K_49-103nm.txt
102.846985,2.171e-18,O2_Holland(1993)_298K_49-103nm.txt
102.856958,1.576e-18,O2_Holland(1993)_298K_49-103nm.txt
102.866931,6.937e-19,O2_Holland(1993)_298K_49-103nm.txt
102.876904,1.349e-18,O2_Holland(1993)_298K_49-103nm.txt
102.886877,2.75e-18,O2_Holland(1993)_298K_49-103nm.txt
102.896851,2.943e-18,O2_Holland(1993)_298K_49-103nm.txt
102.906812,4.165e-18,O2_Holland(1993)_298K_49-103nm.txt
102.916785,4.472e-18,O2_Holland(1993)_298K_49-103nm.txt
102.926758,2.143e-18,O2_Holland(1993)_298K_49-103nm.txt
102.936731,3.128e-18,O2_Holland(1993)_298K_49-103nm.txt
102.946704,1.166e-18,O2_Holland(1993)_298K_49-103nm.txt
102.956677,2.646e-18,O2_Holland(1993)_298K_49-103nm.txt
102.96665,4.412e-18,O2_Holland(1993)_298K_49-103nm.txt
102.976611,3.418e-18,O2_Holland(1993)_298K_49-103nm.txt
102.986597,3.562e-18,O2_Holland(1993)_298K_49-103nm.txt
102.996558,6.185e-19,O2_Holland(1993)_298K_49-103nm.txt
103.006531,2.472e-18,O2_Holland(1993)_298K_49-103nm.txt
103.016504,2.828e-18,O2_Holland(1993)_298K_49-103nm.txt
103.026477,2.595e-18,O2_Holland(1993)_298K_49-103nm.txt
103.03645,5.418e-18,O2_Holland(1993)_298K_49-103nm.txt
103.046423,3.727e-18,O2_Holland(1993)_298K_49-103nm.txt
103.056384,3.686e-18,O2_Holland(1993)_298K_49-103nm.txt
103.066357,3.53e-18,O2_Holland(1993)_298K_49-103nm.txt
103.62,3.7e-19,O2_Lee(1955)_295K_103.00-109.88nm.txt
104.4,1.8e-19,O2_Lee(1955)_295K_103.00-109.88nm.txt
104.46,2.1e-19,O2_Lee(1955)_295K_103.00-109.88nm.txt
104.5,2e-19,O2_Lee(1955)_295K_103.00-109.88nm.txt
105.12,1.2e-19,O2_Lee(1955)_295K_103.00-109.88nm.txt
106.77,2.1e-19,O2_Lee(1955)_295K_103.00-109.88nm.txt
106.82,1.6e-19,O2_Lee(1955)_295K_103.00-109.88nm.txt
106.84,1.7e-19,O2_Lee(1955)_295K_103.00-109.88nm.txt
106.97,1.2e-19,O2_Lee(1955)_295K_103.00-109.88nm.txt
107.01,1.3e-19,O2_Lee(1955)_295K_103.00-109.88nm.txt
107.03,1.2e-19,O2_Lee(1955)_295K_103.00-109.88nm.txt
107.74,1.2e-19,O2_Lee(1955)_295K_103.00-109.88nm.txt
109.22,1.3e-19,O2_Lee(1955)_295K_103.00-109.88nm.txt
109.6,1e-19,O2_Lee(1955)_295K_103.00-109.88nm.txt
109.88,1.4e-19,O2_Lee(1955)_295K_103.00-109.88nm.txt
109.95,1.53e-19,O2_OgawaOgawa(1975)_298K_108-160nm(X).txt
110.0,2.69e-19,O2_OgawaOgawa(1975)_298K_108-160nm(X).txt
110.1,6.29e-19,O2_OgawaOgawa(1975)_298K_108-160nm(X).txt
110.23,1.25e-18,O2_OgawaOgawa(1975)_298K_108-160nm(X).txt
110.3,3.42e-19,O2_OgawaOgawa(1975)_298K_108-160nm(X).txt
110.35,5.54e-19,O2_OgawaOgawa(1975)_298K_108-160nm(X).txt
110.45,3.61e-19,O2_OgawaOgawa(1975)_298K_108-160nm(X).txt
110.5,4.35e-19,O2_OgawaOgawa(1975)_298K_108-160nm(X).txt
110.6,1.1e-18,O2_OgawaOgawa(1975)_298K_108-160nm(X).txt
110.7,1.93e-19,O2_OgawaOgawa(1975)_298K_108-160nm(X).txt
110.75,1.3e-20,O2_OgawaOgawa(1975)_298K_108-160nm(X).txt
110.83,8e-21,O2_OgawaOgawa(1975)_298K_108-160nm(X).txt
110.85,1.1e-20,O2_OgawaOgawa(1975)_298K_108-160nm(X).txt
110.9,1.4e-20,O2_OgawaOgawa(1975)_298K_108-160nm(X).txt
110.93,1.5e-20,O2_OgawaOgawa(1975)_298K_108-160nm(X).txt
110.97,1.8e-20,O2_OgawaOgawa(1975)_298K_108-160nm(X).txt
111.0,1.9e-20,O2_OgawaOgawa(1975)_298K_108-160nm(X).txt
111.1,3e-20,O2_OgawaOgawa(1975)_298K_108-160nm(X).txt
111.2,4.3e-20,O2_OgawaOgawa(1975)_298K_108-160nm(X).txt
111.3,7e-20,O2_OgawaOgawa(1975)_298K_108-160nm(X).txt
111.35,1.37e-19,O2_OgawaOgawa(1975)_298K_108-160nm(X).txt
111.45,1.93e-19,O2_OgawaOgawa(1975)_298K_108-160nm(X).txt
111.55,3.69e-19,O2_OgawaOgawa(1975)_298K_108-160nm(X).txt
111.65,4.76e-19,O2_OgawaOgawa(1975)_298K_108-160nm(X).txt
111.75,1.56e-19,O2_OgawaOgawa(1975)_298K_108-160nm(X).txt
111.85,5.9e-20,O2_OgawaOgawa(1975)_298K_108-160nm(X).txt
112.03,1.19e-18,O2_OgawaOgawa(1975)_298K_108-160nm(X).txt
112.08,3.12e-19,O2_OgawaOgawa(1975)_298K_108-160nm(X).txt
112.2,1.08e-18,O2_OgawaOgawa(1975)_298K_108-160nm(X).txt
112.28,2.3e-18,O2_OgawaOgawa(1975)_298K_108-160nm(X).txt
112.35,3.91e-19,O2_OgawaOgawa(1975)_298K_108-160nm(X).txt
112.45,1.02e-18,O2_OgawaOgawa(1975)_298K_108-160nm(X).txt
112.5,1.66e-18,O2_OgawaOgawa(1975)_298K_108-160nm(X).txt
112.6,5e-20,O2_OgawaOgawa(1975)_298K_108-160nm(X).txt
112.7,2.6e-20,O2_OgawaOgawa(1975)_298K_108-160nm(X).txt
112.85,4.8e-20,O2_OgawaOgawa(1975)_298K_108-160nm(X).txt
112.95,6.1e-20,O2_OgawaOgawa(1975)_298K_108-160nm(X).txt
113.1,1.03e-19,O2_OgawaOgawa(1975)_298K_108-160nm(X).txt
113.2,1.32e-19,O2_OgawaOgawa(1975)_298K_108-160nm(X).txt
113.25,1.38e-19,O2_OgawaOgawa(1975)_298K_108-160nm(X).txt
113.3,2.01e-19,O2_OgawaOgawa(1975)_298K_108-160nm(X).txt
113.4,6.81e-19,O2_OgawaOgawa(1975)_298K_108-160nm(X).txt
113.45,1.31e-18,O2_OgawaOgawa(1975)_298K_108-160nm(X).txt
113.5,2.01e-18,O2_OgawaOgawa(1975)_298K_108-160nm(X).txt
113.55,9.37e-19,O2_OgawaOgawa(1975)_298K_108-160nm(X).txt
113.63,2.09e-18,O2_OgawaOgawa(1975)_298K_108-160nm(X).txt
113.72,2.77e-18,O2_OgawaOgawa(1975)_298K_108-160nm(X).txt
113.9,2.69e-19,O2_OgawaOgawa(1975)_298K_108-160nm(X).txt
114.0,6.3e-20,O2_OgawaOgawa(1975)_298K_108-160nm(X).txt
114.1,2.8e-20,O2_OgawaOgawa(1975)_298K_108-160nm(X).txt
114.14,1.8e-20,O2_OgawaOgawa(1975)_298K_108-160nm(X).txt
114.25,1.2e-20,O2_OgawaOgawa(1975)_298K_108-160nm(X).txt
114.3,1.3e-20,O2_OgawaOgawa(1975)_298K_108-160nm(X).txt
114.35,2.4e-20,O2_OgawaOgawa(1975)_298K_108-160nm(X).txt
114.45,5.2e-20,O2_OgawaOgawa(1975)_298K_108-160nm(X).txt
114.5,2.8e-20,O2_OgawaOgawa(1975)_298K_108-160nm(X).txt
114.6,7.6e-20,O2_OgawaOgawa(1975)_298K_108-160nm(X).txt
114.75,2.11e-19,O2_OgawaOgawa(1975)_298K_108-160nm(X).txt
114.8,1.43e-19,O2_OgawaOgawa(1975)_298K_108-160nm(X).txt
114.85,1.05e-19,O2_OgawaOgawa(1975)_298K_108-160nm(X).txt
114.95,3.35e-19,O2_OgawaOgawa(1975)_298K_108-160nm(X).txt
115.0,7.63e-19,O2_OgawaOgawa(1975)_298K_108-160nm(X).txt
115.1,5.62e-18,O2_OgawaOgawa(1975)_298K_108-160nm(X).txt
115.15,1.89e-18,O2_OgawaOgawa(1975)_298K_108-160nm(X).txt
115.25,4.46e-18,O2_OgawaOgawa(1975)_298K_108-160nm(X).txt
115.3,5.59e-18,O2_OgawaOgawa(1975)_298K_108-160nm(X).txt
115.33,3.02e-18,O2_OgawaOgawa(1975)_298K_108-160nm(X).txt
115.38,4.95e-18,O2_OgawaOgawa(1975)_298K_108-160nm(X).txt
115.4,1.3e-18,O2_OgawaOgawa(1975)_298K_108-160nm(X).txt
115.5,6.1e-20,O2_OgawaOgawa(1975)_298K_108-160nm(X).txt
115.6,3.3e-20,O2_OgawaOgawa(1975)_298K_108-160nm(X).txt
115.65,2.7e-20,O2_OgawaOgawa(1975)_298K_108-160nm(X).txt
115.75,2.4e-20,O2_OgawaOgawa(1975)_298K_108-160nm(X).txt
115.8,2.3e-20,O2_OgawaOgawa(1975)_298K_108-160nm(X).txt
115.9,2e-20,O2_OgawaOgawa(1975)_298K_108-160nm(X).txt
116.0,7.1e-20,O2_OgawaOgawa(1975)_298K_108-160nm(X).txt
116.1,1.26e-18,O2_OgawaOgawa(1975)_298K_108-160nm(X).txt
116.15,2.5e-18,O2_OgawaOgawa(1975)_298K_108-160nm(X).txt
116.17,1.31e-18,O2_OgawaOgawa(1975)_298K_108-160nm(X).txt
116.22,2.48e-18,O2_OgawaOgawa(1975)_298K_108-160nm(X).txt
116.25,1.31e-18,O2_OgawaOgawa(1975)_298K_108-160nm(X).txt
116.28,2.64e-18,O2_OgawaOgawa(1975)_298K_108-160nm(X).txt
116.35,8.14e-19,O2_OgawaOgawa(1975)_298K_108-160nm(X).txt
116.4,2.53e-18,O2_OgawaOgawa(1975)_298K_108-160nm(X).txt
116.42,1.1e-18,O2_OgawaOgawa(1975)_298K_108-160nm(X).txt
116.45,2.6e-18,O2_OgawaOgawa(1975)_298K_108-160nm(X).txt
116.5,1.43e-19,O2_OgawaOgawa(1975)_298K_108-160nm(X).txt
116.55,4.4e-20,O2_OgawaOgawa(1975)_298K_108-160nm(X).txt
116.65,1.4e-20,O2_OgawaOgawa(1975)_298K_108-160nm(X).txt
116.75,2e-20,O2_OgawaOgawa(1975)_298K_108-160nm(X).txt
116.8,2.1e-20,O2_OgawaOgawa(1975)_298K_108-160nm(X).txt
116.9,5.9e-20,O2_OgawaOgawa(1975)_298K_108-160nm(X).txt
117.0,2.4e-19,O2_OgawaOgawa(1975)_298K_108-160nm(X).txt
117.1,7.51e-19,O2_OgawaOgawa(1975)_298K_108-160nm(X).txt
117.18,1.29e-18,O2_OgawaOgawa(1975)_298K_108-160nm(X).txt
117.23,1.38e-18,O2_OgawaOgawa(1975)_298K_108-160nm(X).txt
117.3,1.42e-18,O2_OgawaOgawa(1975)_298K_108-160nm(X).txt
117.4,1.43e-18,O2_OgawaOgawa(1975)_298K_108-160nm(X).txt
117.51,1.14e-18,O2_OgawaOgawa(1975)_298K_108-160nm(X).txt
117.6,7.33e-19,O2_OgawaOgawa(1975)_298K_108-160nm(X).txt
117.64,7.03e-19,O2_OgawaOgawa(1975)_298K_108-160nm(X).txt
117.7,6.62e-19,O2_OgawaOgawa(1975)_298K_108-160nm(X).txt
117.8,3.51e-19,O2_OgawaOgawa(1975)_298K_108-160nm(X).txt
117.9,2.82e-19,O2_OgawaOgawa(1975)_298K_108-160nm(X).txt
118.0,2.06e-19,O2_OgawaOgawa(1975)_298K_108-160nm(X).txt
118.1,2.01e-19,O2_OgawaOgawa(1975)_298K_108-160nm(X).txt
118.15,2.29e-19,O2_OgawaOgawa(1975)_298K_108-160nm(X).txt
118.2,2.01e-19,O2_OgawaOgawa(1975)_298K_108-160nm(X).txt
118.25,1.58e-19,O2_OgawaOgawa(1975)_298K_108-160nm(X).txt
118.3,1.2e-19,O2_OgawaOgawa(1975)_298K_108-160nm(X).txt
118.4,6.9e-20,O2_OgawaOgawa(1975)_298K_108-160nm(X).txt
118.5,5.5e-20,O2_OgawaOgawa(1975)_298K_108-160nm(X).txt
118.6,2.2e-20,O2_OgawaOgawa(1975)_298K_108-160nm(X).txt
118.7,8e-21,O2_OgawaOgawa(1975)_298K_108-160nm(X).txt
118.8,1.1e-20,O2_OgawaOgawa(1975)_298K_108-160nm(X).txt
118.9,2.3e-20,O2_OgawaOgawa(1975)_298K_108-160nm(X).txt
119.0,4.7e-20,O2_OgawaOgawa(1975)_298K_108-160nm(X).txt
119.1,9.5e-20,O2_OgawaOgawa(1975)_298K_108-160nm(X).txt
119.2,1.41e-19,O2_OgawaOgawa(1975)_298K_108-160nm(X).txt
119.3,2.06e-19,O2_OgawaOgawa(1975)_298K_108-160nm(X).txt
119.34,2.56e-19,O2_OgawaOgawa(1975)_298K_108-160nm(X).txt
119.4,3.05e-19,O2_OgawaOgawa(1975)_298K_108-160nm(X).txt
119.5,4.35e-19,O2_OgawaOgawa(1975)_298K_108-160nm(X).txt
119.6,6.95e-19,O2_OgawaOgawa(1975)_298K_108-160nm(X).txt
119.62,8.01e-19,O2_OgawaOgawa(1975)_298K_108-160nm(X).txt
119.65,8.03e-19,O2_OgawaOgawa(1975)_298K_108-160nm(X).txt
119.67,8.23e-19,O2_OgawaOgawa(1975)_298K_108-160nm(X).txt
119.7,8.14e-19,O2_OgawaOgawa(1975)_298K_108-160nm(X).txt
119.75,9.11e-19,O2_OgawaOgawa(1975)_298K_108-160nm(X).txt
119.8,9.56e-19,O2_OgawaOgawa(1975)_298K_108-160nm(X).txt
119.9,1.29e-18,O2_OgawaOgawa(1975)_298K_108-160nm(X).txt
119.93,1.33e-18,O2_OgawaOgawa(1975)_298K_108-160nm(X).txt
119.95,1.41e-18,O2_OgawaOgawa(1975)_298K_108-160nm(X).txt
119.97,1.5e-18,O2_OgawaOgawa(1975)_298K_108-160nm(X).txt
120.0,1.6e-18,O2_OgawaOgawa(1975)_298K_108-160nm(X).txt
120.2,3.63e-18,O2_OgawaOgawa(1975)_298K_108-160nm(X).txt
120.4,1e-17,O2_OgawaOgawa(1975)_298K_108-160nm(X).txt
120.6,1.62e-17,O2_OgawaOgawa(1975)_298K_108-160nm(X).txt
120.8,1.06e-17,O2_OgawaOgawa(1975)_298K_108-160nm(X).txt
120.9,3.87e-18,O2_OgawaOgawa(1975)_298K_108-160nm(X).txt
121.0,2.27e-18,O2_OgawaOgawa(1975)_298K_108-160nm(X).txt
121.1,8.78e-19,O2_OgawaOgawa(1975)_298K_108-160nm(X).txt
121.2,4.72e-19,O2_OgawaOgawa(1975)_298K_108-160nm(X).txt
121.3,1.87e-19,O2_OgawaOgawa(1975)_298K_108-160nm(X).txt
121.4,7.9e-20,O2_OgawaOgawa(1975)_298K_108-160nm(X).txt
121.5,2e-20,O2_OgawaOgawa(1975)_298K_108-160nm(X).txt
121.6,1e-20,O2_OgawaOgawa(1975)_298K_108-160nm(X).txt
121.7,1.7e-20,O2_OgawaOgawa(1975)_298K_108-160nm(X).txt
121.8,3.1e-20,O2_OgawaOgawa(1975)_298K_108-160nm(X).txt
121.9,6e-20,O2_OgawaOgawa(1975)_298K_108-160nm(X).txt
122.0,9.8e-20,O2_OgawaOgawa(1975)_298K_108-160nm(X).txt
122.1,1.6e-19,O2_OgawaOgawa(1975)_298K_108-160nm(X).txt
122.2,2.83e-19,O2_OgawaOgawa(1975)_298K_108-160nm(X).txt
122.23,2.07e-19,O2_OgawaOgawa(1975)_298K_108-160nm(X).txt
122.26,2.98e-19,O2_OgawaOgawa(1975)_298K_108-160nm(X).txt
122.3,2.53e-19,O2_OgawaOgawa(1975)_298K_108-160nm(X).txt
122.4,2.42e-19,O2_OgawaOgawa(1975)_298K_108-160nm(X).txt
122.5,2.46e-19,O2_OgawaOgawa(1975)_298K_108-160nm(X).txt
122.6,2.93e-19,O2_OgawaOgawa(1975)_298K_108-160nm(X).txt
122.7,3.17e-19,O2_OgawaOgawa(1975)_298K_108-160nm(X).txt
122.8,3.6e-19,O2_OgawaOgawa(1975)_298K_108-160nm(X).txt
122.9,3.47e-19,O2_OgawaOgawa(1975)_298K_108-160nm(X).txt
122.96,3.4e-19,O2_OgawaOgawa(1975)_298K_108-160nm(X).txt
123.0,3.61e-19,O2_OgawaOgawa(1975)_298K_108-160nm(X).txt
123.1,3.67e-19,O2_OgawaOgawa(1975)_298K_108-160nm(X).txt
123.15,3.92e-19,O2_OgawaOgawa(1975)_298K_108-160nm(X).txt
123.2,4.09e-19,O2_OgawaOgawa(1975)_298K_108-160nm(X).txt
123.3,7.35e-19,O2_OgawaOgawa(1975)_298K_108-160nm(X).txt
123.35,5.44e-19,O2_OgawaOgawa(1975)_298K_108-160nm(X).txt
123.4,7.12e-19,O2_OgawaOgawa(1975)_298K_108-160nm(X).txt
123.45,4.8e-19,O2_OgawaOgawa(1975)_298K_108-160nm(X).txt
123.5,4.57e-19,O2_OgawaOgawa(1975)_298K_108-160nm(X).txt
123.7,3.79e-19,O2_OgawaOgawa(1975)_298K_108-160nm(X).txt
123.8,3.08e-19,O2_OgawaOgawa(1975)_298K_108-160nm(X).txt
123.89,2.75e-19,O2_OgawaOgawa(1975)_298K_108-160nm(X).txt
124.0,1.89e-19,O2_OgawaOgawa(1975)_298K_108-160nm(X).txt
124.1,1.45e-19,O2_OgawaOgawa(1975)_298K_108-160nm(X).txt
124.2,6.14e-19,O2_OgawaOgawa(1975)_298K_108-160nm(X).txt
124.25,2.9e-18,O2_OgawaOgawa(1975)_298K_108-160nm(X).txt
124.3,1.43e-17,O2_OgawaOgawa(1975)_298K_108-160nm(X).txt
124.35,4.38e-17,O2_OgawaOgawa(1975)_298K_108-160nm(X).txt
124.4,3.38e-17,O2_OgawaOgawa(1975)_298K_108-160nm(X).txt
124.45,5.76e-17,O2_OgawaOgawa(1975)_298K_108-160nm(X).txt
124.5,1.45e-17,O2_OgawaOgawa(1975)_298K_108-160nm(X).txt
124.55,7.32e-18,O2_OgawaOgawa(1975)_298K_108-160nm(X).txt
124.6,3.57e-18,O2_OgawaOgawa(1975)_298K_108-160nm(X).txt
124.65,2.56e-18,O2_OgawaOgawa(1975)_298K_108-160nm(X).txt
124.7,2.42e-18,O2_OgawaOgawa(1975)_298K_108-160nm(X).txt
124.8,1.73e-18,O2_OgawaOgawa(1975)_298K_108-160nm(X).txt
124.9,1.54e-18,O2_OgawaOgawa(1975)_298K_108-160nm(X).txt
125.0,1.31e-18,O2_OgawaOgawa(1975)_298K_108-160nm(X).txt
125.05,1.43e-18,O2_OgawaOgawa(1975)_298K_108-160nm(X).txt
125.2,1.07e-18,O2_OgawaOgawa(1975)_298K_108-160nm(X).txt
125.4,8.44e-19,O2_OgawaOgawa(1975)_298K_108-160nm(X).txt
125.53,7.51e-19,O2_OgawaOgawa(1975)_298K_108-160nm(X).txt
125.6,6.73e-19,O2_OgawaOgawa(1975)_298K_108-160nm(X).txt
125.8,5.17e-19,O2_OgawaOgawa(1975)_298K_108-160nm(X).txt
126.0,3.83e-19,O2_OgawaOgawa(1975)_298K_108-160nm(X).txt
126.2,5.06e-19,O2_OgawaOgawa(1975)_298K_108-160nm(X).txt
126.25,3.64e-19,O2_OgawaOgawa(1975)_298K_108-160nm(X).txt
126.29,4.59e-19,O2_OgawaOgawa(1975)_298K_108-160nm(X).txt
126.3,3.7e-19,O2_OgawaOgawa(1975)_298K_108-160nm(X).txt
126.33,2.9e-19,O2_OgawaOgawa(1975)_298K_108-160nm(X).txt
126.35,2.8e-19,O2_OgawaOgawa(1975)_298K_108-160nm(X).txt
126.4,2.45e-19,O2_OgawaOgawa(1975)_298K_108-160nm(X).txt
126.5,2.01e-19,O2_OgawaOgawa(1975)_298K_108-160nm(X).txt
126.56,1.65e-19,O2_OgawaOgawa(1975)_298K_108-160nm(X).txt
126.6,1.62e-19,O2_OgawaOgawa(1975)_298K_108-160nm(X).txt
126.63,1.51e-19,O2_OgawaOgawa(1975)_298K_108-160nm(X).txt
126.8,1.28e-19,O2_OgawaOgawa(1975)_298K_108-160nm(X).txt
126.85,8.9e-20,O2_OgawaOgawa(1975)_298K_108-160nm(X).txt
126.9,1.11e-19,O2_OgawaOgawa(1975)_298K_108-160nm(X).txt
127.0,7.8e-20,O2_OgawaOgawa(1975)_298K_108-160nm(X).txt
127.1,5.9e-20,O2_OgawaOgawa(1975)_298K_108-160nm(X).txt
127.2,6.8e-20,O2_OgawaOgawa(1975)_298K_108-160nm(X).txt
127.4,8.2e-20,O2_OgawaOgawa(1975)_298K_108-160nm(X).txt
127.6,1.31e-19,O2_OgawaOgawa(1975)_298K_108-160nm(X).txt
127.8,1.95e-19,O2_OgawaOgawa(1975)_298K_108-160nm(X).txt
128.0,2.52e-19,O2_OgawaOgawa(1975)_298K_108-160nm(X).txt
128.2,3.24e-19,O2_OgawaOgawa(1975)_298K_108-160nm(X).txt
128.3,3.53e-19,O2_OgawaOgawa(1975)_298K_108-160nm(X).txt
128.42,4.04e-19,O2_OgawaOgawa(1975)_298K_108-160nm(X).txt
128.6,4.33e-19,O2_OgawaOgawa(1975)_298K_108-160nm(X).txt
128.8,4.99e-19,O2_OgawaOgawa(1975)_298K_108-160nm(X).txt
129.0,4.94e-19,O2_OgawaOgawa(1975)_298K_108-160nm(X).txt
129.2,5.33e-19,O2_OgawaOgawa(1975)_298K_108-160nm(X).txt
129.4,5.89e-19,O2_OgawaOgawa(1975)_298K_108-160nm(X).txt
129.6,5.62e-19,O2_OgawaOgawa(1975)_298K_108-160nm(X).txt
129.8,5.27e-19,O2_OgawaOgawa(1975)_298K_108-160nm(X).txt
130.0,4.7e-19,O2_OgawaOgawa(1975)_298K_108-160nm(X).txt
130.5,3.72e-19,O2_OgawaOgawa(1975)_298K_108-160nm(X).txt
130.8,3.46e-19,O2_OgawaOgawa(1975)_298K_108-160nm(X).txt
131.1,4.17e-19,O2_OgawaOgawa(1975)_298K_108-160nm(X).txt
131.5,5.91e-19,O2_OgawaOgawa(1975)_298K_108-160nm(X).txt
131.9,1.09e-18,O2_OgawaOgawa(1975)_298K_108-160nm(X).txt
132.4,1.78e-18,O2_OgawaOgawa(1975)_298K_108-160nm(X).txt
133.0,2.34e-18,O2_OgawaOgawa(1975)_298K_108-160nm(X).txt
133.5,2.48e-18,O2_OgawaOgawa(1975)_298K_108-160nm(X).txt
134.0,2.4e-18,O2_OgawaOgawa(1975)_298K_108-160nm(X).txt
134.5,2.72e-18,O2_OgawaOgawa(1975)_298K_108-160nm(X).txt
135.1,7.21e-18,O2_OgawaOgawa(1975)_298K_108-160nm(X).txt
135.5,7.02e-18,O2_OgawaOgawa(1975)_298K_108-160nm(X).txt
136.0,7.55e-18,O2_OgawaOgawa(1975)_298K_108-160nm(X).txt
136.2,8.55e-18,O2_OgawaOgawa(1975)_298K_108-160nm(X).txt
137.0,1.19e-17,O2_OgawaOgawa(1975)_298K_108-160nm(X).txt
137.4,1.29e-17,O2_OgawaOgawa(1975)_298K_108-160nm(X).txt
137.8,1.39e-17,O2_OgawaOgawa(1975)_298K_108-160nm(X).txt
138.5,1.43e-17,O2_OgawaOgawa(1975)_298K_108-160nm(X).txt
139.0,1.45e-17,O2_OgawaOgawa(1975)_298K_108-160nm(X).txt
140.0,1.5e-17,O2_OgawaOgawa(1975)_298K_108-160nm(X).txt
140.6,1.51e-17,O2_OgawaOgawa(1975)_298K_108-160nm(X).txt
142.0,1.52e-17,O2_OgawaOgawa(1975)_298K_108-160nm(X).txt
143.0,1.53e-17,O2_OgawaOgawa(1975)_298K_108-160nm(X).txt
144.25,1.52e-17,O2_OgawaOgawa(1975)_298K_108-160nm(X).txt
144.4,1.51e-17,O2_OgawaOgawa(1975)_298K_108-160nm(X).txt
144.5,1.5e-17,O2_OgawaOgawa(1975)_298K_108-160nm(X).txt
145.0,1.49e-17,O2_OgawaOgawa(1975)_298K_108-160nm(X).txt
145.55,1.48e-17,O2_OgawaOgawa(1975)_298K_108-160nm(X).txt
146.0,1.47e-17,O2_OgawaOgawa(1975)_298K_108-160nm(X).txt
146.5,1.39e-17,O2_OgawaOgawa(1975)_298K_108-160nm(X).txt
147.5,1.34e-17,O2_OgawaOgawa(1975)_298K_108-160nm(X).txt
147.9,1.33e-17,O2_OgawaOgawa(1975)_298K_108-160nm(X).txt
148.0,1.33e-17,O2_OgawaOgawa(1975)_298K_108-160nm(X).txt
148.15,1.32e-17,O2_OgawaOgawa(1975)_298K_108-160nm(X).txt
148.2,1.32e-17,O2_OgawaOgawa(1975)_298K_108-160nm(X).txt
148.5,1.29e-17,O2_OgawaOgawa(1975)_298K_108-160nm(X).txt
148.64,1.27e-17,O2_OgawaOgawa(1975)_298K_108-160nm(X).txt
148.65,1.27e-17,O2_OgawaOgawa(1975)_298K_108-160nm(X).txt
148.7,1.26e-17,O2_OgawaOgawa(1975)_298K_108-160nm(X).txt
148.9,1.25e-17,O2_OgawaOgawa(1975)_298K_108-160nm(X).txt
149.0,1.25e-17,O2_OgawaOgawa(1975)_298K_108-160nm(X).txt
149.1,1.24e-17,O2_OgawaOgawa(1975)_298K_108-160nm(X).txt
149.6,1.22e-17,O2_OgawaOgawa(1975)_298K_108-160nm(X).txt
150.0,1.2e-17,O2_OgawaOgawa(1975)_298K_108-160nm(X).txt
152.0,1.06e-17,O2_OgawaOgawa(1975)_298K_108-160nm(X).txt
154.0,8.93e-18,O2_OgawaOgawa(1975)_298K_108-160nm(X).txt
156.0,7.66e-18,O2_OgawaOgawa(1975)_298K_108-160nm(X).txt
158.0,5.99e-18,O2_OgawaOgawa(1975)_298K_108-160nm(X).txt
160.0,4.2e-18,O2_OgawaOgawa(1975)_298K_108-160nm(X).txt
160.2,4.47e-18,O2_Hudson(1966)_300K_159-179nm.txt
161.3,3.82e-18,O2_Hudson(1966)_300K_159-179nm.txt
162.35,3.28e-18,O2_Hudson(1966)_300K_159-179nm.txt
163.35,2.78e-18,O2_Hudson(1966)_300K_159-179nm.txt
164.4,2.33e-18,O2_Hudson(1966)_300K_159-179nm.txt
165.4,1.96e-18,O2_Hudson(1966)_300K_159-179nm.txt
166.3,1.67e-18,O2_Hudson(1966)_300K_159-179nm.txt
167.1,1.44e-18,O2_Hudson(1966)_300K_159-179nm.txt
168.2,1.18e-18,O2_Hudson(1966)_300K_159-179nm.txt
168.9,1.02e-18,O2_Hudson(1966)_300K_159-179nm.txt
170.2,7.9e-19,O2_Hudson(1966)_300K_159-179nm.txt
171.2,6.39e-19,O2_Hudson(1966)_300K_159-179nm.txt
172.2,5.1e-19,O2_Hudson(1966)_300K_159-179nm.txt
173.2,4.03e-19,O2_Hudson(1966)_300K_159-179nm.txt
174.2,3.21e-19,O2_Hudson(1966)_300K_159-179nm.txt
175.0,2.4e-19,O2_Hudson(1966)_300K_159-179nm.txt
175.5,1.1e-19,O2_Hudson(1966)_300K_159-179nm.txt
176.0,5.7e-20,O2_Hudson(1966)_300K_159-179nm.txt
177.0,1.5e-20,O2_Hudson(1966)_300K_159-179nm.txt
178.0,4e-21,O2_Hudson(1966)_300K_159-179nm.txt
179.0,1e-21,O2_Hudson(1966)_300K_159-179nm.txt
180.801,1.21e-20,O2_Ackerman(1970)_300K_176-201nm.txt
180.91,1.15e-20,O2_Ackerman(1970)_300K_176-201nm.txt
181.407,1.9e-21,O2_Ackerman(1970)_300K_176-201nm.txt
181.692,1.6e-19,O2_Ackerman(1970)_300K_176-201nm.txt
183.651,4.24e-21,O2_Ackerman(1970)_300K_176-201nm.txt
184.115,2.87e-22,O2_Ackerman(1970)_300K_176-201nm.txt
184.144,7.54e-21,O2_Ackerman(1970)_300K_176-201nm.txt
184.376,2.11e-21,O2_Ackerman(1970)_300K_176-201nm.txt
184.551,5.12e-22,O2_Ackerman(1970)_300K_176-201nm.txt
184.611,1.85e-21,O2_Ackerman(1970)_300K_176-201nm.txt
184.747,3.83e-20,O2_Ackerman(1970)_300K_176-201nm.txt
184.815,7.71e-21,O2_Ackerman(1970)_300K_176-201nm.txt
184.874,3.39e-21,O2_Ackerman(1970)_300K_176-201nm.txt
185.067,1.31e-20,O2_Ackerman(1970)_300K_176-201nm.txt
185.247,1.11e-21,O2_Ackerman(1970)_300K_176-201nm.txt
187.31,3.14e-22,O2_Ackerman(1970)_300K_176-201nm.txt
187.484,4.28e-22,O2_Ackerman(1970)_300K_176-201nm.txt
187.581,1.5e-22,O2_Ackerman(1970)_300K_176-201nm.txt
188.185,8.28e-22,O2_Ackerman(1970)_300K_176-201nm.txt
188.769,1.71e-20,O2_Ackerman(1970)_300K_176-201nm.txt
189.325,1.23e-21,O2_Ackerman(1970)_300K_176-201nm.txt
190.133,3.06e-22,O2_Ackerman(1970)_300K_176-201nm.txt
190.466,5.26e-22,O2_Ackerman(1970)_300K_176-201nm.txt
195.496,2.4e-23,O2_Ackerman(1970)_300K_176-201nm.txt
197.759,1.9e-23,O2_Ackerman(1970)_300K_176-201nm.txt
197.92,1.8e-23,O2_Ackerman(1970)_300K_176-201nm.txt
198.061,2.5e-23,O2_Ackerman(1970)_300K_176-201nm.txt
198.323,2.3e-23,O2_Ackerman(1970)_300K_176-201nm.txt
198.636,4.6e-23,O2_Ackerman(1970)_300K_176-201nm.txt
198.899,2e-23,O2_Ackerman(1970)_300K_176-201nm.txt
199.185,1.5e-23,O2_Ackerman(1970)_300K_176-201nm.txt
200.909,4e-23,O2_Ackerman(1970)_300K_176-201nm.txt
201.164,1.6e-23,O2_Ackerman(1970)_300K_176-201nm.txt
202.1,1.91e-23,O2_Ogawa(1971)_298K_181-235nm.txt
202.23,1.91e-23,O2_Ogawa(1971)_298K_181-235nm.txt
202.54,1.94e-23,O2_Ogawa(1971)_298K_181-235nm.txt
203.2,1.93e-23,O2_Ogawa(1971)_298K_181-235nm.txt
204.0,1.88e-23,O2_Ogawa(1971)_298K_181-235nm.txt
205.0,1.81e-23,O2_Ogawa(1971)_298K_181-235nm.txt
210.0,1.63e-23,O2_Ogawa(1971)_298K_181-235nm.txt
215.0,1.42e-23,O2_Ogawa(1971)_298K_181-235nm.txt
220.0,1.05e-23,O2_Ogawa(1971)_298K_181-235nm.txt
225.0,8.71e-24,O2_Ogawa(1971)_298K_181-235nm.txt
230.0,7.24e-24,O2_Ogawa(1971)_298K_181-235nm.txt
235.0,6.23e-24,O2_Ogawa(1971)_298K_181-235nm.txt
240.0,1.4e-24,O2_ShardanandPrasadRao(1977)_300K_200-250nm.txt
245.0,4.5e-25,O2_ShardanandPrasadRao(1977)_300K_200-250nm.txt
250.0,2e-25,O2_ShardanandPrasadRao(1977)_300K_200-250nm.txt
